"datagovuk-url","package-id","package-name","package-metadata-created","package-metadata-modified","guid","resource-id","resource-url","resource-created","resource-last-modified","resource-metadata-modified","org-name","org-id","http-status","category","error-detail","original-http-status","original-category","original-error-detail","to-delete","checked-at"
"https://www.data.gov.uk/dataset/3e4158e3-b8b3-48b2-9b88-ca6aed268868/article-4-directions","3e4158e3-b8b3-48b2-9b88-ca6aed268868","article-4-directions","2013-11-11","2020-02-14","d26b69ee-f306-429e-8388-f80f8993380b","f40371ee-34e3-4850-b7b2-230df9152ba3","https://maps.dartmoor.gov.uk/geoserver/inspire/wms?service=WMS&request=GetCapabilities","2020-02-14","","2020-02-14","dartmoor-national-park-authority","8011259e-de10-49e4-a010-169eb93d703c","","DNS_ERROR","Cannot connect to host maps.dartmoor.gov.uk:443 ssl:default [Name or service not known]","","DNS_ERROR","HTTPSConnectionPool(host='maps.dartmoor.gov.uk', port=443): Max retries exceeded with url: /geoserver/inspire/wms?service=WMS&request=GetCapabilities (Caused by NameResolutionError(""HTTPSConnection(host='maps.dartmoor.gov.uk', port=443): Failed to resolve 'maps.dartmoor.gov.uk' ([Errno -2] Name or service not known)""))","TRUE","2026-06-15T16:41+00:00"
"https://www.data.gov.uk/dataset/abedc1fc-2212-4d5e-b882-ce222048f8b6/dft-energy-use","abedc1fc-2212-4d5e-b882-ce222048f8b6","dft-energy-use","2010-07-27","2014-05-09","","57610057-de4c-48d2-a31f-f56a84471212","http://www.ecodriver.uk.com/eCMS/viewfiles.asp?folder=DFT","","","","department-for-transport","e4900b3b-a7f8-447a-bd5e-43735f8f1b4a","","DNS_ERROR","Cannot connect to host www.ecodriver.uk.com:80 ssl:default [Name or service not known]","","DNS_ERROR","HTTPConnectionPool(host='www.ecodriver.uk.com', port=80): Max retries exceeded with url: /eCMS/viewfiles.asp?folder=DFT (Caused by NameResolutionError(""HTTPConnection(host='www.ecodriver.uk.com', port=80): Failed to resolve 'www.ecodriver.uk.com' ([Errno -2] Name or service not known)""))","TRUE","2026-06-15T17:32+00:00"
"https://www.data.gov.uk/dataset/f2b021c6-9812-464f-a1d3-399c982ae248/dartmoor-neighbourhood-plan-areas","f2b021c6-9812-464f-a1d3-399c982ae248","dartmoor-neighbourhood-plan-areas","2016-07-07","2021-10-11","","107418b7-33c2-4075-80d4-e3b87d9edb8c","http://maps.dartmoor.gov.uk/geoserver/general/ows?service=WFS&version=1.0.0&request=GetFeature&typeName=general:neighbourhood_plans&outputFormat=json","2016-07-07","","2021-10-11","dartmoor-national-park-authority","8011259e-de10-49e4-a010-169eb93d703c","","DNS_ERROR","Cannot connect to host maps.dartmoor.gov.uk:80 ssl:default [Name or service not known]","","DNS_ERROR","HTTPConnectionPool(host='maps.dartmoor.gov.uk', port=80): Max retries exceeded with url: /geoserver/general/ows?service=WFS&version=1.0.0&request=GetFeature&typeName=general:neighbourhood_plans&outputFormat=json (Caused by NameResolutionError(""HTTPConnection(host='maps.dartmoor.gov.uk', port=80): Failed to resolve 'maps.dartmoor.gov.uk' ([Errno -2] Name or service not known)""))","TRUE","2026-06-15T16:55+00:00"
"https://www.data.gov.uk/dataset/61eaa66f-d1c3-47a6-8ec2-8c17fc826f0b/quarterly_bus_statistics","61eaa66f-d1c3-47a6-8ec2-8c17fc826f0b","quarterly_bus_statistics","2011-12-11","2014-09-23","","b183b1f7-d25e-4824-8df9-6651be97c82e","https://www.gov.uk/government/publications/quarterly-bus-statistics-apr-to-jun-q2-2013","2013-10-01","","2013-10-01","department-for-transport","e4900b3b-a7f8-447a-bd5e-43735f8f1b4a","404","NOT_FOUND","","404","NOT_FOUND","","TRUE","2026-06-15T20:33+00:00"
"https://www.data.gov.uk/dataset/247d5848-db8f-4a4f-87cd-99b6f77282e7/reliability_of_journeys_on_the_highways_agencys_motorway_and_a_road_network_","247d5848-db8f-4a4f-87cd-99b6f77282e7","reliability_of_journeys_on_the_highways_agencys_motorway_and_a_road_network_","2012-01-12","2014-08-14","","5255cb61-067c-4114-9e49-7c872a58572b","https://www.gov.uk/government/publications/reliability-of-journeys-on-highways-agencys-motorway-and-a-road-network-august-2012","2013-07-01","","2013-07-01","department-for-transport","e4900b3b-a7f8-447a-bd5e-43735f8f1b4a","404","NOT_FOUND","","404","NOT_FOUND","","TRUE","2026-06-15T19:37+00:00"
"https://www.data.gov.uk/dataset/91765ff4-743f-4ba8-bfde-737bd1d0f921/dft-gpc-spend","91765ff4-743f-4ba8-bfde-737bd1d0f921","dft-gpc-spend","2011-10-27","2026-04-08","","f611c9bd-5cd5-4b6e-b3d0-38f910f254f1","https://assets.publishing.service.gov.uk/government/uploads/system/uploads/attachment_data/file/1093268/dft-spending-over-500-april-2022.csv/preview","2022-07-28","","2022-07-28","department-for-transport","e4900b3b-a7f8-447a-bd5e-43735f8f1b4a","404","NOT_FOUND","","404","NOT_FOUND","","TRUE","2026-06-15T19:46+00:00"
"https://www.data.gov.uk/dataset/8740c89f-5569-4429-bc9f-308d6edd6f5a/dft-workforce-management-information","8740c89f-5569-4429-bc9f-308d6edd6f5a","dft-workforce-management-information","2011-10-27","2026-05-20","","acbc5702-ccf1-479b-8762-fb2037f15aec","https://assets.publishing.service.gov.uk/government/uploads/system/uploads/attachment_data/file/1064789/dft-workforce-management-information-february-2022.csv/preview","2022-03-31","","2022-03-31","department-for-transport","e4900b3b-a7f8-447a-bd5e-43735f8f1b4a","404","NOT_FOUND","","404","NOT_FOUND","","TRUE","2026-06-15T19:42+00:00"
"https://www.data.gov.uk/dataset/91765ff4-743f-4ba8-bfde-737bd1d0f921/dft-gpc-spend","91765ff4-743f-4ba8-bfde-737bd1d0f921","dft-gpc-spend","2011-10-27","2026-04-08","","5d74c63c-4b9c-4186-a4bc-49a292950e14","http://data.dft.gov.uk/gpc-spend/dft-gpc-spend-201212.csv","2016-07-13","","2021-08-26","department-for-transport","e4900b3b-a7f8-447a-bd5e-43735f8f1b4a","404","NOT_FOUND","","404","NOT_FOUND","","TRUE","2026-06-15T17:08+00:00"
"https://www.data.gov.uk/dataset/91532755-4704-48aa-aae5-ca602148a22f/plymouth-wellbeing-survey-2015","91532755-4704-48aa-aae5-ca602148a22f","plymouth-wellbeing-survey-2015","2016-12-19","2016-12-19","91532755-4704-48aa-aae5-ca602148a22f","4540a2fb-732a-447f-9f90-61cf54304431","http://www.thedata.place/dataset/91532755-4704-48aa-aae5-ca602148a22f/resource/4540a2fb-732a-447f-9f90-61cf54304431/download/wellbeingsurvey2014.csv","2016-03-01","2016-03-01","2016-03-01","plymouth-city-council","00cb3d53-764a-466b-878d-6976afaf1bfe","403","OTHER_CLIENT_ERROR","","404","NOT_FOUND","","TRUE","2026-06-15T17:02+00:00"
"https://www.data.gov.uk/dataset/52e1e2ab-5687-489b-a4d8-b207cd5d6767/roadside-survey-of-vehicles","52e1e2ab-5687-489b-a4d8-b207cd5d6767","roadside-survey-of-vehicles","2012-07-17","2017-03-16","","1cc1fb50-1929-4e9f-ad41-4480821d0c7d","http://data.dft.gov.uk/anonymised-roadside-survey/2009RoadsideSurvey.zip","2012-07-18","","2012-07-18","department-for-transport","e4900b3b-a7f8-447a-bd5e-43735f8f1b4a","404","NOT_FOUND","","404","NOT_FOUND","","TRUE","2026-06-15T16:46+00:00"
"https://www.data.gov.uk/dataset/67789bdd-7ccc-4e31-b1fb-4acec1e1361a/equality-monitoring-annual","67789bdd-7ccc-4e31-b1fb-4acec1e1361a","equality-monitoring-annual","2012-02-15","2013-08-12","","e3de3dc9-adaa-401f-b63d-fd699eaeddf3","http://assets.dft.gov.uk/publications/dft-equality-monitoring-annual-summary/csv-equality-monitoring-2010-11-annex-tables-charts.csv","","","","department-for-transport","e4900b3b-a7f8-447a-bd5e-43735f8f1b4a","404","NOT_FOUND","","404","NOT_FOUND","","TRUE","2026-06-15T17:18+00:00"
"https://www.data.gov.uk/dataset/7d77ca62-817b-4a01-9cfc-cbc0d4c1696b/conservation-areas123","7d77ca62-817b-4a01-9cfc-cbc0d4c1696b","conservation-areas123","2024-11-02","2024-11-02","7d77ca62-817b-4a01-9cfc-cbc0d4c1696b","1f4590e9-28f8-4b73-aad6-911ea81901e4","https://plymouth.thedata.place/dataset/7d77ca62-817b-4a01-9cfc-cbc0d4c1696b/resource/1f4590e9-28f8-4b73-aad6-911ea81901e4/download/conservation_area_documents_plymouth.csv","2024-10-21","","2024-11-02","plymouth-city-council","00cb3d53-764a-466b-878d-6976afaf1bfe","404","NOT_FOUND","","404","NOT_FOUND","","TRUE","2026-06-15T17:44+00:00"
"https://www.data.gov.uk/dataset/141f53ae-b285-4e10-a214-6dfe4004ad14/transport-accessibility-data","141f53ae-b285-4e10-a214-6dfe4004ad14","transport-accessibility-data","2013-12-17","2016-11-16","","5dfe6065-efe6-4541-8c12-a335f8d7ec40","http://www.journeyweb.org.uk/accessibility/Accessibility-Data.zip","2013-12-17","","2013-12-17","department-for-transport","e4900b3b-a7f8-447a-bd5e-43735f8f1b4a","404","NOT_FOUND","","404","NOT_FOUND","","TRUE","2026-06-15T16:29+00:00"
"https://www.data.gov.uk/dataset/c8192df5-642b-49d1-a6c2-249c84baaed8/rail_infrastrcture","c8192df5-642b-49d1-a6c2-249c84baaed8","rail_infrastrcture","2013-03-08","2020-10-08","","aa310805-30fc-4709-b53d-2f2b5270db0d","https://dataportal.orr.gov.uk/statistics/infrastructure-and-emissions/asset-condition/station-stewardship-measure-for-category-a-stations-table-294/","2016-04-04","","2016-04-04","office-of-rail-and-road","b4acafd0-ade7-4d67-a0ec-3a30a1896f9f","404","NOT_FOUND","","404","NOT_FOUND","","TRUE","2026-06-15T17:46+00:00"
"https://www.data.gov.uk/dataset/72fe86bb-d552-4fee-913f-14f2bfdadc69/premises-licences-plymouth-city-council","72fe86bb-d552-4fee-913f-14f2bfdadc69","premises-licences-plymouth-city-council","2015-03-23","2015-03-23","","1f548319-bf45-48f7-84bd-9da1496a7a52","http://www.plymouth.gov.uk/pcc_licenced_premises.csv","2015-03-23","","2015-03-23","plymouth-city-council","00cb3d53-764a-466b-878d-6976afaf1bfe","404","NOT_FOUND","","404","NOT_FOUND","","TRUE","2026-06-15T16:30+00:00"
"https://www.data.gov.uk/dataset/3352b74f-6943-4b85-8a03-f16be190c0de/gpc-spend-financial-transactions-data-nhs-blood-and-transplant","3352b74f-6943-4b85-8a03-f16be190c0de","gpc-spend-financial-transactions-data-nhs-blood-and-transplant","2012-01-31","2014-10-30","","edc0044a-e8a7-4539-847b-89b4f68814bf","http://www.nhsbt.nhs.uk/download/gpc_spend_january_2014.xls","2014-03-10","","2014-03-10","nhs-blood-and-transplant","51947347-20a4-4253-a9e1-2506b6d91c97","404","NOT_FOUND","","404","NOT_FOUND","","TRUE","2026-06-15T16:39+00:00"
"https://www.data.gov.uk/dataset/4f61e6de-6737-481d-a0f2-6a5ed6efc676/compendia","4f61e6de-6737-481d-a0f2-6a5ed6efc676","compendia","2020-07-31","2020-10-08","","6b949404-2f10-45c0-8c46-cc9c94505a8f","https://dataportal.orr.gov.uk/media/1768/table-2211-hull-trains.ods","2020-07-31","","2020-07-31","office-of-rail-and-road","b4acafd0-ade7-4d67-a0ec-3a30a1896f9f","404","NOT_FOUND","","404","NOT_FOUND","","TRUE","2026-06-15T17:03+00:00"
"https://www.data.gov.uk/dataset/9990e7c7-592e-4809-8014-22554f70789e/life-expectancy-plymouth","9990e7c7-592e-4809-8014-22554f70789e","life-expectancy-plymouth","2016-12-19","2016-12-19","9990e7c7-592e-4809-8014-22554f70789e","e44224aa-f66d-4e76-9b8c-a023bd32b57a","http://www.thedata.place/dataset/9990e7c7-592e-4809-8014-22554f70789e/resource/e44224aa-f66d-4e76-9b8c-a023bd32b57a/download/2-life-expectancy-males-2010-2014.csv","2016-11-17","2016-11-17","2016-11-17","plymouth-city-council","00cb3d53-764a-466b-878d-6976afaf1bfe","403","OTHER_CLIENT_ERROR","","404","NOT_FOUND","","TRUE","2026-06-15T17:06+00:00"
"https://www.data.gov.uk/dataset/7268ce51-7e05-4420-b50d-81503721c88c/financial-transactions-data-nhs-blood-and-transplant","7268ce51-7e05-4420-b50d-81503721c88c","financial-transactions-data-nhs-blood-and-transplant","2010-11-23","2014-03-10","","b3316ccd-341b-4ee6-a555-81742e93314b","http://www.nhsbt.nhs.uk/download/201310_Transparency_Spend.csv","2014-03-10","","2014-03-10","nhs-blood-and-transplant","51947347-20a4-4253-a9e1-2506b6d91c97","404","NOT_FOUND","","404","NOT_FOUND","","TRUE","2026-06-15T16:48+00:00"
"https://www.data.gov.uk/dataset/34645d23-eb89-4b47-9ac3-6d9d048b1393/dnpa-mineral-extraction-areas-old","34645d23-eb89-4b47-9ac3-6d9d048b1393","dnpa-mineral-extraction-areas-old","2013-11-21","2020-02-13","551c1528-ab74-4ca0-8514-d005ea3c47e3","3f105390-7d00-4d3e-993f-395e8e9f353a","https://maps.dartmoor.gov.uk/geoserver/inspire/wms?service=WMS&request=GetCapabilities","2020-02-13","","2020-02-13","dartmoor-national-park-authority","8011259e-de10-49e4-a010-169eb93d703c","","DNS_ERROR","Cannot connect to host maps.dartmoor.gov.uk:443 ssl:default [Name or service not known]","","DNS_ERROR","HTTPSConnectionPool(host='maps.dartmoor.gov.uk', port=443): Max retries exceeded with url: /geoserver/inspire/wms?service=WMS&request=GetCapabilities (Caused by NameResolutionError(""HTTPSConnection(host='maps.dartmoor.gov.uk', port=443): Failed to resolve 'maps.dartmoor.gov.uk' ([Errno -2] Name or service not known)""))","TRUE","2026-06-15T16:34+00:00"
"https://www.data.gov.uk/dataset/804be0c6-ae01-4899-bbb9-2317dff1a4f9/financial-transactions-data-dft","804be0c6-ae01-4899-bbb9-2317dff1a4f9","financial-transactions-data-dft","2010-11-19","2026-05-28","","a6ab7846-4167-4af8-8ce5-ba592a669b5e","https://assets.publishing.service.gov.uk/government/uploads/system/uploads/attachment_data/file/1062258/dft-spending-over-25000-january-2022.csv/preview","2022-03-31","","2022-03-31","department-for-transport","e4900b3b-a7f8-447a-bd5e-43735f8f1b4a","404","NOT_FOUND","","404","NOT_FOUND","","TRUE","2026-06-15T19:38+00:00"
"https://www.data.gov.uk/dataset/4f61e6de-6737-481d-a0f2-6a5ed6efc676/compendia","4f61e6de-6737-481d-a0f2-6a5ed6efc676","compendia","2020-07-31","2020-10-08","","76d5a6b8-2abd-4af4-8f96-16548a38dec1","https://dataportal.orr.gov.uk/media/1766/table-2209-great-western-railway.ods","2020-07-31","","2020-07-31","office-of-rail-and-road","b4acafd0-ade7-4d67-a0ec-3a30a1896f9f","404","NOT_FOUND","","404","NOT_FOUND","","TRUE","2026-06-15T17:05+00:00"
"https://www.data.gov.uk/dataset/db0e1f5e-9032-489f-b042-6c3169f7fe4a/rooms-bedrooms-and-central-heating-plymouth","db0e1f5e-9032-489f-b042-6c3169f7fe4a","rooms-bedrooms-and-central-heating-plymouth","2016-12-19","2016-12-19","db0e1f5e-9032-489f-b042-6c3169f7fe4a","3e5ad80a-200b-4224-aaed-3ec594cff091","http://www.thedata.place/dataset/db0e1f5e-9032-489f-b042-6c3169f7fe4a/resource/3e5ad80a-200b-4224-aaed-3ec594cff091/download/rooms-bedrooms-and-central-heating2011.csv","2016-10-06","2016-10-06","2016-10-06","plymouth-city-council","00cb3d53-764a-466b-878d-6976afaf1bfe","403","OTHER_CLIENT_ERROR","","404","NOT_FOUND","","TRUE","2026-06-15T17:12+00:00"
"https://www.data.gov.uk/dataset/7f06a77b-444e-490a-a505-8fc8ed62268f/vehicle_licensing_statistics_great_britain","7f06a77b-444e-490a-a505-8fc8ed62268f","vehicle_licensing_statistics_great_britain","2011-12-11","2016-01-26","","913f0a2f-02b3-457b-96ff-6354b0af97d8","https://www.gov.uk/government/statistical-data-sets/veh01-vehicles-registered-for-the-first-time","2013-10-01","","2013-10-01","department-for-transport","e4900b3b-a7f8-447a-bd5e-43735f8f1b4a","404","NOT_FOUND","","404","NOT_FOUND","","TRUE","2026-06-15T20:40+00:00"
"https://www.data.gov.uk/dataset/789fd6df-87a9-4144-bc59-62b0b84e59f0/dft-minister-external-meetings","789fd6df-87a9-4144-bc59-62b0b84e59f0","dft-minister-external-meetings","2011-12-09","2026-05-06","","78533d4c-21fd-45a8-b31c-b8fb74744b6a","http://data.dft.gov.uk/dft-minister-external-meetings/disclosure-minister-external-meetings-dft-apr-jun2012.csv","","","2021-10-21","department-for-transport","e4900b3b-a7f8-447a-bd5e-43735f8f1b4a","404","NOT_FOUND","","404","NOT_FOUND","","TRUE","2026-06-15T16:58+00:00"
"https://www.data.gov.uk/dataset/3352b74f-6943-4b85-8a03-f16be190c0de/gpc-spend-financial-transactions-data-nhs-blood-and-transplant","3352b74f-6943-4b85-8a03-f16be190c0de","gpc-spend-financial-transactions-data-nhs-blood-and-transplant","2012-01-31","2014-10-30","","185c0490-4c10-4b55-829c-57effe6485fd","http://www.nhsbt.nhs.uk/download/gpc_spend_november13.xls","2014-03-10","","2014-03-10","nhs-blood-and-transplant","51947347-20a4-4253-a9e1-2506b6d91c97","404","NOT_FOUND","","404","NOT_FOUND","","TRUE","2026-06-15T16:29+00:00"
"https://www.data.gov.uk/dataset/7f06a77b-444e-490a-a505-8fc8ed62268f/vehicle_licensing_statistics_great_britain","7f06a77b-444e-490a-a505-8fc8ed62268f","vehicle_licensing_statistics_great_britain","2011-12-11","2016-01-26","","44f6955b-fcf2-4286-97f3-30c93b62b792","https://www.gov.uk/government/statistical-data-sets/veh01-vehicles-registered-for-the-first-time","2013-03-12","","2013-03-12","department-for-transport","e4900b3b-a7f8-447a-bd5e-43735f8f1b4a","404","NOT_FOUND","","404","NOT_FOUND","","TRUE","2026-06-15T20:40+00:00"
"https://www.data.gov.uk/dataset/a2bf2a6f-4532-4e08-abb1-6ee83eb9a8f6/dnpa-section-3-moorland-old","a2bf2a6f-4532-4e08-abb1-6ee83eb9a8f6","dnpa-section-3-moorland-old","2013-11-20","2020-02-13","ec75d2a7-8e9e-46cc-93da-70e667c5edb5","e5dbc958-3788-42a3-b391-932fd0b840e1","https://maps.dartmoor.gov.uk/geoserver/inspire/ows?service=WFS&version=1.0.0&request=GetFeature&typeName=inspire:dnpa_s3moor&outputFormat=shape-zip","2020-02-13","","2020-02-13","dartmoor-national-park-authority","8011259e-de10-49e4-a010-169eb93d703c","","DNS_ERROR","Cannot connect to host maps.dartmoor.gov.uk:443 ssl:default [Name or service not known]","","DNS_ERROR","HTTPSConnectionPool(host='maps.dartmoor.gov.uk', port=443): Max retries exceeded with url: /geoserver/inspire/ows?service=WFS&version=1.0.0&request=GetFeature&typeName=inspire:dnpa_s3moor&outputFormat=shape-zip (Caused by NameResolutionError(""HTTPSConnection(host='maps.dartmoor.gov.uk', port=443): Failed to resolve 'maps.dartmoor.gov.uk' ([Errno -2] Name or service not known)""))","TRUE","2026-06-15T16:54+00:00"
"https://www.data.gov.uk/dataset/91765ff4-743f-4ba8-bfde-737bd1d0f921/dft-gpc-spend","91765ff4-743f-4ba8-bfde-737bd1d0f921","dft-gpc-spend","2011-10-27","2026-04-08","","3fa490ea-e520-4337-aeb2-7144601a2eec","https://assets.publishing.service.gov.uk/government/uploads/system/uploads/attachment_data/file/1063672/dft-spending-over-500-january-2022.csv/preview","2022-03-31","","2022-03-31","department-for-transport","e4900b3b-a7f8-447a-bd5e-43735f8f1b4a","404","NOT_FOUND","","404","NOT_FOUND","","TRUE","2026-06-15T19:45+00:00"
"https://www.data.gov.uk/dataset/9a923c0c-7b79-436d-976a-8422802e2e18/regional-rail-usage","9a923c0c-7b79-436d-976a-8422802e2e18","regional-rail-usage","2016-04-04","2020-10-08","","fc3d08ae-1aab-48e7-abcd-b2dcd29a2cfd","https://dataportal.orr.gov.uk/statistics/usage/freight-rail-usage-and-performance/impact-on-road-haulage-table-138-1/","2020-07-31","","2020-07-31","office-of-rail-and-road","b4acafd0-ade7-4d67-a0ec-3a30a1896f9f","404","NOT_FOUND","","404","NOT_FOUND","","TRUE","2026-06-15T17:38+00:00"
"https://www.data.gov.uk/dataset/52e1e2ab-5687-489b-a4d8-b207cd5d6767/roadside-survey-of-vehicles","52e1e2ab-5687-489b-a4d8-b207cd5d6767","roadside-survey-of-vehicles","2012-07-17","2017-03-16","","413a6742-8e2d-4e96-a960-f341bb82e0bd","http://data.dft.gov.uk/anonymised-roadside-survey/RoadsideSurveyDataGuide_v03-2017.pdf","2012-07-18","","2012-07-18","department-for-transport","e4900b3b-a7f8-447a-bd5e-43735f8f1b4a","404","NOT_FOUND","","404","NOT_FOUND","","TRUE","2026-06-15T16:48+00:00"
"https://www.data.gov.uk/dataset/a28f7616-5add-40a1-836f-ceb64a6ec573/crowdfund-plymouth-overview","a28f7616-5add-40a1-836f-ceb64a6ec573","crowdfund-plymouth-overview","2016-12-19","2016-12-19","a28f7616-5add-40a1-836f-ceb64a6ec573","733f5d87-1cfb-4f80-a7b4-bd33e0bcd904","http://www.thedata.place/dataset/a28f7616-5add-40a1-836f-ceb64a6ec573/resource/733f5d87-1cfb-4f80-a7b4-bd33e0bcd904/download/overview-of-crowdfund-plymouth.csv","2016-12-13","2016-12-13","2016-12-13","plymouth-city-council","00cb3d53-764a-466b-878d-6976afaf1bfe","403","OTHER_CLIENT_ERROR","","404","NOT_FOUND","","TRUE","2026-06-15T17:07+00:00"
"https://www.data.gov.uk/dataset/57e0137f-3457-411a-8f4a-0bdb75c187e0/exception-to-spending-controls-for-external-recruitment","57e0137f-3457-411a-8f4a-0bdb75c187e0","exception-to-spending-controls-for-external-recruitment","2012-04-30","2014-03-10","","59108bcf-ac8e-4c19-82dd-0a930d621a46","http://www.nhsbt.nhs.uk/download/exceptions_recruitment_oct13_dec13.xls","2014-03-10","","2014-03-10","nhs-blood-and-transplant","51947347-20a4-4253-a9e1-2506b6d91c97","404","NOT_FOUND","","404","NOT_FOUND","","TRUE","2026-06-15T16:43+00:00"
"https://www.data.gov.uk/dataset/33422d77-2a55-4913-b2b0-bac95736e7b7/dartmoor-brownfield-sites","33422d77-2a55-4913-b2b0-bac95736e7b7","dartmoor-brownfield-sites","2018-02-13","2020-02-07","","68cc217b-3cbc-4a4d-bb6e-df1b8627e48d","https://maps.dartmoor.gov.uk/geoserver/general/ows?service=WFS&version=1.0.0&request=GetFeature&typeName=general:brownfield_sites&maxFeatures=1000&outputFormat=SHAPE-ZIP","2018-02-13","","2018-02-13","dartmoor-national-park-authority","8011259e-de10-49e4-a010-169eb93d703c","","DNS_ERROR","Cannot connect to host maps.dartmoor.gov.uk:443 ssl:default [Name or service not known]","","DNS_ERROR","HTTPSConnectionPool(host='maps.dartmoor.gov.uk', port=443): Max retries exceeded with url: /geoserver/general/ows?service=WFS&version=1.0.0&request=GetFeature&typeName=general:brownfield_sites&maxFeatures=1000&outputFormat=SHAPE-ZIP (Caused by NameResolutionError(""HTTPSConnection(host='maps.dartmoor.gov.uk', port=443): Failed to resolve 'maps.dartmoor.gov.uk' ([Errno -2] Name or service not known)""))","TRUE","2026-06-15T16:32+00:00"
"https://www.data.gov.uk/dataset/91765ff4-743f-4ba8-bfde-737bd1d0f921/dft-gpc-spend","91765ff4-743f-4ba8-bfde-737bd1d0f921","dft-gpc-spend","2011-10-27","2026-04-08","","fb9b6a73-1acc-4b2f-a38e-c53c1d14b7cf","https://assets.publishing.service.gov.uk/government/uploads/system/uploads/attachment_data/file/1074550/dft-spending-over-500-february-2022.csv/preview","2022-07-28","","2022-07-28","department-for-transport","e4900b3b-a7f8-447a-bd5e-43735f8f1b4a","404","NOT_FOUND","","404","NOT_FOUND","","TRUE","2026-06-15T19:46+00:00"
"https://www.data.gov.uk/dataset/804be0c6-ae01-4899-bbb9-2317dff1a4f9/financial-transactions-data-dft","804be0c6-ae01-4899-bbb9-2317dff1a4f9","financial-transactions-data-dft","2010-11-19","2026-05-28","","50edab5d-45a7-4f03-ad41-2c0d3c31af16","https://www.gov.uk/government/uploads/system/uploads/attachment_data/file/377025/dft-monthly-spend-201409.csv","2016-07-13","","2021-09-30","department-for-transport","e4900b3b-a7f8-447a-bd5e-43735f8f1b4a","410","GONE","","410","GONE","","TRUE","2026-06-15T20:40+00:00"
"https://www.data.gov.uk/dataset/c8192df5-642b-49d1-a6c2-249c84baaed8/rail_infrastrcture","c8192df5-642b-49d1-a6c2-249c84baaed8","rail_infrastrcture","2013-03-08","2020-10-08","","05035e44-648c-48e3-a264-85873dcb7cf4","https://dataportal.orr.gov.uk/statistics/infrastructure-and-emissions/asset-condition/station-stewardship-measure-for-category-f-stations-table-299/","2016-04-04","","2016-04-04","office-of-rail-and-road","b4acafd0-ade7-4d67-a0ec-3a30a1896f9f","404","NOT_FOUND","","404","NOT_FOUND","","TRUE","2026-06-15T17:44+00:00"
"https://www.data.gov.uk/dataset/ad3c0fd4-17e9-4a8a-af5a-0d03954907a0/base-year-freight-matrices","ad3c0fd4-17e9-4a8a-af5a-0d03954907a0","base-year-freight-matrices","2012-10-29","2013-08-12","","b2b788c6-e456-4edf-a6f2-7dbaf5b321c8","http://data.dft.gov.uk/byfm/matrix-meta-data.xls","2012-10-29","","2012-10-29","department-for-transport","e4900b3b-a7f8-447a-bd5e-43735f8f1b4a","404","NOT_FOUND","","404","NOT_FOUND","","TRUE","2026-06-15T17:12+00:00"
"https://www.data.gov.uk/dataset/7268ce51-7e05-4420-b50d-81503721c88c/financial-transactions-data-nhs-blood-and-transplant","7268ce51-7e05-4420-b50d-81503721c88c","financial-transactions-data-nhs-blood-and-transplant","2010-11-23","2014-03-10","","fa39a628-f8a5-46e4-98dc-a19c7d1c30f6","http://www.nhsbt.nhs.uk/download/201311_Transparency_Spend.csv","2014-03-10","","2014-03-10","nhs-blood-and-transplant","51947347-20a4-4253-a9e1-2506b6d91c97","404","NOT_FOUND","","404","NOT_FOUND","","TRUE","2026-06-15T16:50+00:00"
"https://www.data.gov.uk/dataset/13c89700-8e06-47af-a364-4d74b888404f/deaths-under-75-all-causes-2013","13c89700-8e06-47af-a364-4d74b888404f","deaths-under-75-all-causes-2013","2016-12-19","2016-12-19","13c89700-8e06-47af-a364-4d74b888404f","f2ee7829-43a9-4c25-a993-b8bb4a1fce1e","http://www.thedata.place/dataset/13c89700-8e06-47af-a364-4d74b888404f/resource/f2ee7829-43a9-4c25-a993-b8bb4a1fce1e/download/17-deaths-under-75-all-causes-2013.csv","2016-12-01","2016-12-01","2016-12-01","plymouth-city-council","00cb3d53-764a-466b-878d-6976afaf1bfe","404","NOT_FOUND","","404","NOT_FOUND","","TRUE","2026-06-15T16:39+00:00"
"https://www.data.gov.uk/dataset/82a07010-53c0-4366-a538-4a086518fb3b/dnpa-section-3-woodland","82a07010-53c0-4366-a538-4a086518fb3b","dnpa-section-3-woodland","2013-11-20","2020-02-13","fd902da9-26a4-4d70-a397-275c91462ed5","df3e2a40-4ca5-403f-a418-8b2a3f3556eb","https://maps.dartmoor.gov.uk/geoserver/inspire/wms?service=WMS&request=GetCapabilities","2020-02-13","","2020-02-13","dartmoor-national-park-authority","8011259e-de10-49e4-a010-169eb93d703c","","DNS_ERROR","Cannot connect to host maps.dartmoor.gov.uk:443 ssl:default [Name or service not known]","","DNS_ERROR","HTTPSConnectionPool(host='maps.dartmoor.gov.uk', port=443): Max retries exceeded with url: /geoserver/inspire/wms?service=WMS&request=GetCapabilities (Caused by NameResolutionError(""HTTPSConnection(host='maps.dartmoor.gov.uk', port=443): Failed to resolve 'maps.dartmoor.gov.uk' ([Errno -2] Name or service not known)""))","TRUE","2026-06-15T16:49+00:00"
"https://www.data.gov.uk/dataset/b7ed2f60-9633-49de-b0cd-a47af1c66181/dft-senior-officials-hospitality","b7ed2f60-9633-49de-b0cd-a47af1c66181","dft-senior-officials-hospitality","2011-12-09","2026-05-06","","f612ad1d-713e-4c22-88dc-546e4f961a39","https://assets.publishing.service.gov.uk/government/uploads/system/uploads/attachment_data/file/930762/dft-senior-officials-hospitality-april-june-2020.csv/preview","2020-10-29","","2021-10-21","department-for-transport","e4900b3b-a7f8-447a-bd5e-43735f8f1b4a","404","NOT_FOUND","","404","NOT_FOUND","","TRUE","2026-06-15T20:03+00:00"
"https://www.data.gov.uk/dataset/4f61e6de-6737-481d-a0f2-6a5ed6efc676/compendia","4f61e6de-6737-481d-a0f2-6a5ed6efc676","compendia","2020-07-31","2020-10-08","","d28a15cb-9908-47a2-8784-2cfedbb87975","https://dataportal.orr.gov.uk/media/1754/table-2233-full-time-equivalent-fte-employees-by-operator.ods","2020-07-31","","2020-07-31","office-of-rail-and-road","b4acafd0-ade7-4d67-a0ec-3a30a1896f9f","404","NOT_FOUND","","404","NOT_FOUND","","TRUE","2026-06-15T17:14+00:00"
"https://www.data.gov.uk/dataset/8ae0e7d3-ba6d-405b-ab47-57fe701ca708/peak_rail_passenger_demand_and_crowding_statistics","8ae0e7d3-ba6d-405b-ab47-57fe701ca708","peak_rail_passenger_demand_and_crowding_statistics","2013-03-08","2014-05-10","","5b8dc15a-133f-401d-98f1-a101ffcf8f93","https://www.gov.uk/government/publications/rail-passenger-numbers-and-crowding-on-weekdays-in-major-cities-in-england-and-wales-2011","2013-09-01","","2013-09-01","department-for-transport","e4900b3b-a7f8-447a-bd5e-43735f8f1b4a","404","NOT_FOUND","","404","NOT_FOUND","","TRUE","2026-06-15T20:42+00:00"
"https://www.data.gov.uk/dataset/197ba8b3-6de6-484b-bb23-a97ba7633759/ntm-highway-assignment-output","197ba8b3-6de6-484b-bb23-a97ba7633759","ntm-highway-assignment-output","2011-09-28","2014-05-10","","f01cd22d-f052-4ccd-99cc-022612222e65","http://data.dft.gov.uk/ntm-highway-assignment-output/V4_P3_2004_TAM_All_Day.zip","","","","department-for-transport","e4900b3b-a7f8-447a-bd5e-43735f8f1b4a","404","NOT_FOUND","","404","NOT_FOUND","","TRUE","2026-06-15T16:34+00:00"
"https://www.data.gov.uk/dataset/60df148a-3dc8-4b08-bf5d-49b2c67c5781/mortality-rate-per-10-000-of-people-with-cancer-2012-14","60df148a-3dc8-4b08-bf5d-49b2c67c5781","mortality-rate-per-10-000-of-people-with-cancer-2012-14","2016-12-19","2016-12-19","60df148a-3dc8-4b08-bf5d-49b2c67c5781","c196fd31-dc40-4802-95bb-44075bd0bf1d","http://www.thedata.place/dataset/60df148a-3dc8-4b08-bf5d-49b2c67c5781/resource/c196fd31-dc40-4802-95bb-44075bd0bf1d/download/24-mortality-rate-per-10000-people-cancer-2012-14.csv","2016-12-01","2016-12-01","2016-12-01","plymouth-city-council","00cb3d53-764a-466b-878d-6976afaf1bfe","403","OTHER_CLIENT_ERROR","","404","NOT_FOUND","","TRUE","2026-06-15T16:54+00:00"
"https://www.data.gov.uk/dataset/57e0137f-3457-411a-8f4a-0bdb75c187e0/exception-to-spending-controls-for-external-recruitment","57e0137f-3457-411a-8f4a-0bdb75c187e0","exception-to-spending-controls-for-external-recruitment","2012-04-30","2014-03-10","","43bd6c3f-a8fd-4da7-8fcd-588d22c39d19","http://www.nhsbt.nhs.uk/download/exceptions_recruitment_jul13_sep13.xls","2014-03-10","","2014-03-10","nhs-blood-and-transplant","51947347-20a4-4253-a9e1-2506b6d91c97","404","NOT_FOUND","","404","NOT_FOUND","","TRUE","2026-06-15T16:42+00:00"
"https://www.data.gov.uk/dataset/8740c89f-5569-4429-bc9f-308d6edd6f5a/dft-workforce-management-information","8740c89f-5569-4429-bc9f-308d6edd6f5a","dft-workforce-management-information","2011-10-27","2026-05-20","","65ff6602-c61a-47a2-9584-980c346a9ea4","https://draft-origin.publishing.service.gov.uk/government/uploads/system/uploads/attachment_data/file/976254/dft-monthly-workforce-management-information-october-2020.csv","2021-04-07","","2021-08-27","department-for-transport","e4900b3b-a7f8-447a-bd5e-43735f8f1b4a","200","OK","","404","NOT_FOUND","","FALSE","2026-06-15T16:39+00:00"
"https://www.data.gov.uk/dataset/fe56528a-c607-4dcd-845d-631f32fd92b9/dnpa-veteran-trees-old","fe56528a-c607-4dcd-845d-631f32fd92b9","dnpa-veteran-trees-old","2013-11-28","2020-02-13","67d72790-5aed-47e8-8bc1-c223a9e98849","e1c8010d-cbc5-4e16-86cc-0cf6a9831830","https://maps.dartmoor.gov.uk/geoserver/inspire/wms?service=WMS&request=GetCapabilities","2020-02-13","","2020-02-13","dartmoor-national-park-authority","8011259e-de10-49e4-a010-169eb93d703c","","DNS_ERROR","Cannot connect to host maps.dartmoor.gov.uk:443 ssl:default [Name or service not known]","","DNS_ERROR","HTTPSConnectionPool(host='maps.dartmoor.gov.uk', port=443): Max retries exceeded with url: /geoserver/inspire/wms?service=WMS&request=GetCapabilities (Caused by NameResolutionError(""HTTPSConnection(host='maps.dartmoor.gov.uk', port=443): Failed to resolve 'maps.dartmoor.gov.uk' ([Errno -2] Name or service not known)""))","TRUE","2026-06-15T16:58+00:00"
"https://www.data.gov.uk/dataset/804be0c6-ae01-4899-bbb9-2317dff1a4f9/financial-transactions-data-dft","804be0c6-ae01-4899-bbb9-2317dff1a4f9","financial-transactions-data-dft","2010-11-19","2026-05-28","","52f9795a-0265-466a-b67f-034b21c6ce2b","https://assets.publishing.service.gov.uk/government/uploads/system/uploads/attachment_data/file/1085396/dft-spending-over-25000-april-2022.csv/preview","2022-06-30","","2022-06-30","department-for-transport","e4900b3b-a7f8-447a-bd5e-43735f8f1b4a","404","NOT_FOUND","","404","NOT_FOUND","","TRUE","2026-06-15T19:38+00:00"
"https://www.data.gov.uk/dataset/8838af1f-53cb-4a05-9c22-0f482e2943e2/https-dataportal-orr-gov-uk","8838af1f-53cb-4a05-9c22-0f482e2943e2","https-dataportal-orr-gov-uk","2013-03-08","2020-10-08","","d35793d8-4718-4b6b-868b-147766cec96e","https://dataportal.orr.gov.uk/statistics/passenger-experience/passenger-rail-service-complaints/praise-rate-by-train-operating-company-table-1417/","2020-07-30","","2020-07-30","office-of-rail-and-road","b4acafd0-ade7-4d67-a0ec-3a30a1896f9f","404","NOT_FOUND","","404","NOT_FOUND","","TRUE","2026-06-15T17:23+00:00"
"https://www.data.gov.uk/dataset/16dc4344-b6a5-4ea5-9076-aaa4f7144c6b/waterborne_freight_in_the_united_kingdom","16dc4344-b6a5-4ea5-9076-aaa4f7144c6b","waterborne_freight_in_the_united_kingdom","2011-12-10","2016-01-26","","733a027f-ffd6-4c17-8025-1acb09fd2f32","https://www.gov.uk/government/publications/waterborne-freight-in-the-united-kingdom-2011","2013-03-08","","2013-03-08","department-for-transport","e4900b3b-a7f8-447a-bd5e-43735f8f1b4a","404","NOT_FOUND","","404","NOT_FOUND","","TRUE","2026-06-15T19:28+00:00"
"https://www.data.gov.uk/dataset/8740c89f-5569-4429-bc9f-308d6edd6f5a/dft-workforce-management-information","8740c89f-5569-4429-bc9f-308d6edd6f5a","dft-workforce-management-information","2011-10-27","2026-05-20","","f073e022-0782-4a2a-8feb-7afa804c26a1","https://draft-origin.publishing.service.gov.uk/government/uploads/system/uploads/attachment_data/file/976254/dft-monthly-workforce-management-information-november-2020.csv","2021-04-07","","2021-08-27","department-for-transport","e4900b3b-a7f8-447a-bd5e-43735f8f1b4a","200","OK","","404","NOT_FOUND","","FALSE","2026-06-15T16:41+00:00"
"https://www.data.gov.uk/dataset/3c8410ed-2694-4203-967c-3d15d94f7a5e/alcohol-related-admissions-10-000-people-2013-14","3c8410ed-2694-4203-967c-3d15d94f7a5e","alcohol-related-admissions-10-000-people-2013-14","2016-12-19","2016-12-19","3c8410ed-2694-4203-967c-3d15d94f7a5e","47475cef-c523-426a-bfa0-e8b781641c7e","http://www.thedata.place/dataset/3c8410ed-2694-4203-967c-3d15d94f7a5e/resource/47475cef-c523-426a-bfa0-e8b781641c7e/download/28-alcohol-related-admissions-10000-people-narrow-2013-14.csv","2016-12-01","2016-12-01","2016-12-01","plymouth-city-council","00cb3d53-764a-466b-878d-6976afaf1bfe","403","OTHER_CLIENT_ERROR","","404","NOT_FOUND","","TRUE","2026-06-15T16:49+00:00"
"https://www.data.gov.uk/dataset/52e1e2ab-5687-489b-a4d8-b207cd5d6767/roadside-survey-of-vehicles","52e1e2ab-5687-489b-a4d8-b207cd5d6767","roadside-survey-of-vehicles","2012-07-17","2017-03-16","","aad05f57-6e96-4839-89e9-9ce69f0c33f1","http://data.dft.gov.uk/anonymised-roadside-survey/2008RoadsideSurvey.zip","2012-07-18","","2012-07-18","department-for-transport","e4900b3b-a7f8-447a-bd5e-43735f8f1b4a","404","NOT_FOUND","","404","NOT_FOUND","","TRUE","2026-06-15T16:51+00:00"
"https://www.data.gov.uk/dataset/588e125a-df4d-4eec-867d-183e00bfdcda/dnpa-tree-preservation-orders-old","588e125a-df4d-4eec-867d-183e00bfdcda","dnpa-tree-preservation-orders-old","2013-11-28","2022-08-17","e6d08155-8eb6-448c-956b-131c63264f94","c093b4ce-ddf2-4436-907d-3bafd1065ca3","https://maps.dartmoor.gov.uk/geoserver/inspire/wms?service=WMS&request=GetCapabilities","2020-02-14","","2022-08-17","dartmoor-national-park-authority","8011259e-de10-49e4-a010-169eb93d703c","","DNS_ERROR","Cannot connect to host maps.dartmoor.gov.uk:443 ssl:default [Name or service not known]","","DNS_ERROR","HTTPSConnectionPool(host='maps.dartmoor.gov.uk', port=443): Max retries exceeded with url: /geoserver/inspire/wms?service=WMS&request=GetCapabilities (Caused by NameResolutionError(""HTTPSConnection(host='maps.dartmoor.gov.uk', port=443): Failed to resolve 'maps.dartmoor.gov.uk' ([Errno -2] Name or service not known)""))","TRUE","2026-06-15T16:45+00:00"
"https://www.data.gov.uk/dataset/3b9f3e9f-9e0f-426c-ba5a-46dfceef182a/dft-permanent-secretary-meetings-with-external-organisations","3b9f3e9f-9e0f-426c-ba5a-46dfceef182a","dft-permanent-secretary-meetings-with-external-organisations","2011-12-09","2026-05-06","","f21ab28a-9a60-4ba7-a0a3-1d042a9a9e1f","https://assets.publishing.service.gov.uk/government/uploads/system/uploads/attachment_data/file/930770/dft-senior-officials-meetings-april-june-2020.csv/preview","2020-10-29","","2020-10-29","department-for-transport","e4900b3b-a7f8-447a-bd5e-43735f8f1b4a","404","NOT_FOUND","","404","NOT_FOUND","","TRUE","2026-06-15T19:03+00:00"
"https://www.data.gov.uk/dataset/789fd6df-87a9-4144-bc59-62b0b84e59f0/dft-minister-external-meetings","789fd6df-87a9-4144-bc59-62b0b84e59f0","dft-minister-external-meetings","2011-12-09","2026-05-06","","d2a7308a-6fb8-4fe8-8f71-c9f8ff11a642","http://data.dft.gov.uk/dft-minister-external-meetings/disclosure-special-adviser-media-meetings-dft-apr-jun2012.csv","","","2021-10-21","department-for-transport","e4900b3b-a7f8-447a-bd5e-43735f8f1b4a","404","NOT_FOUND","","404","NOT_FOUND","","TRUE","2026-06-15T16:59+00:00"
"https://www.data.gov.uk/dataset/16a04d91-7f18-48ce-a890-8653464d45b5/breastfeeding-welcoming-businesses","16a04d91-7f18-48ce-a890-8653464d45b5","breastfeeding-welcoming-businesses","2016-12-19","2016-12-19","16a04d91-7f18-48ce-a890-8653464d45b5","1b8f6d47-2415-40cf-96f0-7f1c60d87650","http://www.thedata.place/dataset/16a04d91-7f18-48ce-a890-8653464d45b5/resource/1b8f6d47-2415-40cf-96f0-7f1c60d87650/download/breastfeeding-welcoming.csv","2016-11-17","2016-11-17","2016-11-17","plymouth-city-council","00cb3d53-764a-466b-878d-6976afaf1bfe","403","OTHER_CLIENT_ERROR","","404","NOT_FOUND","","TRUE","2026-06-15T16:42+00:00"
"https://www.data.gov.uk/dataset/247d5848-db8f-4a4f-87cd-99b6f77282e7/reliability_of_journeys_on_the_highways_agencys_motorway_and_a_road_network_","247d5848-db8f-4a4f-87cd-99b6f77282e7","reliability_of_journeys_on_the_highways_agencys_motorway_and_a_road_network_","2012-01-12","2014-08-14","","0517ea26-476f-457a-820d-0d53c3ed670a","https://www.gov.uk/government/publications/reliability-of-journeys-on-highways-agencys-motorway-and-a-road-network-april-to-june-2013/","2013-08-08","","2013-08-08","department-for-transport","e4900b3b-a7f8-447a-bd5e-43735f8f1b4a","404","NOT_FOUND","","404","NOT_FOUND","","TRUE","2026-06-15T19:37+00:00"
"https://www.data.gov.uk/dataset/86cc4523-0530-495f-98f6-a03ccc19235c/tree-preservation-orders116","86cc4523-0530-495f-98f6-a03ccc19235c","tree-preservation-orders116","2024-11-02","2024-11-02","86cc4523-0530-495f-98f6-a03ccc19235c","4a2f056a-403a-45c0-b698-d2d403d69681","https://plymouth.thedata.place/dataset/86cc4523-0530-495f-98f6-a03ccc19235c/resource/4a2f056a-403a-45c0-b698-d2d403d69681/download/tpo_trees_plymouth.geojson","2024-10-21","","2024-11-02","plymouth-city-council","00cb3d53-764a-466b-878d-6976afaf1bfe","404","NOT_FOUND","","404","NOT_FOUND","","TRUE","2026-06-15T17:45+00:00"
"https://www.data.gov.uk/dataset/ba582dcc-fd63-4e94-83b5-8dc7f27120eb/rail-safety-and-health-key-statistics","ba582dcc-fd63-4e94-83b5-8dc7f27120eb","rail-safety-and-health-key-statistics","2016-04-04","2020-10-08","","fc66dce1-e13f-4b2d-b647-28fa6a950dcb","https://dataportal.orr.gov.uk/statistics/health-and-safety/rail-safety/broken-rails-and-buckled-rails-table-531/","2016-04-04","","2016-04-04","office-of-rail-and-road","b4acafd0-ade7-4d67-a0ec-3a30a1896f9f","404","NOT_FOUND","","404","NOT_FOUND","","TRUE","2026-06-15T17:43+00:00"
"https://www.data.gov.uk/dataset/a105eb88-60af-4afb-814e-ead0f80f8f88/dnpa-woodland-of-conservation-importance-old","a105eb88-60af-4afb-814e-ead0f80f8f88","dnpa-woodland-of-conservation-importance-old","2013-11-28","2020-02-13","8163bdf9-9108-49e9-aba9-f5917f1ace3b","40a42a4c-caed-4406-b7e1-39ef8ba076fb","https://maps.dartmoor.gov.uk/geoserver/inspire/ows?service=WFS&version=1.0.0&request=GetFeature&typeName=inspire:dnpa_woodland_cons_importance&outputFormat=shape-zip","2020-02-13","","2020-02-13","dartmoor-national-park-authority","8011259e-de10-49e4-a010-169eb93d703c","","DNS_ERROR","Cannot connect to host maps.dartmoor.gov.uk:443 ssl:default [Name or service not known]","","DNS_ERROR","HTTPSConnectionPool(host='maps.dartmoor.gov.uk', port=443): Max retries exceeded with url: /geoserver/inspire/ows?service=WFS&version=1.0.0&request=GetFeature&typeName=inspire:dnpa_woodland_cons_importance&outputFormat=shape-zip (Caused by NameResolutionError(""HTTPSConnection(host='maps.dartmoor.gov.uk', port=443): Failed to resolve 'maps.dartmoor.gov.uk' ([Errno -2] Name or service not known)""))","TRUE","2026-06-15T16:52+00:00"
"https://www.data.gov.uk/dataset/91765ff4-743f-4ba8-bfde-737bd1d0f921/dft-gpc-spend","91765ff4-743f-4ba8-bfde-737bd1d0f921","dft-gpc-spend","2011-10-27","2026-04-08","","652a7b4b-081c-48bf-903d-d138eca5cdb7","https://assets.publishing.service.gov.uk/government/uploads/system/uploads/attachment_data/file/1093253/dft-spending-over-500-march-2022.csv/preview","2022-07-28","","2022-07-28","department-for-transport","e4900b3b-a7f8-447a-bd5e-43735f8f1b4a","404","NOT_FOUND","","404","NOT_FOUND","","TRUE","2026-06-15T19:46+00:00"
"https://www.data.gov.uk/dataset/4748abbd-e497-498e-a3ee-f3db5ed819f7/public_performance_measure_ppm","4748abbd-e497-498e-a3ee-f3db5ed819f7","public_performance_measure_ppm","2012-05-24","2020-10-08","","b18a251d-0e1f-47b1-84a0-7b446688e708","https://dataportal.orr.gov.uk/statistics/performance/passenger-rail-performance/number-of-passenger-trains-planned-by-toc-table-361/","2020-07-30","","2020-07-30","office-of-rail-and-road","b4acafd0-ade7-4d67-a0ec-3a30a1896f9f","404","NOT_FOUND","","404","NOT_FOUND","","TRUE","2026-06-15T16:51+00:00"
"https://www.data.gov.uk/dataset/949e99cb-b91e-4e42-852b-dce176befaaf/rail_passenger_numbers_and_crowding","949e99cb-b91e-4e42-852b-dce176befaaf","rail_passenger_numbers_and_crowding","2013-07-24","2014-09-10","","e8c40b1d-2d83-4316-9c5d-529e20b66074","https://www.gov.uk/government/publications/rail-passenger-numbers-and-crowding-on-weekdays-in-major-cities-in-england-and-wales-2013","2014-09-10","","2014-09-10","department-for-transport","e4900b3b-a7f8-447a-bd5e-43735f8f1b4a","404","NOT_FOUND","","404","NOT_FOUND","","TRUE","2026-06-15T20:43+00:00"
"https://www.data.gov.uk/dataset/3f019082-8d50-4fd6-8925-ee20f288dfc9/dft-minister-overseas-travel","3f019082-8d50-4fd6-8925-ee20f288dfc9","dft-minister-overseas-travel","2011-12-09","2023-04-27","","40640613-64f1-4d75-9a15-b96c866920fa","http://data.dft.gov.uk/dft-minister-overseas-travel/disclosure-ministerial-overseas-travel-dft-jul-sept2012.csv","","","","department-for-transport","e4900b3b-a7f8-447a-bd5e-43735f8f1b4a","404","NOT_FOUND","","404","NOT_FOUND","","TRUE","2026-06-15T16:42+00:00"
"https://www.data.gov.uk/dataset/7eef0876-5f5e-4bcc-a320-d187f04242dd/aqs-alpha","7eef0876-5f5e-4bcc-a320-d187f04242dd","aqs-alpha","2017-06-07","2017-06-07","7eef0876-5f5e-4bcc-a320-d187f04242dd","bf9aaebe-4610-4400-ace6-4e2e6d546a37","http://urban.qualia.org.uk/aqs/geojson/","2017-01-26","","2017-01-26","plymouth-city-council","00cb3d53-764a-466b-878d-6976afaf1bfe","","DNS_ERROR","Cannot connect to host urban.qualia.org.uk:80 ssl:default [Name or service not known]","","DNS_ERROR","HTTPConnectionPool(host='urban.qualia.org.uk', port=80): Max retries exceeded with url: /aqs/geojson/ (Caused by NameResolutionError(""HTTPConnection(host='urban.qualia.org.uk', port=80): Failed to resolve 'urban.qualia.org.uk' ([Errno -2] Name or service not known)""))","TRUE","2026-06-15T16:30+00:00"
"https://www.data.gov.uk/dataset/abf0d9ed-aad3-4740-89e5-4c768154fa94/general-health-plymouth","abf0d9ed-aad3-4740-89e5-4c768154fa94","general-health-plymouth","2016-12-19","2016-12-19","abf0d9ed-aad3-4740-89e5-4c768154fa94","929546c2-1b16-420b-8bf6-5a2e4abb9fdb","http://www.thedata.place/dataset/abf0d9ed-aad3-4740-89e5-4c768154fa94/resource/929546c2-1b16-420b-8bf6-5a2e4abb9fdb/download/general-health2011.csv","2016-10-06","2016-10-06","2016-10-06","plymouth-city-council","00cb3d53-764a-466b-878d-6976afaf1bfe","403","OTHER_CLIENT_ERROR","","404","NOT_FOUND","","TRUE","2026-06-15T17:08+00:00"
"https://www.data.gov.uk/dataset/33422d77-2a55-4913-b2b0-bac95736e7b7/dartmoor-brownfield-sites","33422d77-2a55-4913-b2b0-bac95736e7b7","dartmoor-brownfield-sites","2018-02-13","2020-02-07","","1955bb5a-225d-4111-be62-03e1f3ea8159","https://maps.dartmoor.gov.uk/brownfield_register/","2020-02-07","","2020-02-07","dartmoor-national-park-authority","8011259e-de10-49e4-a010-169eb93d703c","","DNS_ERROR","Cannot connect to host maps.dartmoor.gov.uk:443 ssl:default [Name or service not known]","","DNS_ERROR","HTTPSConnectionPool(host='maps.dartmoor.gov.uk', port=443): Max retries exceeded with url: /brownfield_register/ (Caused by NameResolutionError(""HTTPSConnection(host='maps.dartmoor.gov.uk', port=443): Failed to resolve 'maps.dartmoor.gov.uk' ([Errno -2] Name or service not known)""))","TRUE","2026-06-15T16:29+00:00"
"https://www.data.gov.uk/dataset/91765ff4-743f-4ba8-bfde-737bd1d0f921/dft-gpc-spend","91765ff4-743f-4ba8-bfde-737bd1d0f921","dft-gpc-spend","2011-10-27","2026-04-08","","58cf06b4-6ba7-4f70-8bf4-9970795b11bb","https://assets.publishing.service.gov.uk/government/uploads/system/uploads/attachment_data/file/927605/dft-spending-over-500-july-2020.csv/preview","2020-10-29","","2021-08-26","department-for-transport","e4900b3b-a7f8-447a-bd5e-43735f8f1b4a","404","NOT_FOUND","","404","NOT_FOUND","","TRUE","2026-06-15T19:45+00:00"
"https://www.data.gov.uk/dataset/4f61e6de-6737-481d-a0f2-6a5ed6efc676/compendia","4f61e6de-6737-481d-a0f2-6a5ed6efc676","compendia","2020-07-31","2020-10-08","","843021d1-9e3f-472c-b905-8e728eeba4ce","https://dataportal.orr.gov.uk/media/1782/table-2202-c2c.ods","2020-07-31","","2020-07-31","office-of-rail-and-road","b4acafd0-ade7-4d67-a0ec-3a30a1896f9f","404","NOT_FOUND","","404","NOT_FOUND","","TRUE","2026-06-15T17:06+00:00"
"https://www.data.gov.uk/dataset/296944b8-c7d3-4312-97d3-c84624346e4f/btp-crimes-recorded-january-2012","296944b8-c7d3-4312-97d3-c84624346e4f","btp-crimes-recorded-january-2012","2012-02-22","2014-01-10","","c05566ce-f889-425c-940e-16ddd50984f8","http://crimemaps.btp.police.uk/media/uploads/btp_detailed_crime_categories.pdf","2012-11-21","","2012-11-21","department-for-transport","e4900b3b-a7f8-447a-bd5e-43735f8f1b4a","","DNS_ERROR","Cannot connect to host crimemaps.btp.police.uk:80 ssl:default [No address associated with hostname]","","DNS_ERROR","HTTPConnectionPool(host='crimemaps.btp.police.uk', port=80): Max retries exceeded with url: /media/uploads/btp_detailed_crime_categories.pdf (Caused by NameResolutionError(""HTTPConnection(host='crimemaps.btp.police.uk', port=80): Failed to resolve 'crimemaps.btp.police.uk' ([Errno -5] No address associated with hostname)""))","TRUE","2026-06-15T16:29+00:00"
"https://www.data.gov.uk/dataset/9f1fe844-fd11-4337-a901-c52b2afc1eba/reliability_of_journeys_on_highways_agency_roads","9f1fe844-fd11-4337-a901-c52b2afc1eba","reliability_of_journeys_on_highways_agency_roads","2014-01-09","2014-05-10","","2959ef19-aa79-4074-aca0-bd990a0bb3a1","https://www.gov.uk/government/publications/reliability-of-journeys-on-highways-agency-roads-england-jan-to-mar-2014","2014-05-08","","2014-05-08","department-for-transport","e4900b3b-a7f8-447a-bd5e-43735f8f1b4a","404","NOT_FOUND","","404","NOT_FOUND","","TRUE","2026-06-15T20:44+00:00"
"https://www.data.gov.uk/dataset/9bbf06af-bd3a-49ac-a387-e8bee707865f/lifetime-homes-approved","9bbf06af-bd3a-49ac-a387-e8bee707865f","lifetime-homes-approved","2016-12-19","2016-12-19","9bbf06af-bd3a-49ac-a387-e8bee707865f","ee044f42-4455-4314-a1cd-ebfc48d0ecde","http://www.thedata.place/dataset/9bbf06af-bd3a-49ac-a387-e8bee707865f/resource/ee044f42-4455-4314-a1cd-ebfc48d0ecde/download/lifetime-homes-approved.csv","2016-11-17","2016-11-17","2016-11-17","plymouth-city-council","00cb3d53-764a-466b-878d-6976afaf1bfe","403","OTHER_CLIENT_ERROR","","404","NOT_FOUND","","TRUE","2026-06-15T17:06+00:00"
"https://www.data.gov.uk/dataset/85c1c8a5-5022-46b8-b00d-2bd47b45c107/performance-related-pay-department-for-transport","85c1c8a5-5022-46b8-b00d-2bd47b45c107","performance-related-pay-department-for-transport","2011-10-27","2016-04-21","","bd0fd75c-fc98-4dd6-bbe4-c5b273967f26","http://data.dft.gov.uk/non-consolidated-performance-related-pay/ncprp-data-2012.csv","","","","department-for-transport","e4900b3b-a7f8-447a-bd5e-43735f8f1b4a","404","NOT_FOUND","","404","NOT_FOUND","","TRUE","2026-06-15T17:01+00:00"
"https://www.data.gov.uk/dataset/3792a60a-47cb-43f4-ae10-1e564e5693be/dartmoor-site-allocations","3792a60a-47cb-43f4-ae10-1e564e5693be","dartmoor-site-allocations","2016-10-04","2024-09-13","","556a49f0-032f-4f3e-85a8-18e3aaec6088","http://maps.dartmoor.gov.uk/geoserver/general/ows?service=WFS&version=1.0.0&request=GetFeature&typeName=general:site_allocations&outputFormat=application/json","2016-10-04","","2016-10-04","dartmoor-national-park-authority","8011259e-de10-49e4-a010-169eb93d703c","","DNS_ERROR","Cannot connect to host maps.dartmoor.gov.uk:80 ssl:default [Name or service not known]","","DNS_ERROR","HTTPConnectionPool(host='maps.dartmoor.gov.uk', port=80): Max retries exceeded with url: /geoserver/general/ows?service=WFS&version=1.0.0&request=GetFeature&typeName=general:site_allocations&outputFormat=application/json (Caused by NameResolutionError(""HTTPConnection(host='maps.dartmoor.gov.uk', port=80): Failed to resolve 'maps.dartmoor.gov.uk' ([Errno -2] Name or service not known)""))","TRUE","2026-06-15T16:38+00:00"
"https://www.data.gov.uk/dataset/91765ff4-743f-4ba8-bfde-737bd1d0f921/dft-gpc-spend","91765ff4-743f-4ba8-bfde-737bd1d0f921","dft-gpc-spend","2011-10-27","2026-04-08","","ba89a821-c4e1-454c-abe8-512782415156","https://assets.publishing.service.gov.uk/government/uploads/system/uploads/attachment_data/file/1058470/dft-spending-over-500-november-2021.csv/preview","2022-03-31","","2022-03-31","department-for-transport","e4900b3b-a7f8-447a-bd5e-43735f8f1b4a","404","NOT_FOUND","","404","NOT_FOUND","","TRUE","2026-06-15T19:46+00:00"
"https://www.data.gov.uk/dataset/4f61e6de-6737-481d-a0f2-6a5ed6efc676/compendia","4f61e6de-6737-481d-a0f2-6a5ed6efc676","compendia","2020-07-31","2020-10-08","","849fe2bf-3341-47f8-8e81-e14f80d6d69f","https://dataportal.orr.gov.uk/media/1778/table-2221-transpennine-express.ods","2020-07-31","","2020-07-31","office-of-rail-and-road","b4acafd0-ade7-4d67-a0ec-3a30a1896f9f","404","NOT_FOUND","","404","NOT_FOUND","","TRUE","2026-06-15T17:07+00:00"
"https://www.data.gov.uk/dataset/cb1bfdde-fb78-4f47-ae40-a53afb483c78/renewable_transport_fuel_obligation_biofuel_statistics","cb1bfdde-fb78-4f47-ae40-a53afb483c78","renewable_transport_fuel_obligation_biofuel_statistics","2012-03-29","2014-08-07","","0daf83d6-e3f9-4b38-ab83-a0495f73bc32","https://www.gov.uk/government/publications/renewable-transport-fuel-obligation-statistics-year-6-report-1","2013-12-13","","2013-12-13","department-for-transport","e4900b3b-a7f8-447a-bd5e-43735f8f1b4a","404","NOT_FOUND","","404","NOT_FOUND","","TRUE","2026-06-15T20:50+00:00"
"https://www.data.gov.uk/dataset/52e1e2ab-5687-489b-a4d8-b207cd5d6767/roadside-survey-of-vehicles","52e1e2ab-5687-489b-a4d8-b207cd5d6767","roadside-survey-of-vehicles","2012-07-17","2017-03-16","","fdc7d59d-04f2-4183-b3ab-7f5977bf77bb","http://data.dft.gov.uk/anonymised-roadside-survey/2007RoadsideSurvey.zip","2012-07-18","","2012-07-18","department-for-transport","e4900b3b-a7f8-447a-bd5e-43735f8f1b4a","404","NOT_FOUND","","404","NOT_FOUND","","TRUE","2026-06-15T16:53+00:00"
"https://www.data.gov.uk/dataset/7086d0ef-c224-4753-9e6a-d8aeeaa97cf6/plymouth-domestic-energy-consumption-2011","7086d0ef-c224-4753-9e6a-d8aeeaa97cf6","plymouth-domestic-energy-consumption-2011","2016-12-19","2016-12-19","7086d0ef-c224-4753-9e6a-d8aeeaa97cf6","933b1fd0-fad6-40aa-bce6-368e1deb41f9","http://www.thedata.place/dataset/7086d0ef-c224-4753-9e6a-d8aeeaa97cf6/resource/933b1fd0-fad6-40aa-bce6-368e1deb41f9/download/domestic-energy-consumption.csv","2016-10-05","2016-10-05","2016-10-05","plymouth-city-council","00cb3d53-764a-466b-878d-6976afaf1bfe","403","OTHER_CLIENT_ERROR","","404","NOT_FOUND","","TRUE","2026-06-15T16:57+00:00"
"https://www.data.gov.uk/dataset/a2bf2a6f-4532-4e08-abb1-6ee83eb9a8f6/dnpa-section-3-moorland-old","a2bf2a6f-4532-4e08-abb1-6ee83eb9a8f6","dnpa-section-3-moorland-old","2013-11-20","2020-02-13","ec75d2a7-8e9e-46cc-93da-70e667c5edb5","2c34c056-a87a-412c-9fb9-2bbe57fc0d49","https://maps.dartmoor.gov.uk/geoserver/inspire/wms?service=WMS&request=GetCapabilities","2020-02-13","","2020-02-13","dartmoor-national-park-authority","8011259e-de10-49e4-a010-169eb93d703c","","DNS_ERROR","Cannot connect to host maps.dartmoor.gov.uk:443 ssl:default [Name or service not known]","","DNS_ERROR","HTTPSConnectionPool(host='maps.dartmoor.gov.uk', port=443): Max retries exceeded with url: /geoserver/inspire/wms?service=WMS&request=GetCapabilities (Caused by NameResolutionError(""HTTPSConnection(host='maps.dartmoor.gov.uk', port=443): Failed to resolve 'maps.dartmoor.gov.uk' ([Errno -2] Name or service not known)""))","TRUE","2026-06-15T16:53+00:00"
"https://www.data.gov.uk/dataset/ed19b61a-f0dd-452a-ad61-f36959b88cd2/dft_information_asset_register","ed19b61a-f0dd-452a-ad61-f36959b88cd2","dft_information_asset_register","2011-03-08","2021-12-03","","e8b9e802-215f-4151-bca5-4899a8f0ca5b","https://assets.publishing.service.gov.uk/government/uploads/system/uploads/attachment_data/file/1038127/department-for-transport-information-asset-register.xlsx","2021-12-03","","2021-12-03","department-for-transport","e4900b3b-a7f8-447a-bd5e-43735f8f1b4a","410","GONE","","410","GONE","","TRUE","2026-06-15T20:20+00:00"
"https://www.data.gov.uk/dataset/bde919dd-b610-470c-84e1-f7d92ba623d0/average_age_of_rolling_stock","bde919dd-b610-470c-84e1-f7d92ba623d0","average_age_of_rolling_stock","2012-05-24","2024-02-07","","851a5c57-0e7e-401c-92a3-394cf4b52f0c","https://dataportal.orr.gov.uk/statistics/infrastructure-and-emissions/rail-infrastructure-and-assets/average-age-of-rolling-stock-by-sector-table-230/","2016-04-04","","2016-04-04","office-of-rail-and-road","b4acafd0-ade7-4d67-a0ec-3a30a1896f9f","404","NOT_FOUND","","404","NOT_FOUND","","TRUE","2026-06-15T17:44+00:00"
"https://www.data.gov.uk/dataset/7f06a77b-444e-490a-a505-8fc8ed62268f/vehicle_licensing_statistics_great_britain","7f06a77b-444e-490a-a505-8fc8ed62268f","vehicle_licensing_statistics_great_britain","2011-12-11","2016-01-26","","d2186add-5615-4d7e-aefe-4005b7c8cb56","https://www.gov.uk/government/publications/vehicle-licensing-statistics-quarter-3-2012","2013-03-08","","2013-03-08","department-for-transport","e4900b3b-a7f8-447a-bd5e-43735f8f1b4a","404","NOT_FOUND","","404","NOT_FOUND","","TRUE","2026-06-15T20:40+00:00"
"https://www.data.gov.uk/dataset/52e1e2ab-5687-489b-a4d8-b207cd5d6767/roadside-survey-of-vehicles","52e1e2ab-5687-489b-a4d8-b207cd5d6767","roadside-survey-of-vehicles","2012-07-17","2017-03-16","","2b503d0b-54c4-4ce0-a8b0-4a63482a0c38","http://data.dft.gov.uk/anonymised-roadside-survey/2015RoadsideSurvey.zip","2017-03-16","","2017-03-16","department-for-transport","e4900b3b-a7f8-447a-bd5e-43735f8f1b4a","404","NOT_FOUND","","404","NOT_FOUND","","TRUE","2026-06-15T16:47+00:00"
"https://www.data.gov.uk/dataset/2007d1fe-4185-4f02-9d87-b9450528a4dd/alcohol-x4-or-more-times-a-week-health-and-wellbeing-survey","2007d1fe-4185-4f02-9d87-b9450528a4dd","alcohol-x4-or-more-times-a-week-health-and-wellbeing-survey","2016-12-19","2016-12-19","2007d1fe-4185-4f02-9d87-b9450528a4dd","82b4aa9d-75b9-4722-97f7-adff7817f974","http://www.thedata.place/dataset/2007d1fe-4185-4f02-9d87-b9450528a4dd/resource/82b4aa9d-75b9-4722-97f7-adff7817f974/download/8-alcohol4or-more-times-a-week.csv","2016-12-01","2016-12-01","2016-12-01","plymouth-city-council","00cb3d53-764a-466b-878d-6976afaf1bfe","403","OTHER_CLIENT_ERROR","","404","NOT_FOUND","","TRUE","2026-06-15T16:44+00:00"
"https://www.data.gov.uk/dataset/8740c89f-5569-4429-bc9f-308d6edd6f5a/dft-workforce-management-information","8740c89f-5569-4429-bc9f-308d6edd6f5a","dft-workforce-management-information","2011-10-27","2026-05-20","","c155e37f-36d1-4c7a-a448-d69dddff49d1","http://webarchive.nationalarchives.gov.uk/+/https://www.gov.uk/government/uploads/system/uploads/attachment_data/file/199822/dft-workforce-management-information_201303.csv","","","2021-08-27","department-for-transport","e4900b3b-a7f8-447a-bd5e-43735f8f1b4a","405","OTHER_CLIENT_ERROR","","404","NOT_FOUND","","TRUE","2026-06-15T20:11+00:00"
"https://www.data.gov.uk/dataset/a105eb88-60af-4afb-814e-ead0f80f8f88/dnpa-woodland-of-conservation-importance-old","a105eb88-60af-4afb-814e-ead0f80f8f88","dnpa-woodland-of-conservation-importance-old","2013-11-28","2020-02-13","8163bdf9-9108-49e9-aba9-f5917f1ace3b","1dea8f30-18ff-4014-8f18-b4b1ab0c1340","https://maps.dartmoor.gov.uk/geoserver/inspire/wms?service=WMS&request=GetCapabilities","2020-02-13","","2020-02-13","dartmoor-national-park-authority","8011259e-de10-49e4-a010-169eb93d703c","","DNS_ERROR","Cannot connect to host maps.dartmoor.gov.uk:443 ssl:default [Name or service not known]","","DNS_ERROR","HTTPSConnectionPool(host='maps.dartmoor.gov.uk', port=443): Max retries exceeded with url: /geoserver/inspire/wms?service=WMS&request=GetCapabilities (Caused by NameResolutionError(""HTTPSConnection(host='maps.dartmoor.gov.uk', port=443): Failed to resolve 'maps.dartmoor.gov.uk' ([Errno -2] Name or service not known)""))","TRUE","2026-06-15T16:51+00:00"
"https://www.data.gov.uk/dataset/c5f1ca81-a7c7-4ddd-bda9-e5b737aa12e2/annual_bus_statistics","c5f1ca81-a7c7-4ddd-bda9-e5b737aa12e2","annual_bus_statistics","2011-12-11","2014-09-23","","af9b8609-0648-4131-a2ef-50f7eae75127","https://www.gov.uk/government/publications/annual-bus-statistics-2012-13","2013-10-01","","2013-10-01","department-for-transport","e4900b3b-a7f8-447a-bd5e-43735f8f1b4a","404","NOT_FOUND","","404","NOT_FOUND","","TRUE","2026-06-15T20:49+00:00"
"https://www.data.gov.uk/dataset/4f61e6de-6737-481d-a0f2-6a5ed6efc676/compendia","4f61e6de-6737-481d-a0f2-6a5ed6efc676","compendia","2020-07-31","2020-10-08","","3e3af05c-d09e-481e-a163-2c189a5c1aef","https://dataportal.orr.gov.uk/media/1776/table-2219-tfl-rail.ods","2020-07-31","","2020-07-31","office-of-rail-and-road","b4acafd0-ade7-4d67-a0ec-3a30a1896f9f","404","NOT_FOUND","","404","NOT_FOUND","","TRUE","2026-06-15T17:01+00:00"
"https://www.data.gov.uk/dataset/a74ae4b0-b8d1-4be8-b775-5bc983ee61b0/transport-direct-supplementary-data","a74ae4b0-b8d1-4be8-b775-5bc983ee61b0","transport-direct-supplementary-data","2014-06-27","2015-02-19","","09e62bcb-f3fe-4b8c-be26-8251c8a66f11","http://www.journeyweb.org.uk/SupportingFiles/TD-Open-Data-metadata.xml","2014-06-27","","2014-06-27","department-for-transport","e4900b3b-a7f8-447a-bd5e-43735f8f1b4a","404","NOT_FOUND","","404","NOT_FOUND","","TRUE","2026-06-15T16:32+00:00"
"https://www.data.gov.uk/dataset/89ed1604-1766-49c0-b284-d16b6b35631f/dft-minister-special-adviser-hospitality","89ed1604-1766-49c0-b284-d16b6b35631f","dft-minister-special-adviser-hospitality","2011-12-09","2026-05-06","","10ee7a99-934d-4af2-aa26-c13a41e8fa80","http://data.dft.gov.uk/dft-minister-special-adviser-hospitality/disclosure-special-adviser-hospitality-received-dft-jul-sept2012.csv","","","2021-10-21","department-for-transport","e4900b3b-a7f8-447a-bd5e-43735f8f1b4a","404","NOT_FOUND","","404","NOT_FOUND","","TRUE","2026-06-15T17:02+00:00"
"https://www.data.gov.uk/dataset/f1cfe582-4a17-49f2-b46b-e10f8a91083a/food-standards-agency-ratings-plymouth","f1cfe582-4a17-49f2-b46b-e10f8a91083a","food-standards-agency-ratings-plymouth","2016-12-19","2016-12-19","f1cfe582-4a17-49f2-b46b-e10f8a91083a","333a1f70-6a5e-4104-a4b3-abd1700f43c6","http://www.thedata.place/dataset/f1cfe582-4a17-49f2-b46b-e10f8a91083a/resource/333a1f70-6a5e-4104-a4b3-abd1700f43c6/download/registeredfoodpremises.csv","2016-11-17","2016-11-17","2016-11-17","plymouth-city-council","00cb3d53-764a-466b-878d-6976afaf1bfe","403","OTHER_CLIENT_ERROR","","404","NOT_FOUND","","TRUE","2026-06-15T17:15+00:00"
"https://www.data.gov.uk/dataset/f2b021c6-9812-464f-a1d3-399c982ae248/dartmoor-neighbourhood-plan-areas","f2b021c6-9812-464f-a1d3-399c982ae248","dartmoor-neighbourhood-plan-areas","2016-07-07","2021-10-11","","caa9242e-a85c-422f-a9c4-346fb31eeb6e","http://maps.dartmoor.gov.uk/geoserver/general/ows?service=WFS&version=1.0.0&request=GetFeature&typeName=general:neighbourhood_plans&outputFormat=json&srsName=EPSG:4326","2016-07-26","","2021-10-11","dartmoor-national-park-authority","8011259e-de10-49e4-a010-169eb93d703c","","DNS_ERROR","Cannot connect to host maps.dartmoor.gov.uk:80 ssl:default [Name or service not known]","","DNS_ERROR","HTTPConnectionPool(host='maps.dartmoor.gov.uk', port=80): Max retries exceeded with url: /geoserver/general/ows?service=WFS&version=1.0.0&request=GetFeature&typeName=general:neighbourhood_plans&outputFormat=json&srsName=EPSG:4326 (Caused by NameResolutionError(""HTTPConnection(host='maps.dartmoor.gov.uk', port=80): Failed to resolve 'maps.dartmoor.gov.uk' ([Errno -2] Name or service not known)""))","TRUE","2026-06-15T16:57+00:00"
"https://www.data.gov.uk/dataset/4f61e6de-6737-481d-a0f2-6a5ed6efc676/compendia","4f61e6de-6737-481d-a0f2-6a5ed6efc676","compendia","2020-07-31","2020-10-08","","17ba21e1-67b6-4e98-94a4-0c81360be551","https://dataportal.orr.gov.uk/media/1770/table-2213-london-overground.ods","2020-07-31","","2020-07-31","office-of-rail-and-road","b4acafd0-ade7-4d67-a0ec-3a30a1896f9f","404","NOT_FOUND","","404","NOT_FOUND","","TRUE","2026-06-15T16:57+00:00"
"https://www.data.gov.uk/dataset/9055d919-f26b-4dc9-8112-8092f3dcbc38/self-reported_drink_and_drug_driving-findings_from_the_crime_survey_for_england_and_wales","9055d919-f26b-4dc9-8112-8092f3dcbc38","self-reported_drink_and_drug_driving-findings_from_the_crime_survey_for_england_and_wales","2014-02-06","2014-05-10","","9444270a-a785-42bd-a7dc-5d685ed717f1","https://www.gov.uk/government/publications/reported-road-casualties-great-britain-annual-report-2012","2014-02-06","","2014-02-06","department-for-transport","e4900b3b-a7f8-447a-bd5e-43735f8f1b4a","404","NOT_FOUND","","404","NOT_FOUND","","TRUE","2026-06-15T20:43+00:00"
"https://www.data.gov.uk/dataset/91765ff4-743f-4ba8-bfde-737bd1d0f921/dft-gpc-spend","91765ff4-743f-4ba8-bfde-737bd1d0f921","dft-gpc-spend","2011-10-27","2026-04-08","","eae9405c-2580-45cc-ba3e-b041e919eaca","http://data.dft.gov.uk/gpc-spend/dft-gpc-spend-201211.csv","2016-07-13","","2021-08-26","department-for-transport","e4900b3b-a7f8-447a-bd5e-43735f8f1b4a","404","NOT_FOUND","","404","NOT_FOUND","","TRUE","2026-06-15T17:09+00:00"
"https://www.data.gov.uk/dataset/3352b74f-6943-4b85-8a03-f16be190c0de/gpc-spend-financial-transactions-data-nhs-blood-and-transplant","3352b74f-6943-4b85-8a03-f16be190c0de","gpc-spend-financial-transactions-data-nhs-blood-and-transplant","2012-01-31","2014-10-30","","4f3d01e2-db24-4438-a0fd-5be815880c88","http://www.nhsbt.nhs.uk/download/gpc_spend_april_2014.xls","2014-10-30","","2014-10-30","nhs-blood-and-transplant","51947347-20a4-4253-a9e1-2506b6d91c97","404","NOT_FOUND","","404","NOT_FOUND","","TRUE","2026-06-15T16:32+00:00"
"https://www.data.gov.uk/dataset/f4b4b3d8-232d-4834-a373-f94e8ff7b200/btp-crimes-recorded-february-2012","f4b4b3d8-232d-4834-a373-f94e8ff7b200","btp-crimes-recorded-february-2012","2012-03-20","2014-01-10","","71863983-3eee-4227-ac24-0f2ac40095e0","http://crimemaps.btp.police.uk/media/uploads/btp_detailed_crime_categories.pdf","2013-03-05","","2013-03-05","department-for-transport","e4900b3b-a7f8-447a-bd5e-43735f8f1b4a","","DNS_ERROR","Cannot connect to host crimemaps.btp.police.uk:80 ssl:default [No address associated with hostname]","","DNS_ERROR","HTTPConnectionPool(host='crimemaps.btp.police.uk', port=80): Max retries exceeded with url: /media/uploads/btp_detailed_crime_categories.pdf (Caused by NameResolutionError(""HTTPConnection(host='crimemaps.btp.police.uk', port=80): Failed to resolve 'crimemaps.btp.police.uk' ([Errno -5] No address associated with hostname)""))","TRUE","2026-06-15T16:32+00:00"
"https://www.data.gov.uk/dataset/b5a9d808-c692-4ab4-b8c7-27c78532c1a4/planning-compliments-and-complaints-by-year-2004-2016","b5a9d808-c692-4ab4-b8c7-27c78532c1a4","planning-compliments-and-complaints-by-year-2004-2016","2016-12-19","2016-12-19","b5a9d808-c692-4ab4-b8c7-27c78532c1a4","59f3414d-8e9e-42c3-a930-7364ea20e437","http://www.thedata.place/dataset/b5a9d808-c692-4ab4-b8c7-27c78532c1a4/resource/59f3414d-8e9e-42c3-a930-7364ea20e437/download/01-planning-compliments-and-complaints---by-year.csv","2016-12-01","2016-12-01","2016-12-01","plymouth-city-council","00cb3d53-764a-466b-878d-6976afaf1bfe","403","OTHER_CLIENT_ERROR","","404","NOT_FOUND","","TRUE","2026-06-15T17:09+00:00"
"https://www.data.gov.uk/dataset/3352b74f-6943-4b85-8a03-f16be190c0de/gpc-spend-financial-transactions-data-nhs-blood-and-transplant","3352b74f-6943-4b85-8a03-f16be190c0de","gpc-spend-financial-transactions-data-nhs-blood-and-transplant","2012-01-31","2014-10-30","","73e3a794-76f3-4cd3-91fa-6a9baf8e44a8","http://www.nhsbt.nhs.uk/download/gpc_spend_december13.xls","2014-03-10","","2014-03-10","nhs-blood-and-transplant","51947347-20a4-4253-a9e1-2506b6d91c97","404","NOT_FOUND","","404","NOT_FOUND","","TRUE","2026-06-15T16:37+00:00"
"https://www.data.gov.uk/dataset/34645d23-eb89-4b47-9ac3-6d9d048b1393/dnpa-mineral-extraction-areas-old","34645d23-eb89-4b47-9ac3-6d9d048b1393","dnpa-mineral-extraction-areas-old","2013-11-21","2020-02-13","551c1528-ab74-4ca0-8514-d005ea3c47e3","e714a520-58c9-4143-be3d-77f06c8fdece","https://maps.dartmoor.gov.uk/geoserver/inspire/ows?service=WFS&version=1.0.0&request=GetFeature&typeName=inspire:dnpa_minerals&outputFormat=shape-zip","2020-02-13","","2020-02-13","dartmoor-national-park-authority","8011259e-de10-49e4-a010-169eb93d703c","","DNS_ERROR","Cannot connect to host maps.dartmoor.gov.uk:443 ssl:default [Name or service not known]","","DNS_ERROR","HTTPSConnectionPool(host='maps.dartmoor.gov.uk', port=443): Max retries exceeded with url: /geoserver/inspire/ows?service=WFS&version=1.0.0&request=GetFeature&typeName=inspire:dnpa_minerals&outputFormat=shape-zip (Caused by NameResolutionError(""HTTPSConnection(host='maps.dartmoor.gov.uk', port=443): Failed to resolve 'maps.dartmoor.gov.uk' ([Errno -2] Name or service not known)""))","TRUE","2026-06-15T16:36+00:00"
"https://www.data.gov.uk/dataset/4f61e6de-6737-481d-a0f2-6a5ed6efc676/compendia","4f61e6de-6737-481d-a0f2-6a5ed6efc676","compendia","2020-07-31","2020-10-08","","341be18f-5315-41b7-8d43-18068c936800","https://dataportal.orr.gov.uk/media/1774/table-2217-south-western-railway.ods","2020-07-31","","2020-07-31","office-of-rail-and-road","b4acafd0-ade7-4d67-a0ec-3a30a1896f9f","404","NOT_FOUND","","404","NOT_FOUND","","TRUE","2026-06-15T17:00+00:00"
"https://www.data.gov.uk/dataset/512dd688-4ee5-40c6-9ad4-9f8f935e13f3/planning-performance-by-year-and-type-of-application-1999-2016","512dd688-4ee5-40c6-9ad4-9f8f935e13f3","planning-performance-by-year-and-type-of-application-1999-2016","2016-12-19","2016-12-19","512dd688-4ee5-40c6-9ad4-9f8f935e13f3","29c26425-f7b1-48fa-8c52-6615ce2b5a2f","http://www.thedata.place/dataset/512dd688-4ee5-40c6-9ad4-9f8f935e13f3/resource/29c26425-f7b1-48fa-8c52-6615ce2b5a2f/download/03-planning-performance---by-year-and-type-of-application.csv","2016-12-01","2016-12-01","2016-12-01","plymouth-city-council","00cb3d53-764a-466b-878d-6976afaf1bfe","403","OTHER_CLIENT_ERROR","","404","NOT_FOUND","","TRUE","2026-06-15T16:50+00:00"
"https://www.data.gov.uk/dataset/43a427ef-c44c-42f1-b6e8-5e9008fc0852/road_traffic_estimates_in_great_britain","43a427ef-c44c-42f1-b6e8-5e9008fc0852","road_traffic_estimates_in_great_britain","2014-06-05","2014-06-05","","064046e4-3ba9-4a41-a6a4-91e61108b620","https://www.gov.uk/government/publications/road-traffic-estimates-in-great-britain-2013","2014-06-05","","2014-06-05","department-for-transport","e4900b3b-a7f8-447a-bd5e-43735f8f1b4a","404","NOT_FOUND","","404","NOT_FOUND","","TRUE","2026-06-15T20:13+00:00"
"https://www.data.gov.uk/dataset/b7ed2f60-9633-49de-b0cd-a47af1c66181/dft-senior-officials-hospitality","b7ed2f60-9633-49de-b0cd-a47af1c66181","dft-senior-officials-hospitality","2011-12-09","2026-05-06","","d4183920-6a77-405f-92f7-16cb5b738138","http://data.dft.gov.uk/dft-senior-officials-hospitality/dft-senior-officials-hospitality-jan-mar2012.csv","","","2021-10-21","department-for-transport","e4900b3b-a7f8-447a-bd5e-43735f8f1b4a","404","NOT_FOUND","","404","NOT_FOUND","","TRUE","2026-06-15T17:15+00:00"
"https://www.data.gov.uk/dataset/67a4f1bd-e30f-4c57-b98e-63ffccdbad73/dnpa-landscape-character-types-old","67a4f1bd-e30f-4c57-b98e-63ffccdbad73","dnpa-landscape-character-types-old","2013-11-25","2020-02-13","ffafde4d-c435-46da-8689-b41f194fabd3","772098ac-0e90-40e2-afe0-d9fa134cf448","https://maps.dartmoor.gov.uk/geoserver/inspire/wms?service=WMS&request=GetCapabilities","2020-02-13","","2020-02-13","dartmoor-national-park-authority","8011259e-de10-49e4-a010-169eb93d703c","","DNS_ERROR","Cannot connect to host maps.dartmoor.gov.uk:443 ssl:default [Name or service not known]","","DNS_ERROR","HTTPSConnectionPool(host='maps.dartmoor.gov.uk', port=443): Max retries exceeded with url: /geoserver/inspire/wms?service=WMS&request=GetCapabilities (Caused by NameResolutionError(""HTTPSConnection(host='maps.dartmoor.gov.uk', port=443): Failed to resolve 'maps.dartmoor.gov.uk' ([Errno -2] Name or service not known)""))","TRUE","2026-06-15T16:47+00:00"
"https://www.data.gov.uk/dataset/7f06a77b-444e-490a-a505-8fc8ed62268f/vehicle_licensing_statistics_great_britain","7f06a77b-444e-490a-a505-8fc8ed62268f","vehicle_licensing_statistics_great_britain","2011-12-11","2016-01-26","","26b876b7-0ff2-48da-a389-b2c36666b210","https://www.gov.uk/government/statistical-data-sets/veh01-vehicles-registered-for-the-first-time","2013-03-08","","2013-03-08","department-for-transport","e4900b3b-a7f8-447a-bd5e-43735f8f1b4a","404","NOT_FOUND","","404","NOT_FOUND","","TRUE","2026-06-15T20:40+00:00"
"https://www.data.gov.uk/dataset/4f61e6de-6737-481d-a0f2-6a5ed6efc676/compendia","4f61e6de-6737-481d-a0f2-6a5ed6efc676","compendia","2020-07-31","2020-10-08","","1a40f534-d777-4da1-af1c-eac1b071ba7b","https://dataportal.orr.gov.uk/media/1764/table-2207-govia-thameslink-railway.ods","2020-07-31","","2020-07-31","office-of-rail-and-road","b4acafd0-ade7-4d67-a0ec-3a30a1896f9f","404","NOT_FOUND","","404","NOT_FOUND","","TRUE","2026-06-15T16:58+00:00"
"https://www.data.gov.uk/dataset/52e1e2ab-5687-489b-a4d8-b207cd5d6767/roadside-survey-of-vehicles","52e1e2ab-5687-489b-a4d8-b207cd5d6767","roadside-survey-of-vehicles","2012-07-17","2017-03-16","","52d6b512-f003-4543-ac12-c6b835b29721","http://data.dft.gov.uk/anonymised-roadside-survey/2013RoadsideSurvey.zip","2014-08-08","","2014-08-08","department-for-transport","e4900b3b-a7f8-447a-bd5e-43735f8f1b4a","404","NOT_FOUND","","404","NOT_FOUND","","TRUE","2026-06-15T16:49+00:00"
"https://www.data.gov.uk/dataset/e2c03eff-ed1f-4cee-a8fd-8a240e0e9525/carbon-emissions-2005-2014","e2c03eff-ed1f-4cee-a8fd-8a240e0e9525","carbon-emissions-2005-2014","2016-12-19","2016-12-19","e2c03eff-ed1f-4cee-a8fd-8a240e0e9525","454eadb7-a513-450d-b4e9-3f6bfed528cb","http://www.thedata.place/dataset/e2c03eff-ed1f-4cee-a8fd-8a240e0e9525/resource/454eadb7-a513-450d-b4e9-3f6bfed528cb/download/2005-2014uklocalauthorityandregionalco2emissionsdatatablesfull-dataset.csv","2016-12-12","2016-12-12","2016-12-12","plymouth-city-council","00cb3d53-764a-466b-878d-6976afaf1bfe","403","OTHER_CLIENT_ERROR","","404","NOT_FOUND","","TRUE","2026-06-15T17:14+00:00"
"https://www.data.gov.uk/dataset/fe56528a-c607-4dcd-845d-631f32fd92b9/dnpa-veteran-trees-old","fe56528a-c607-4dcd-845d-631f32fd92b9","dnpa-veteran-trees-old","2013-11-28","2020-02-13","67d72790-5aed-47e8-8bc1-c223a9e98849","fb3d03ee-5556-4cd8-8f7d-cdc7ee3f6358","https://maps.dartmoor.gov.uk/geoserver/inspire/ows?service=WFS&version=1.0.0&request=GetFeature&typeName=inspire:dnpa_veteran_trees&outputFormat=shape-zip","2020-02-13","","2020-02-13","dartmoor-national-park-authority","8011259e-de10-49e4-a010-169eb93d703c","","DNS_ERROR","Cannot connect to host maps.dartmoor.gov.uk:443 ssl:default [Name or service not known]","","DNS_ERROR","HTTPSConnectionPool(host='maps.dartmoor.gov.uk', port=443): Max retries exceeded with url: /geoserver/inspire/ows?service=WFS&version=1.0.0&request=GetFeature&typeName=inspire:dnpa_veteran_trees&outputFormat=shape-zip (Caused by NameResolutionError(""HTTPSConnection(host='maps.dartmoor.gov.uk', port=443): Failed to resolve 'maps.dartmoor.gov.uk' ([Errno -2] Name or service not known)""))","TRUE","2026-06-15T16:59+00:00"
"https://www.data.gov.uk/dataset/4f61e6de-6737-481d-a0f2-6a5ed6efc676/compendia","4f61e6de-6737-481d-a0f2-6a5ed6efc676","compendia","2020-07-31","2020-10-08","","cf0f6a9f-c2c3-4d7f-bb4b-08d266c9c282","https://dataportal.orr.gov.uk/media/1780/table-2200-all-passenger-operators.ods","2020-07-31","","2020-07-31","office-of-rail-and-road","b4acafd0-ade7-4d67-a0ec-3a30a1896f9f","404","NOT_FOUND","","404","NOT_FOUND","","TRUE","2026-06-15T17:13+00:00"
"https://www.data.gov.uk/dataset/8740c89f-5569-4429-bc9f-308d6edd6f5a/dft-workforce-management-information","8740c89f-5569-4429-bc9f-308d6edd6f5a","dft-workforce-management-information","2011-10-27","2026-05-20","","587cf9f1-5f24-4ad1-ac0c-20aa0db62a83","https://www.gov.uk/government/uploads/system/uploads/attachment_data/file/345614/workforce-management-information-dft_201401.csv","2014-08-27","","2021-08-27","department-for-transport","e4900b3b-a7f8-447a-bd5e-43735f8f1b4a","410","GONE","","410","GONE","","TRUE","2026-06-15T20:42+00:00"
"https://www.data.gov.uk/dataset/9990e7c7-592e-4809-8014-22554f70789e/life-expectancy-plymouth","9990e7c7-592e-4809-8014-22554f70789e","life-expectancy-plymouth","2016-12-19","2016-12-19","9990e7c7-592e-4809-8014-22554f70789e","4048e8b0-00e7-4ace-93b7-94fd05f6b307","http://www.thedata.place/dataset/9990e7c7-592e-4809-8014-22554f70789e/resource/4048e8b0-00e7-4ace-93b7-94fd05f6b307/download/1-life-expectancy-females-2008---2012.csv","2016-11-17","2016-11-17","2016-11-17","plymouth-city-council","00cb3d53-764a-466b-878d-6976afaf1bfe","403","OTHER_CLIENT_ERROR","","404","NOT_FOUND","","TRUE","2026-06-15T17:04+00:00"
"https://www.data.gov.uk/dataset/e3939ef8-30c7-4ca8-9c7c-ad9475cc9b2f/anonymised_mot_test","e3939ef8-30c7-4ca8-9c7c-ad9475cc9b2f","anonymised_mot_test","2010-11-25","2024-02-29","","1d4236e8-92a4-4449-8711-213b40b6353b","https://data.dft.gov.uk/anonymised-mot-test/MOT_user_guide_v4.docx","2015-10-05","","2021-11-10","department-for-transport","e4900b3b-a7f8-447a-bd5e-43735f8f1b4a","404","NOT_FOUND","","404","NOT_FOUND","","TRUE","2026-06-15T17:40+00:00"
"https://www.data.gov.uk/dataset/588e125a-df4d-4eec-867d-183e00bfdcda/dnpa-tree-preservation-orders-old","588e125a-df4d-4eec-867d-183e00bfdcda","dnpa-tree-preservation-orders-old","2013-11-28","2022-08-17","e6d08155-8eb6-448c-956b-131c63264f94","11088e60-c9b4-48b1-9d26-ea5ba16b25a5","https://maps.dartmoor.gov.uk/geoserver/inspire/ows?service=WFS&version=1.0.0&request=GetFeature&typeName=inspire:inspire_tpo_points&outputFormat=shape-zip","2020-02-14","","2022-08-17","dartmoor-national-park-authority","8011259e-de10-49e4-a010-169eb93d703c","","DNS_ERROR","Cannot connect to host maps.dartmoor.gov.uk:443 ssl:default [Name or service not known]","","DNS_ERROR","HTTPSConnectionPool(host='maps.dartmoor.gov.uk', port=443): Max retries exceeded with url: /geoserver/inspire/ows?service=WFS&version=1.0.0&request=GetFeature&typeName=inspire:inspire_tpo_points&outputFormat=shape-zip (Caused by NameResolutionError(""HTTPSConnection(host='maps.dartmoor.gov.uk', port=443): Failed to resolve 'maps.dartmoor.gov.uk' ([Errno -2] Name or service not known)""))","TRUE","2026-06-15T16:42+00:00"
"https://www.data.gov.uk/dataset/9a923c0c-7b79-436d-976a-8422802e2e18/regional-rail-usage","9a923c0c-7b79-436d-976a-8422802e2e18","regional-rail-usage","2016-04-04","2020-10-08","","0cd44f20-d682-4bae-a133-d976d08671bb","https://dataportal.orr.gov.uk/statistics/usage/freight-rail-usage-and-performance/freight-moved-table-137-1/","2020-07-31","","2020-07-31","office-of-rail-and-road","b4acafd0-ade7-4d67-a0ec-3a30a1896f9f","404","NOT_FOUND","","404","NOT_FOUND","","TRUE","2026-06-15T17:26+00:00"
"https://www.data.gov.uk/dataset/7eaecf3c-9028-4134-b54a-c13ba2bc1a8e/mortality-rate-per-10-000-of-people-with-cancer-chd-copd-and-stroke-for-years-2011-2013","7eaecf3c-9028-4134-b54a-c13ba2bc1a8e","mortality-rate-per-10-000-of-people-with-cancer-chd-copd-and-stroke-for-years-2011-2013","2016-12-19","2016-12-19","7eaecf3c-9028-4134-b54a-c13ba2bc1a8e","942760b0-abe2-4b71-9caf-da9f0700f67f","http://www.thedata.place/dataset/7eaecf3c-9028-4134-b54a-c13ba2bc1a8e/resource/942760b0-abe2-4b71-9caf-da9f0700f67f/download/30-mortality-rate-per-10000-people-cancer-chd-copd-and-stroke-2011-2013.csv","2016-12-01","2016-12-01","2016-12-01","plymouth-city-council","00cb3d53-764a-466b-878d-6976afaf1bfe","403","OTHER_CLIENT_ERROR","","404","NOT_FOUND","","TRUE","2026-06-15T17:01+00:00"
"https://www.data.gov.uk/dataset/b93c29b0-12a9-4231-a118-d2618d194e59/climate-change-travel-choices","b93c29b0-12a9-4231-a118-d2618d194e59","climate-change-travel-choices","2012-01-06","2013-12-19","","148aef09-c8d6-49ef-aef8-dfa0f4db8c0a","http://data.dft.gov.uk/climate-change-travel-choices/Climate_change_and_transport_choices.sav","","","","department-for-transport","e4900b3b-a7f8-447a-bd5e-43735f8f1b4a","404","NOT_FOUND","","404","NOT_FOUND","","TRUE","2026-06-15T17:15+00:00"
"https://www.data.gov.uk/dataset/91765ff4-743f-4ba8-bfde-737bd1d0f921/dft-gpc-spend","91765ff4-743f-4ba8-bfde-737bd1d0f921","dft-gpc-spend","2011-10-27","2026-04-08","","d974679e-f093-4f35-90b1-944468a87dc8","https://assets.publishing.service.gov.uk/government/uploads/system/uploads/attachment_data/file/927631/dft-spending-over-500-september-2020.csv/preview","2020-10-29","","2021-08-26","department-for-transport","e4900b3b-a7f8-447a-bd5e-43735f8f1b4a","404","NOT_FOUND","","404","NOT_FOUND","","TRUE","2026-06-15T19:46+00:00"
"https://www.data.gov.uk/dataset/1b7d0df2-6d05-414e-a9f9-76060358634a/public_experiences_of_and_attitudes_to_air_travel","1b7d0df2-6d05-414e-a9f9-76060358634a","public_experiences_of_and_attitudes_to_air_travel","2011-12-11","2016-01-26","","38d5def6-eb99-4255-b5c1-975d25730a8d","https://www.gov.uk/government/publications/public-experiences-of-and-attitudes-to-air-travel-2014","2014-07-23","","2014-07-23","department-for-transport","e4900b3b-a7f8-447a-bd5e-43735f8f1b4a","404","NOT_FOUND","","404","NOT_FOUND","","TRUE","2026-06-15T19:32+00:00"
"https://www.data.gov.uk/dataset/82a07010-53c0-4366-a538-4a086518fb3b/dnpa-section-3-woodland","82a07010-53c0-4366-a538-4a086518fb3b","dnpa-section-3-woodland","2013-11-20","2020-02-13","fd902da9-26a4-4d70-a397-275c91462ed5","ecad62f9-fbaa-4ec9-bdcb-65da7a31c11a","https://maps.dartmoor.gov.uk/geoserver/inspire/ows?service=WFS&version=1.0.0&request=GetFeature&typeName=inspire:dnpa_s3wood&outputFormat=shape-zip","2020-02-13","","2020-02-13","dartmoor-national-park-authority","8011259e-de10-49e4-a010-169eb93d703c","","DNS_ERROR","Cannot connect to host maps.dartmoor.gov.uk:443 ssl:default [Name or service not known]","","DNS_ERROR","HTTPSConnectionPool(host='maps.dartmoor.gov.uk', port=443): Max retries exceeded with url: /geoserver/inspire/ows?service=WFS&version=1.0.0&request=GetFeature&typeName=inspire:dnpa_s3wood&outputFormat=shape-zip (Caused by NameResolutionError(""HTTPSConnection(host='maps.dartmoor.gov.uk', port=443): Failed to resolve 'maps.dartmoor.gov.uk' ([Errno -2] Name or service not known)""))","TRUE","2026-06-15T16:50+00:00"
"https://www.data.gov.uk/dataset/ba582dcc-fd63-4e94-83b5-8dc7f27120eb/rail-safety-and-health-key-statistics","ba582dcc-fd63-4e94-83b5-8dc7f27120eb","rail-safety-and-health-key-statistics","2016-04-04","2020-10-08","","a2c1903e-b79d-467f-be3d-f2eb81663fa9","https://dataportal.orr.gov.uk/statistics/health-and-safety/rail-safety/key-statistics-road-rail-interface-bridge-strikes-table-544/","2020-07-30","","2020-07-30","office-of-rail-and-road","b4acafd0-ade7-4d67-a0ec-3a30a1896f9f","404","NOT_FOUND","","404","NOT_FOUND","","TRUE","2026-06-15T17:42+00:00"
"https://www.data.gov.uk/dataset/7efdee14-8cc9-406f-973e-f32ed8c28b7e/road_freight_statistics","7efdee14-8cc9-406f-973e-f32ed8c28b7e","road_freight_statistics","2011-12-10","2014-05-10","","daf930fd-9d0a-412a-ba7d-60350d4e96a5","https://www.gov.uk/government/publications/road-freight-statistics-2010","2013-03-12","","2013-03-12","department-for-transport","e4900b3b-a7f8-447a-bd5e-43735f8f1b4a","404","NOT_FOUND","","404","NOT_FOUND","","TRUE","2026-06-15T20:40+00:00"
"https://www.data.gov.uk/dataset/ad3c0fd4-17e9-4a8a-af5a-0d03954907a0/base-year-freight-matrices","ad3c0fd4-17e9-4a8a-af5a-0d03954907a0","base-year-freight-matrices","2012-10-29","2013-08-12","","eb4b7629-c1e8-4daf-adec-3206acc059e3","http://data.dft.gov.uk/byfm/byfm-report-appendices.pdf","2012-10-29","","2012-10-29","department-for-transport","e4900b3b-a7f8-447a-bd5e-43735f8f1b4a","404","NOT_FOUND","","404","NOT_FOUND","","TRUE","2026-06-15T17:13+00:00"
"https://www.data.gov.uk/dataset/3a3eee58-b2ec-4ee6-acb7-80616cfb62c8/mortality-rate-per-10-000-of-people-who-have-had-a-stroke-2011-13","3a3eee58-b2ec-4ee6-acb7-80616cfb62c8","mortality-rate-per-10-000-of-people-who-have-had-a-stroke-2011-13","2016-12-19","2016-12-19","3a3eee58-b2ec-4ee6-acb7-80616cfb62c8","1945028f-7d72-46fc-99d2-13cc89c7a319","http://www.thedata.place/dataset/3a3eee58-b2ec-4ee6-acb7-80616cfb62c8/resource/1945028f-7d72-46fc-99d2-13cc89c7a319/download/27-mortality-rate-per-10000-people-stroke-2011-13.csv","2016-12-01","2016-12-01","2016-12-01","plymouth-city-council","00cb3d53-764a-466b-878d-6976afaf1bfe","403","OTHER_CLIENT_ERROR","","404","NOT_FOUND","","TRUE","2026-06-15T16:48+00:00"
"https://www.data.gov.uk/dataset/a74ae4b0-b8d1-4be8-b775-5bc983ee61b0/transport-direct-supplementary-data","a74ae4b0-b8d1-4be8-b775-5bc983ee61b0","transport-direct-supplementary-data","2014-06-27","2015-02-19","","1d25b824-9540-49b6-91a6-b2ea3c45bf46","http://www.journeyweb.org.uk/SupportingFiles/TD-Open-Data-Files.zip","2014-06-27","","2014-06-27","department-for-transport","e4900b3b-a7f8-447a-bd5e-43735f8f1b4a","404","NOT_FOUND","","404","NOT_FOUND","","TRUE","2026-06-15T16:34+00:00"
"https://www.data.gov.uk/dataset/3352b74f-6943-4b85-8a03-f16be190c0de/gpc-spend-financial-transactions-data-nhs-blood-and-transplant","3352b74f-6943-4b85-8a03-f16be190c0de","gpc-spend-financial-transactions-data-nhs-blood-and-transplant","2012-01-31","2014-10-30","","5aa601d6-a3b1-4e42-be92-55cc755429fa","http://www.nhsbt.nhs.uk/download/gpc_spend_march_2014.xls","2014-10-30","","2014-10-30","nhs-blood-and-transplant","51947347-20a4-4253-a9e1-2506b6d91c97","404","NOT_FOUND","","404","NOT_FOUND","","TRUE","2026-06-15T16:36+00:00"
"https://www.data.gov.uk/dataset/3e4158e3-b8b3-48b2-9b88-ca6aed268868/article-4-directions","3e4158e3-b8b3-48b2-9b88-ca6aed268868","article-4-directions","2013-11-11","2020-02-14","d26b69ee-f306-429e-8388-f80f8993380b","b1102a94-0f82-4a1d-92de-6d7fc690e046","https://maps.dartmoor.gov.uk/geoserver/inspire/ows?service=WFS&version=1.0.0&request=GetFeature&typeName=inspire:inspire_article4_6&outputFormat=shape-zip","2020-02-14","","2020-02-14","dartmoor-national-park-authority","8011259e-de10-49e4-a010-169eb93d703c","","DNS_ERROR","Cannot connect to host maps.dartmoor.gov.uk:443 ssl:default [Name or service not known]","","DNS_ERROR","HTTPSConnectionPool(host='maps.dartmoor.gov.uk', port=443): Max retries exceeded with url: /geoserver/inspire/ows?service=WFS&version=1.0.0&request=GetFeature&typeName=inspire:inspire_article4_6&outputFormat=shape-zip (Caused by NameResolutionError(""HTTPSConnection(host='maps.dartmoor.gov.uk', port=443): Failed to resolve 'maps.dartmoor.gov.uk' ([Errno -2] Name or service not known)""))","TRUE","2026-06-15T16:39+00:00"
"https://www.data.gov.uk/dataset/9a923c0c-7b79-436d-976a-8422802e2e18/regional-rail-usage","9a923c0c-7b79-436d-976a-8422802e2e18","regional-rail-usage","2016-04-04","2020-10-08","","6592e3cc-2744-4864-a42a-094713156b87","https://dataportal.orr.gov.uk/statistics/usage/freight-rail-usage-and-performance/number-of-freight-train-movements-table-1310-1/","2020-07-31","","2020-07-31","office-of-rail-and-road","b4acafd0-ade7-4d67-a0ec-3a30a1896f9f","404","NOT_FOUND","","404","NOT_FOUND","","TRUE","2026-06-15T17:31+00:00"
"https://www.data.gov.uk/dataset/9f1fe844-fd11-4337-a901-c52b2afc1eba/reliability_of_journeys_on_highways_agency_roads","9f1fe844-fd11-4337-a901-c52b2afc1eba","reliability_of_journeys_on_highways_agency_roads","2014-01-09","2014-05-10","","72eccca2-9213-454d-81d2-57a06144ab53","https://www.gov.uk/government/publications/reliability-of-journeys-on-highways-agency-roads-england-oct-to-dec-2013","2014-02-13","","2014-02-13","department-for-transport","e4900b3b-a7f8-447a-bd5e-43735f8f1b4a","404","NOT_FOUND","","404","NOT_FOUND","","TRUE","2026-06-15T20:44+00:00"
"https://www.data.gov.uk/dataset/17e46cc4-9fce-42b4-9910-3f2ff2e49615/dft-minister-special-adviser-gifts","17e46cc4-9fce-42b4-9910-3f2ff2e49615","dft-minister-special-adviser-gifts","2011-12-09","2026-05-06","","cb5c5440-9f61-4799-85ac-7d7594b6e174","http://data.dft.gov.uk/dft-minister-special-adviser-gifts/disclosure-ministerial-gifts-received-dft-jul-sept2012.csv","","","","department-for-transport","e4900b3b-a7f8-447a-bd5e-43735f8f1b4a","404","NOT_FOUND","","404","NOT_FOUND","","TRUE","2026-06-15T16:29+00:00"
"https://www.data.gov.uk/dataset/eda6c21d-9fbd-44f5-b707-f5359490260c/age-rates-of-lung-cancer-incidence-in-plymouth-2009-2013","eda6c21d-9fbd-44f5-b707-f5359490260c","age-rates-of-lung-cancer-incidence-in-plymouth-2009-2013","2016-12-19","2016-12-19","eda6c21d-9fbd-44f5-b707-f5359490260c","13503c97-dc0c-43d7-884d-d866ee5aadcc","http://www.thedata.place/dataset/eda6c21d-9fbd-44f5-b707-f5359490260c/resource/13503c97-dc0c-43d7-884d-d866ee5aadcc/download/29-age-rates-of-lung-cancer-incidence-in-plymouth-2009-2013--cases-separated-by-ward.csv","2016-12-01","2016-12-01","2016-12-01","plymouth-city-council","00cb3d53-764a-466b-878d-6976afaf1bfe","403","OTHER_CLIENT_ERROR","","404","NOT_FOUND","","TRUE","2026-06-15T17:14+00:00"
"https://www.data.gov.uk/dataset/3352b74f-6943-4b85-8a03-f16be190c0de/gpc-spend-financial-transactions-data-nhs-blood-and-transplant","3352b74f-6943-4b85-8a03-f16be190c0de","gpc-spend-financial-transactions-data-nhs-blood-and-transplant","2012-01-31","2014-10-30","","f5931816-8b87-4b39-8d0e-d63a52a21821","http://www.nhsbt.nhs.uk/download/gpc_spend_february_2014.xls","2014-10-30","","2014-10-30","nhs-blood-and-transplant","51947347-20a4-4253-a9e1-2506b6d91c97","404","NOT_FOUND","","404","NOT_FOUND","","TRUE","2026-06-15T16:41+00:00"
"https://www.data.gov.uk/dataset/8838af1f-53cb-4a05-9c22-0f482e2943e2/https-dataportal-orr-gov-uk","8838af1f-53cb-4a05-9c22-0f482e2943e2","https-dataportal-orr-gov-uk","2013-03-08","2020-10-08","","b58b7806-4ac4-4e88-9f9b-fa48adff89cc","https://dataportal.orr.gov.uk/statistics/passenger-experience/passenger-rail-service-complaints/passenger-satisfaction-with-complaints-handling-by-toc-and-financial-year-table-1418/","2020-07-31","","2020-07-31","office-of-rail-and-road","b4acafd0-ade7-4d67-a0ec-3a30a1896f9f","404","NOT_FOUND","","404","NOT_FOUND","","TRUE","2026-06-15T17:21+00:00"
"https://www.data.gov.uk/dataset/3179cb48-5e1c-4ffd-8d37-3a8e2d6be445/mortality-per-10-000-people-with-cancer-chd-copd-and-stroke","3179cb48-5e1c-4ffd-8d37-3a8e2d6be445","mortality-per-10-000-people-with-cancer-chd-copd-and-stroke","2016-12-19","2016-12-19","3179cb48-5e1c-4ffd-8d37-3a8e2d6be445","a1b578f3-b1eb-45c3-a224-12b1f08ca209","http://www.thedata.place/dataset/3179cb48-5e1c-4ffd-8d37-3a8e2d6be445/resource/a1b578f3-b1eb-45c3-a224-12b1f08ca209/download/23-mortality-per-10000-people-cancer-chd-copd-stroke-2012-14.csv","2016-12-01","2016-12-01","2016-12-01","plymouth-city-council","00cb3d53-764a-466b-878d-6976afaf1bfe","403","OTHER_CLIENT_ERROR","","404","NOT_FOUND","","TRUE","2026-06-15T16:47+00:00"
"https://www.data.gov.uk/dataset/247d5848-db8f-4a4f-87cd-99b6f77282e7/reliability_of_journeys_on_the_highways_agencys_motorway_and_a_road_network_","247d5848-db8f-4a4f-87cd-99b6f77282e7","reliability_of_journeys_on_the_highways_agencys_motorway_and_a_road_network_","2012-01-12","2014-08-14","","547fc408-ff6a-4bf5-9957-42d27d57dc34","https://www.gov.uk/government/publications/reliability-of-journeys-on-the-highways-agencys-motorway-and-a-road-network-april-2013","2013-10-01","","2013-10-01","department-for-transport","e4900b3b-a7f8-447a-bd5e-43735f8f1b4a","404","NOT_FOUND","","404","NOT_FOUND","","TRUE","2026-06-15T19:37+00:00"
"https://www.data.gov.uk/dataset/789fd6df-87a9-4144-bc59-62b0b84e59f0/dft-minister-external-meetings","789fd6df-87a9-4144-bc59-62b0b84e59f0","dft-minister-external-meetings","2011-12-09","2026-05-06","","015ea359-8738-448a-afd2-1349c64a67ae","http://data.dft.gov.uk/dft-minister-external-meetings/disclosure-minister-media-meetings-dft-may2010-jul2011.csv","2012-10-19","","2021-10-21","department-for-transport","e4900b3b-a7f8-447a-bd5e-43735f8f1b4a","404","NOT_FOUND","","404","NOT_FOUND","","TRUE","2026-06-15T16:55+00:00"
"https://www.data.gov.uk/dataset/67789bdd-7ccc-4e31-b1fb-4acec1e1361a/equality-monitoring-annual","67789bdd-7ccc-4e31-b1fb-4acec1e1361a","equality-monitoring-annual","2012-02-15","2013-08-12","","9298ab55-67a2-4a5c-b181-d11c67c9f247","http://assets.dft.gov.uk/publications/dft-equality-monitoring-annual-summary/report.pdf","","","","department-for-transport","e4900b3b-a7f8-447a-bd5e-43735f8f1b4a","404","NOT_FOUND","","404","NOT_FOUND","","TRUE","2026-06-15T17:17+00:00"
"https://www.data.gov.uk/dataset/4f61e6de-6737-481d-a0f2-6a5ed6efc676/compendia","4f61e6de-6737-481d-a0f2-6a5ed6efc676","compendia","2020-07-31","2020-10-08","","d5f9dd34-91d0-45fa-981f-4c651943f90e","https://dataportal.orr.gov.uk/media/1783/table-2203-caledonian-sleeper.ods","2020-07-31","","2020-07-31","office-of-rail-and-road","b4acafd0-ade7-4d67-a0ec-3a30a1896f9f","404","NOT_FOUND","","404","NOT_FOUND","","TRUE","2026-06-15T17:15+00:00"
"https://www.data.gov.uk/dataset/b969157c-c58c-4741-b960-77678750de8f/quarterly_road_traffic_estimates","b969157c-c58c-4741-b960-77678750de8f","quarterly_road_traffic_estimates","2011-12-11","2014-05-10","","8c6eedeb-e554-4395-b9d0-cabfec5cb057","https://www.gov.uk/government/publications/road-traffic-estimates-for-great-britain-quarter-2-2013","2013-10-01","","2013-10-01","department-for-transport","e4900b3b-a7f8-447a-bd5e-43735f8f1b4a","404","NOT_FOUND","","404","NOT_FOUND","","TRUE","2026-06-15T20:48+00:00"
"https://www.data.gov.uk/dataset/0431b819-e79d-4d4d-886c-ffeea02bb03d/method-of-travel-to-work-plymouth","0431b819-e79d-4d4d-886c-ffeea02bb03d","method-of-travel-to-work-plymouth","2016-12-19","2016-12-19","0431b819-e79d-4d4d-886c-ffeea02bb03d","3a6a6863-9862-4316-afa4-13c61a2c18e1","http://www.thedata.place/dataset/0431b819-e79d-4d4d-886c-ffeea02bb03d/resource/3a6a6863-9862-4316-afa4-13c61a2c18e1/download/method-of-travel-to-work2011.csv","2016-10-06","2016-10-06","2016-10-06","plymouth-city-council","00cb3d53-764a-466b-878d-6976afaf1bfe","403","OTHER_CLIENT_ERROR","","404","NOT_FOUND","","TRUE","2026-06-15T16:29+00:00"
"https://www.data.gov.uk/dataset/789fd6df-87a9-4144-bc59-62b0b84e59f0/dft-minister-external-meetings","789fd6df-87a9-4144-bc59-62b0b84e59f0","dft-minister-external-meetings","2011-12-09","2026-05-06","","4b9f2fd0-0c80-422f-b0eb-2f2acb4f977e","http://data.dft.gov.uk/dft-minister-external-meetings/disclosure-special-adviser-media-meetings-dft-jul-sept2012.csv","","","2021-10-21","department-for-transport","e4900b3b-a7f8-447a-bd5e-43735f8f1b4a","404","NOT_FOUND","","404","NOT_FOUND","","TRUE","2026-06-15T16:57+00:00"
"https://www.data.gov.uk/dataset/7d77ca62-817b-4a01-9cfc-cbc0d4c1696b/conservation-areas123","7d77ca62-817b-4a01-9cfc-cbc0d4c1696b","conservation-areas123","2024-11-02","2024-11-02","7d77ca62-817b-4a01-9cfc-cbc0d4c1696b","c1778c44-262c-4a6c-97ed-d47bab3bd34b","https://plymouth.thedata.place/dataset/7d77ca62-817b-4a01-9cfc-cbc0d4c1696b/resource/c1778c44-262c-4a6c-97ed-d47bab3bd34b/download/conservation_area_plymouth.geojson","2024-10-25","","2024-11-02","plymouth-city-council","00cb3d53-764a-466b-878d-6976afaf1bfe","404","NOT_FOUND","","404","NOT_FOUND","","TRUE","2026-06-15T17:44+00:00"
"https://www.data.gov.uk/dataset/4f61e6de-6737-481d-a0f2-6a5ed6efc676/compendia","4f61e6de-6737-481d-a0f2-6a5ed6efc676","compendia","2020-07-31","2020-10-08","","d43a4fff-5cbd-4cb3-ad14-bc645e64a240","https://dataportal.orr.gov.uk/media/1765/table-2208-grand-central.ods","2020-07-31","","2020-07-31","office-of-rail-and-road","b4acafd0-ade7-4d67-a0ec-3a30a1896f9f","404","NOT_FOUND","","404","NOT_FOUND","","TRUE","2026-06-15T17:15+00:00"
"https://www.data.gov.uk/dataset/38e2e069-36d7-4847-b27b-42f572dc7b62/congestion_on_local_authority_managed_a_roads","38e2e069-36d7-4847-b27b-42f572dc7b62","congestion_on_local_authority_managed_a_roads","2011-12-11","2014-08-14","","b91c7932-001c-4bd5-94bf-0b89e1b6599b","https://www.gov.uk/government/publications/congestion-on-local-authority-managed-a-roads-april-to-june-2012","2013-10-01","","2013-10-01","department-for-transport","e4900b3b-a7f8-447a-bd5e-43735f8f1b4a","404","NOT_FOUND","","404","NOT_FOUND","","TRUE","2026-06-15T20:03+00:00"
"https://www.data.gov.uk/dataset/91765ff4-743f-4ba8-bfde-737bd1d0f921/dft-gpc-spend","91765ff4-743f-4ba8-bfde-737bd1d0f921","dft-gpc-spend","2011-10-27","2026-04-08","","fd2920b8-dcd3-4e86-9c05-b8aed40de428","http://data.dft.gov.uk/gpc-spend/dft-gpc-spend-201209.csv","2016-07-13","","2021-08-26","department-for-transport","e4900b3b-a7f8-447a-bd5e-43735f8f1b4a","404","NOT_FOUND","","404","NOT_FOUND","","TRUE","2026-06-15T17:10+00:00"
"https://www.data.gov.uk/dataset/c5a60348-8631-4634-a199-e162e3e059ce/tenure-plymouth","c5a60348-8631-4634-a199-e162e3e059ce","tenure-plymouth","2016-12-19","2016-12-19","c5a60348-8631-4634-a199-e162e3e059ce","b31d2bf2-a33d-441d-bde3-3f4c15e22c64","http://www.thedata.place/dataset/c5a60348-8631-4634-a199-e162e3e059ce/resource/b31d2bf2-a33d-441d-bde3-3f4c15e22c64/download/tenure2011.csv","2016-10-06","2016-10-06","2016-10-06","plymouth-city-council","00cb3d53-764a-466b-878d-6976afaf1bfe","403","OTHER_CLIENT_ERROR","","404","NOT_FOUND","","TRUE","2026-06-15T17:11+00:00"
"https://www.data.gov.uk/dataset/804be0c6-ae01-4899-bbb9-2317dff1a4f9/financial-transactions-data-dft","804be0c6-ae01-4899-bbb9-2317dff1a4f9","financial-transactions-data-dft","2010-11-19","2026-05-28","","90f46cef-ed95-444e-a9bc-dff3e065d80c","https://assets.publishing.service.gov.uk/government/uploads/system/uploads/attachment_data/file/1071208/dft-spending-over-25000-february-2022.csv/preview","2022-06-30","","2022-06-30","department-for-transport","e4900b3b-a7f8-447a-bd5e-43735f8f1b4a","404","NOT_FOUND","","404","NOT_FOUND","","TRUE","2026-06-15T19:38+00:00"
"https://www.data.gov.uk/dataset/c8192df5-642b-49d1-a6c2-249c84baaed8/rail_infrastrcture","c8192df5-642b-49d1-a6c2-249c84baaed8","rail_infrastrcture","2013-03-08","2020-10-08","","53f03232-f181-4f23-bc28-60770a3b3858","https://dataportal.orr.gov.uk/statistics/infrastructure-and-emissions/asset-condition/light-maintenance-depot-stewardship-measure-average-scores-table-262/","2016-04-04","","2016-04-04","office-of-rail-and-road","b4acafd0-ade7-4d67-a0ec-3a30a1896f9f","404","NOT_FOUND","","404","NOT_FOUND","","TRUE","2026-06-15T17:45+00:00"
"https://www.data.gov.uk/dataset/86401518-512c-449c-88fe-dbbe41bdf5f2/road_goods_vehicles_travelling_to_mainland_europe","86401518-512c-449c-88fe-dbbe41bdf5f2","road_goods_vehicles_travelling_to_mainland_europe","2011-12-10","2014-08-21","","be0492d9-1ac5-41b8-958b-2cbc771f2d4e","https://www.gov.uk/government/publications/road-goods-vehicles-travelling-to-mainland-europe-quarter-2-2013","2013-10-01","","2013-10-01","department-for-transport","e4900b3b-a7f8-447a-bd5e-43735f8f1b4a","404","NOT_FOUND","","404","NOT_FOUND","","TRUE","2026-06-15T20:41+00:00"
"https://www.data.gov.uk/dataset/3b9f3e9f-9e0f-426c-ba5a-46dfceef182a/dft-permanent-secretary-meetings-with-external-organisations","3b9f3e9f-9e0f-426c-ba5a-46dfceef182a","dft-permanent-secretary-meetings-with-external-organisations","2011-12-09","2026-05-06","","e01cf62a-4821-45e1-a54e-9be88cb26e99","http://data.dft.gov.uk/dft-permanent-secretary-meetings-with-external-organisations/permsec-external-meetings-jul-sept2012.csv","","","","department-for-transport","e4900b3b-a7f8-447a-bd5e-43735f8f1b4a","404","NOT_FOUND","","404","NOT_FOUND","","TRUE","2026-06-15T16:40+00:00"
"https://www.data.gov.uk/dataset/7866e86a-e746-4585-b18d-3dab3fb02772/wellbeing-survey-2015-plymouth-city-council","7866e86a-e746-4585-b18d-3dab3fb02772","wellbeing-survey-2015-plymouth-city-council","2015-11-03","2015-11-03","","7ae6bbb9-4893-4dae-a61f-99ed93dbcc89","http://www.plymouth.gov.uk/wellbeingsurvey2014.csv","2015-11-03","","2015-11-03","plymouth-city-council","00cb3d53-764a-466b-878d-6976afaf1bfe","404","NOT_FOUND","","404","NOT_FOUND","","TRUE","2026-06-15T16:32+00:00"
"https://www.data.gov.uk/dataset/96f52ca1-59aa-4f27-83b8-827722e9640e/mortality-rate-per-10-000-of-people-with-copd-2011-13","96f52ca1-59aa-4f27-83b8-827722e9640e","mortality-rate-per-10-000-of-people-with-copd-2011-13","2016-12-19","2016-12-19","96f52ca1-59aa-4f27-83b8-827722e9640e","ac89d6ff-04c5-40e2-8022-a5e9f2f4e57a","http://www.thedata.place/dataset/96f52ca1-59aa-4f27-83b8-827722e9640e/resource/ac89d6ff-04c5-40e2-8022-a5e9f2f4e57a/download/26-mortality-rate-per-10000-people-copd-2011-13.csv","2016-12-01","2016-12-01","2016-12-01","plymouth-city-council","00cb3d53-764a-466b-878d-6976afaf1bfe","404","NOT_FOUND","","404","NOT_FOUND","","TRUE","2026-06-15T17:03+00:00"
"https://www.data.gov.uk/dataset/3a3b32f3-d727-4623-aa17-daa2f39aaf92/national-coach-services","3a3b32f3-d727-4623-aa17-daa2f39aaf92","national-coach-services","2013-04-22","2017-02-06","","ca96d541-a764-4ca7-9250-23017890943e","http://www.basemap.co.uk/data/NCSD/NCSD.ZIP","2013-04-22","","2013-04-22","department-for-transport","e4900b3b-a7f8-447a-bd5e-43735f8f1b4a","404","NOT_FOUND","","404","NOT_FOUND","","TRUE","2026-06-15T16:32+00:00"
"https://www.data.gov.uk/dataset/9a923c0c-7b79-436d-976a-8422802e2e18/regional-rail-usage","9a923c0c-7b79-436d-976a-8422802e2e18","regional-rail-usage","2016-04-04","2020-10-08","","26ec9930-c0af-4e21-bc17-56a79bbf208a","https://dataportal.orr.gov.uk/statistics/usage/freight-rail-usage-and-performance/freight-delivery-metric-fdm-table-341/","2020-07-31","","2020-07-31","office-of-rail-and-road","b4acafd0-ade7-4d67-a0ec-3a30a1896f9f","404","NOT_FOUND","","404","NOT_FOUND","","TRUE","2026-06-15T17:28+00:00"
"https://www.data.gov.uk/dataset/cb1bfdde-fb78-4f47-ae40-a53afb483c78/renewable_transport_fuel_obligation_biofuel_statistics","cb1bfdde-fb78-4f47-ae40-a53afb483c78","renewable_transport_fuel_obligation_biofuel_statistics","2012-03-29","2014-08-07","","2705cc11-f768-4fba-af02-60eed0e757af","https://www.gov.uk/government/publications/biofuel-statistics-year-6-2013-to-2014-report-3","2014-05-01","","2014-05-01","department-for-transport","e4900b3b-a7f8-447a-bd5e-43735f8f1b4a","404","NOT_FOUND","","404","NOT_FOUND","","TRUE","2026-06-15T20:50+00:00"
"https://www.data.gov.uk/dataset/785d11f3-8cf1-42f9-a47d-194518fd6020/census-self-reported-bad-health-2011","785d11f3-8cf1-42f9-a47d-194518fd6020","census-self-reported-bad-health-2011","2016-12-19","2016-12-19","785d11f3-8cf1-42f9-a47d-194518fd6020","39c548de-7686-4845-b716-25c93b828a5b","http://www.thedata.place/dataset/785d11f3-8cf1-42f9-a47d-194518fd6020/resource/39c548de-7686-4845-b716-25c93b828a5b/download/18-census-self-reported-bad-health-2011.csv","2016-12-01","2016-12-01","2016-12-01","plymouth-city-council","00cb3d53-764a-466b-878d-6976afaf1bfe","403","OTHER_CLIENT_ERROR","","404","NOT_FOUND","","TRUE","2026-06-15T16:59+00:00"
"https://www.data.gov.uk/dataset/ba582dcc-fd63-4e94-83b5-8dc7f27120eb/rail-safety-and-health-key-statistics","ba582dcc-fd63-4e94-83b5-8dc7f27120eb","rail-safety-and-health-key-statistics","2016-04-04","2020-10-08","","232ea367-cf2f-4b6a-9207-20d56613a836","https://dataportal.orr.gov.uk/statistics/health-and-safety/rail-safety/key-statistics-road-rail-interface-near-miss-and-misuse-incidents-table-546/","2020-07-30","","2020-07-30","office-of-rail-and-road","b4acafd0-ade7-4d67-a0ec-3a30a1896f9f","404","NOT_FOUND","","404","NOT_FOUND","","TRUE","2026-06-15T17:40+00:00"
"https://www.data.gov.uk/dataset/0fb600b4-c118-4c46-a289-a8c9ed419f3a/mortality-rate-per-10-000-of-people-with-chd-2011-13","0fb600b4-c118-4c46-a289-a8c9ed419f3a","mortality-rate-per-10-000-of-people-with-chd-2011-13","2016-12-19","2016-12-19","0fb600b4-c118-4c46-a289-a8c9ed419f3a","ad2e9923-81f2-4320-8736-f697e8eadeb1","http://www.thedata.place/dataset/0fb600b4-c118-4c46-a289-a8c9ed419f3a/resource/ad2e9923-81f2-4320-8736-f697e8eadeb1/download/25-mortality-rate-per-10000-people-chd-2011-13.csv","2016-12-01","2016-12-01","2016-12-01","plymouth-city-council","00cb3d53-764a-466b-878d-6976afaf1bfe","403","OTHER_CLIENT_ERROR","","404","NOT_FOUND","","TRUE","2026-06-15T16:33+00:00"
"https://www.data.gov.uk/dataset/0af397d4-1ab3-4bcb-8544-e199f9fe3954/vehicle_licensing_statistics","0af397d4-1ab3-4bcb-8544-e199f9fe3954","vehicle_licensing_statistics","2011-12-10","2016-01-26","","e35bca0b-718f-46bf-99d6-e149c42a082c","https://www.gov.uk/government/publications/vehicle-licensing-statistics-2013","2014-04-10","","2014-04-10","department-for-transport","e4900b3b-a7f8-447a-bd5e-43735f8f1b4a","404","NOT_FOUND","","404","NOT_FOUND","","TRUE","2026-06-15T18:36+00:00"
"https://www.data.gov.uk/dataset/ba582dcc-fd63-4e94-83b5-8dc7f27120eb/rail-safety-and-health-key-statistics","ba582dcc-fd63-4e94-83b5-8dc7f27120eb","rail-safety-and-health-key-statistics","2016-04-04","2020-10-08","","5ea44d4b-0753-4fb2-b97d-cf7242372103","https://dataportal.orr.gov.uk/statistics/health-and-safety/rail-safety/key-statistics-passenger-safety-table-518/","2016-04-04","","2016-04-04","office-of-rail-and-road","b4acafd0-ade7-4d67-a0ec-3a30a1896f9f","404","NOT_FOUND","","404","NOT_FOUND","","TRUE","2026-06-15T17:40+00:00"
"https://www.data.gov.uk/dataset/1012e266-b442-4d2d-aa28-e64e834a13a0/seafarer_statistics","1012e266-b442-4d2d-aa28-e64e834a13a0","seafarer_statistics","2011-12-10","2014-05-10","","7566db8f-d8d8-44bf-871e-c7c73691867e","https://www.gov.uk/government/publications/seafarer-statistics-2011","2013-07-01","","2013-07-01","department-for-transport","e4900b3b-a7f8-447a-bd5e-43735f8f1b4a","404","NOT_FOUND","","404","NOT_FOUND","","TRUE","2026-06-15T19:06+00:00"
"https://www.data.gov.uk/dataset/9990e7c7-592e-4809-8014-22554f70789e/life-expectancy-plymouth","9990e7c7-592e-4809-8014-22554f70789e","life-expectancy-plymouth","2016-12-19","2016-12-19","9990e7c7-592e-4809-8014-22554f70789e","5fef8d2b-02cc-4782-a827-4ef96ca33406","http://www.thedata.place/dataset/9990e7c7-592e-4809-8014-22554f70789e/resource/5fef8d2b-02cc-4782-a827-4ef96ca33406/download/life-expectancy---plymouth---neighbourhoods.csv","2016-06-22","2016-06-22","2016-06-22","plymouth-city-council","00cb3d53-764a-466b-878d-6976afaf1bfe","403","OTHER_CLIENT_ERROR","","404","NOT_FOUND","","TRUE","2026-06-15T17:05+00:00"
"https://www.data.gov.uk/dataset/91765ff4-743f-4ba8-bfde-737bd1d0f921/dft-gpc-spend","91765ff4-743f-4ba8-bfde-737bd1d0f921","dft-gpc-spend","2011-10-27","2026-04-08","","4205a5d3-d002-4a6d-b05b-aab14673b2d2","https://assets.publishing.service.gov.uk/government/uploads/system/uploads/attachment_data/file/1063665/dft-spending-over-500-december-2021.csv/preview","2022-03-31","","2022-03-31","department-for-transport","e4900b3b-a7f8-447a-bd5e-43735f8f1b4a","404","NOT_FOUND","","404","NOT_FOUND","","TRUE","2026-06-15T19:45+00:00"
"https://www.data.gov.uk/dataset/4748abbd-e497-498e-a3ee-f3db5ed819f7/public_performance_measure_ppm","4748abbd-e497-498e-a3ee-f3db5ed819f7","public_performance_measure_ppm","2012-05-24","2020-10-08","","10da9e69-7224-44b1-8c35-b768967062e0","https://dataportal.orr.gov.uk/statistics/performance/passenger-rail-performance/number-of-passenger-trains-cancelled-by-toc-table-360/","2020-07-30","","2020-07-30","office-of-rail-and-road","b4acafd0-ade7-4d67-a0ec-3a30a1896f9f","404","NOT_FOUND","","404","NOT_FOUND","","TRUE","2026-06-15T16:39+00:00"
"https://www.data.gov.uk/dataset/0af397d4-1ab3-4bcb-8544-e199f9fe3954/vehicle_licensing_statistics","0af397d4-1ab3-4bcb-8544-e199f9fe3954","vehicle_licensing_statistics","2011-12-10","2016-01-26","","3c0dea78-d537-4218-96c6-44d7c1e7898d","https://www.gov.uk/government/publications/vehicle-licensing-statistics-great-britain-apr-to-jun-q2-2013","2013-10-01","","2013-10-01","department-for-transport","e4900b3b-a7f8-447a-bd5e-43735f8f1b4a","404","NOT_FOUND","","404","NOT_FOUND","","TRUE","2026-06-15T18:36+00:00"
"https://www.data.gov.uk/dataset/111c30c3-55cb-446b-922d-6358df01ec62/percentage-adult-population-that-eat-healthy-plymouth-2006-2008","111c30c3-55cb-446b-922d-6358df01ec62","percentage-adult-population-that-eat-healthy-plymouth-2006-2008","2016-12-19","2018-06-25","111c30c3-55cb-446b-922d-6358df01ec62","594229fa-31f9-4d72-bdb4-74c2736282c7","http://www.thedata.place/dataset/111c30c3-55cb-446b-922d-6358df01ec62/resource/594229fa-31f9-4d72-bdb4-74c2736282c7/download/3-percentage-adult-pop-eats-healthy-2006-2008.csv","2016-11-17","2016-11-17","2016-11-17","plymouth-city-council","00cb3d53-764a-466b-878d-6976afaf1bfe","403","OTHER_CLIENT_ERROR","","404","NOT_FOUND","","TRUE","2026-06-15T16:37+00:00"
"https://www.data.gov.uk/dataset/662ec264-d852-4964-817f-f7c30d908ec7/government-procurement-card-gpc-figures-from-the-office-of-rail-and-road","662ec264-d852-4964-817f-f7c30d908ec7","government-procurement-card-gpc-figures-from-the-office-of-rail-and-road","2015-07-29","2026-05-01","","7b218f58-fa3f-45a2-ac77-7ff3bd8c211c","http://orr.gov.uk/__data/assets/file/0019/26326/gpc-october-2017.csv","2017-12-19","","2017-12-19","office-of-rail-and-road","b4acafd0-ade7-4d67-a0ec-3a30a1896f9f","404","NOT_FOUND","","404","NOT_FOUND","","TRUE","2026-06-15T17:02+00:00"
"https://www.data.gov.uk/dataset/b6416d4f-93c2-4d8b-9851-6f08e1e4ee47/dwellings-household-spaces-and-accommodation-type","b6416d4f-93c2-4d8b-9851-6f08e1e4ee47","dwellings-household-spaces-and-accommodation-type","2016-12-19","2016-12-19","b6416d4f-93c2-4d8b-9851-6f08e1e4ee47","1914408f-e01e-42d3-a341-d99bcec33dbc","http://www.thedata.place/dataset/b6416d4f-93c2-4d8b-9851-6f08e1e4ee47/resource/1914408f-e01e-42d3-a341-d99bcec33dbc/download/dwellings-household-spaces-and-accommodation-type2011.csv","2016-09-28","2016-09-28","2016-09-28","plymouth-city-council","00cb3d53-764a-466b-878d-6976afaf1bfe","403","OTHER_CLIENT_ERROR","","404","NOT_FOUND","","TRUE","2026-06-15T17:10+00:00"
"https://www.data.gov.uk/dataset/ba582dcc-fd63-4e94-83b5-8dc7f27120eb/rail-safety-and-health-key-statistics","ba582dcc-fd63-4e94-83b5-8dc7f27120eb","rail-safety-and-health-key-statistics","2016-04-04","2020-10-08","","26c5eb4b-a33b-4f35-8e57-9a65fb1692da","https://dataportal.orr.gov.uk/statistics/health-and-safety/rail-safety/key-statistics-public-safety-table-522/","2016-04-04","","2016-04-04","office-of-rail-and-road","b4acafd0-ade7-4d67-a0ec-3a30a1896f9f","404","NOT_FOUND","","404","NOT_FOUND","","TRUE","2026-06-15T17:40+00:00"
"https://www.data.gov.uk/dataset/0edc0430-ecf6-4343-858e-ae5cde13b9d5/light_rail_and_tram_statistics","0edc0430-ecf6-4343-858e-ae5cde13b9d5","light_rail_and_tram_statistics","2013-03-08","2014-06-17","","77374c7c-01ab-444c-9b31-891fbefc01b1","https://www.gov.uk/government/publications/light-rail-and-tram-statistics-2012-13","2013-10-01","","2013-10-01","department-for-transport","e4900b3b-a7f8-447a-bd5e-43735f8f1b4a","404","NOT_FOUND","","404","NOT_FOUND","","TRUE","2026-06-15T18:54+00:00"
"https://www.data.gov.uk/dataset/e73f67df-1aa9-4778-935b-99f779b3ee30/accessibility-destination-datasets","e73f67df-1aa9-4778-935b-99f779b3ee30","accessibility-destination-datasets","2012-01-06","2014-03-14","","b80a80e5-d5ba-44c8-8d98-9e1ecbc8ae88","http://data.dft.gov.uk/accessibility-destination-datasets/Destination-Data-08-09-10.zip","","","","department-for-transport","e4900b3b-a7f8-447a-bd5e-43735f8f1b4a","404","NOT_FOUND","","404","NOT_FOUND","","TRUE","2026-06-15T17:48+00:00"
"https://www.data.gov.uk/dataset/9a923c0c-7b79-436d-976a-8422802e2e18/regional-rail-usage","9a923c0c-7b79-436d-976a-8422802e2e18","regional-rail-usage","2016-04-04","2020-10-08","","897ad084-2b94-44fc-96f0-ecc8f1ce1c1f","https://dataportal.orr.gov.uk/statistics/usage/freight-rail-usage-and-performance/freight-train-kilometres-by-operator-table-1325-1/","2020-07-31","","2020-07-31","office-of-rail-and-road","b4acafd0-ade7-4d67-a0ec-3a30a1896f9f","404","NOT_FOUND","","404","NOT_FOUND","","TRUE","2026-06-15T17:33+00:00"
"https://www.data.gov.uk/dataset/61eaa66f-d1c3-47a6-8ec2-8c17fc826f0b/quarterly_bus_statistics","61eaa66f-d1c3-47a6-8ec2-8c17fc826f0b","quarterly_bus_statistics","2011-12-11","2014-09-23","","e260eda8-1236-4d7b-93be-d62913eba8df","https://www.gov.uk/government/publications/quarterly-bus-statistics-oct-to-dec-q4-2013","2014-03-11","","2014-03-11","department-for-transport","e4900b3b-a7f8-447a-bd5e-43735f8f1b4a","404","NOT_FOUND","","404","NOT_FOUND","","TRUE","2026-06-15T20:33+00:00"
"https://www.data.gov.uk/dataset/d7bfbaf5-15d8-409a-87c1-2d98a1292554/affordable-housing-completed","d7bfbaf5-15d8-409a-87c1-2d98a1292554","affordable-housing-completed","2016-12-19","2016-12-19","d7bfbaf5-15d8-409a-87c1-2d98a1292554","946b65c8-63b0-4c62-8fc0-e283da70db08","http://www.thedata.place/dataset/d7bfbaf5-15d8-409a-87c1-2d98a1292554/resource/946b65c8-63b0-4c62-8fc0-e283da70db08/download/affordable-housing-completed.csv","2016-11-17","2016-11-17","2016-11-17","plymouth-city-council","00cb3d53-764a-466b-878d-6976afaf1bfe","403","OTHER_CLIENT_ERROR","","404","NOT_FOUND","","TRUE","2026-06-15T17:11+00:00"
"https://www.data.gov.uk/dataset/7f06a77b-444e-490a-a505-8fc8ed62268f/vehicle_licensing_statistics_great_britain","7f06a77b-444e-490a-a505-8fc8ed62268f","vehicle_licensing_statistics_great_britain","2011-12-11","2016-01-26","","322fcdcb-c398-430a-bb6d-e39e35786dfb","https://www.gov.uk/government/statistical-data-sets/veh01-vehicles-registered-for-the-first-time","2013-03-08","","2013-03-08","department-for-transport","e4900b3b-a7f8-447a-bd5e-43735f8f1b4a","404","NOT_FOUND","","404","NOT_FOUND","","TRUE","2026-06-15T20:40+00:00"
"https://www.data.gov.uk/dataset/4f61e6de-6737-481d-a0f2-6a5ed6efc676/compendia","4f61e6de-6737-481d-a0f2-6a5ed6efc676","compendia","2020-07-31","2020-10-08","","4775d2da-035f-4e7b-9223-86135f669403","https://dataportal.orr.gov.uk/media/1771/table-2214-merseyrail.ods","2020-07-31","","2020-07-31","office-of-rail-and-road","b4acafd0-ade7-4d67-a0ec-3a30a1896f9f","404","NOT_FOUND","","404","NOT_FOUND","","TRUE","2026-06-15T17:02+00:00"
"https://www.data.gov.uk/dataset/605c7ee2-162a-4f5f-a16a-45e8c46bf0dc/census-limiting-long-term-illness-2011","605c7ee2-162a-4f5f-a16a-45e8c46bf0dc","census-limiting-long-term-illness-2011","2016-12-19","2016-12-19","605c7ee2-162a-4f5f-a16a-45e8c46bf0dc","15fe8586-0460-4b28-b867-58304d4944b8","http://www.thedata.place/dataset/605c7ee2-162a-4f5f-a16a-45e8c46bf0dc/resource/15fe8586-0460-4b28-b867-58304d4944b8/download/19-census--limiting-long-term-illness-2011.csv","2016-12-01","2016-12-01","2016-12-01","plymouth-city-council","00cb3d53-764a-466b-878d-6976afaf1bfe","403","OTHER_CLIENT_ERROR","","404","NOT_FOUND","","TRUE","2026-06-15T16:53+00:00"
"https://www.data.gov.uk/dataset/789fd6df-87a9-4144-bc59-62b0b84e59f0/dft-minister-external-meetings","789fd6df-87a9-4144-bc59-62b0b84e59f0","dft-minister-external-meetings","2011-12-09","2026-05-06","","1666e718-9871-4cd7-a121-a9516711957b","http://data.dft.gov.uk/dft-minister-external-meetings/disclosure-minister-external-meetings-dft-jul-sept2012.csv","","","2021-10-21","department-for-transport","e4900b3b-a7f8-447a-bd5e-43735f8f1b4a","404","NOT_FOUND","","404","NOT_FOUND","","TRUE","2026-06-15T16:56+00:00"
"https://www.data.gov.uk/dataset/616c1f4f-151f-4859-9177-142c4135da2d/article-4-area","616c1f4f-151f-4859-9177-142c4135da2d","article-4-area","2024-11-02","2024-11-02","616c1f4f-151f-4859-9177-142c4135da2d","dbdb8fee-fa7d-4c49-830a-2732259fa978","https://plymouth.thedata.place/dataset/616c1f4f-151f-4859-9177-142c4135da2d/resource/dbdb8fee-fa7d-4c49-830a-2732259fa978/download/article_4_direction_area_plymouth.geojson","2024-10-21","","2024-11-02","plymouth-city-council","00cb3d53-764a-466b-878d-6976afaf1bfe","404","NOT_FOUND","","404","NOT_FOUND","","TRUE","2026-06-15T17:21+00:00"
"https://www.data.gov.uk/dataset/4f61e6de-6737-481d-a0f2-6a5ed6efc676/compendia","4f61e6de-6737-481d-a0f2-6a5ed6efc676","compendia","2020-07-31","2020-10-08","","bd70e513-ae3e-41fe-ad0b-c12852ae9f47","https://dataportal.orr.gov.uk/media/1762/table-2205-crosscountry.ods","2020-07-31","","2020-07-31","office-of-rail-and-road","b4acafd0-ade7-4d67-a0ec-3a30a1896f9f","404","NOT_FOUND","","404","NOT_FOUND","","TRUE","2026-06-15T17:11+00:00"
"https://www.data.gov.uk/dataset/86401518-512c-449c-88fe-dbbe41bdf5f2/road_goods_vehicles_travelling_to_mainland_europe","86401518-512c-449c-88fe-dbbe41bdf5f2","road_goods_vehicles_travelling_to_mainland_europe","2011-12-10","2014-08-21","","2f02e0eb-10e7-4cfe-a317-6bac1daa8338","https://www.gov.uk/government/publications/road-goods-vehicles-travelling-to-mainland-europe-quarter-4-2012","2013-10-01","","2013-10-01","department-for-transport","e4900b3b-a7f8-447a-bd5e-43735f8f1b4a","404","NOT_FOUND","","404","NOT_FOUND","","TRUE","2026-06-15T20:41+00:00"
"https://www.data.gov.uk/dataset/e178149c-5f84-4343-97bd-8f44151b73c9/mortality-rate-per-10-000-people-2012-2014","e178149c-5f84-4343-97bd-8f44151b73c9","mortality-rate-per-10-000-people-2012-2014","2016-12-19","2016-12-19","e178149c-5f84-4343-97bd-8f44151b73c9","cb4f037d-d14e-4f9b-8737-99be2997092b","http://www.thedata.place/dataset/e178149c-5f84-4343-97bd-8f44151b73c9/resource/cb4f037d-d14e-4f9b-8737-99be2997092b/download/20-mortality-rate-per-10000-2012---2014.csv","2016-12-01","2016-12-01","2016-12-01","plymouth-city-council","00cb3d53-764a-466b-878d-6976afaf1bfe","403","OTHER_CLIENT_ERROR","","404","NOT_FOUND","","TRUE","2026-06-15T17:13+00:00"
"https://www.data.gov.uk/dataset/3b9f3e9f-9e0f-426c-ba5a-46dfceef182a/dft-permanent-secretary-meetings-with-external-organisations","3b9f3e9f-9e0f-426c-ba5a-46dfceef182a","dft-permanent-secretary-meetings-with-external-organisations","2011-12-09","2026-05-06","","93414a41-71e6-4e6d-8339-30c57ccda186","http://data.dft.gov.uk/dft-permanent-secretary-meetings-with-external-organisations/permsec-external-meetings-apr-jun2012.csv","","","","department-for-transport","e4900b3b-a7f8-447a-bd5e-43735f8f1b4a","404","NOT_FOUND","","404","NOT_FOUND","","TRUE","2026-06-15T16:39+00:00"
"https://www.data.gov.uk/dataset/9a923c0c-7b79-436d-976a-8422802e2e18/regional-rail-usage","9a923c0c-7b79-436d-976a-8422802e2e18","regional-rail-usage","2016-04-04","2020-10-08","","160825ed-99e5-4583-9adb-f2f7f199f98e","https://dataportal.orr.gov.uk/statistics/usage/freight-rail-usage-and-performance/freight-lifted-table-136-1/","2020-07-31","","2020-07-31","office-of-rail-and-road","b4acafd0-ade7-4d67-a0ec-3a30a1896f9f","404","NOT_FOUND","","404","NOT_FOUND","","TRUE","2026-06-15T17:28+00:00"
"https://www.data.gov.uk/dataset/d31ecfe5-7c1c-4ad0-8faa-754ebab24bd6/vehicle_excise_duty_evasion_estimates","d31ecfe5-7c1c-4ad0-8faa-754ebab24bd6","vehicle_excise_duty_evasion_estimates","2011-12-20","2016-01-26","","c139e5bb-6941-4396-8a9e-44aa35e6b858","https://www.gov.uk/government/publications/vehicle-excise-duty-evasion-estimates-2013","2013-12-13","","2013-12-13","department-for-transport","e4900b3b-a7f8-447a-bd5e-43735f8f1b4a","404","NOT_FOUND","","404","NOT_FOUND","","TRUE","2026-06-15T20:52+00:00"
"https://www.data.gov.uk/dataset/5a0350ba-ab37-4bc2-9b41-ae1088493880/smoking-2014-wellbeing-survey","5a0350ba-ab37-4bc2-9b41-ae1088493880","smoking-2014-wellbeing-survey","2016-12-19","2016-12-19","5a0350ba-ab37-4bc2-9b41-ae1088493880","1384bb74-94ba-460b-b4f4-95a1bc794f69","http://www.thedata.place/dataset/5a0350ba-ab37-4bc2-9b41-ae1088493880/resource/1384bb74-94ba-460b-b4f4-95a1bc794f69/download/7-smoking2014.csv","2016-12-01","2016-12-01","2016-12-01","plymouth-city-council","00cb3d53-764a-466b-878d-6976afaf1bfe","403","OTHER_CLIENT_ERROR","","404","NOT_FOUND","","TRUE","2026-06-15T16:52+00:00"
"https://www.data.gov.uk/dataset/8740c89f-5569-4429-bc9f-308d6edd6f5a/dft-workforce-management-information","8740c89f-5569-4429-bc9f-308d6edd6f5a","dft-workforce-management-information","2011-10-27","2026-05-20","","f402b7c6-3bde-4580-afff-bbe06ae38b53","https://assets.publishing.service.gov.uk/government/uploads/system/uploads/attachment_data/file/1060352/dft-workforce-management-information-january-2022.csv/preview","2022-03-11","","2022-03-11","department-for-transport","e4900b3b-a7f8-447a-bd5e-43735f8f1b4a","404","NOT_FOUND","","404","NOT_FOUND","","TRUE","2026-06-15T19:42+00:00"
"https://www.data.gov.uk/dataset/c1413f0f-8ad0-48d2-ae98-ad22c97db509/dft-senior-officials-business-expenses","c1413f0f-8ad0-48d2-ae98-ad22c97db509","dft-senior-officials-business-expenses","2011-12-09","2026-05-06","","4cbfb7e3-b3bf-4ef0-920d-d52922710c13","https://assets.publishing.service.gov.uk/government/uploads/system/uploads/attachment_data/file/930764/dft-senior-officials-expenses-april-june-2020.csv/preview","2020-10-29","","2021-10-21","department-for-transport","e4900b3b-a7f8-447a-bd5e-43735f8f1b4a","404","NOT_FOUND","","404","NOT_FOUND","","TRUE","2026-06-15T20:03+00:00"
"https://www.data.gov.uk/dataset/a74ae4b0-b8d1-4be8-b775-5bc983ee61b0/transport-direct-supplementary-data","a74ae4b0-b8d1-4be8-b775-5bc983ee61b0","transport-direct-supplementary-data","2014-06-27","2015-02-19","","2bb2630a-8c21-4fc8-a5dc-4dd1dc82abee","http://www.journeyweb.org.uk/SupportingFiles/140905 TD Open Data Files Guidance v2.0.pdf","2014-06-27","","2014-06-27","department-for-transport","e4900b3b-a7f8-447a-bd5e-43735f8f1b4a","404","NOT_FOUND","","404","NOT_FOUND","","TRUE","2026-06-15T16:36+00:00"
"https://www.data.gov.uk/dataset/9a923c0c-7b79-436d-976a-8422802e2e18/regional-rail-usage","9a923c0c-7b79-436d-976a-8422802e2e18","regional-rail-usage","2016-04-04","2020-10-08","","02c02876-aee8-447f-8268-daaad7d13c00","https://dataportal.orr.gov.uk/media/1220/estimates-of-station-usage-2017-18.xlsx","2020-07-31","","2020-07-31","office-of-rail-and-road","b4acafd0-ade7-4d67-a0ec-3a30a1896f9f","404","NOT_FOUND","","404","NOT_FOUND","","TRUE","2026-06-15T17:25+00:00"
"https://www.data.gov.uk/dataset/eab595a5-0665-46d2-a65e-657fd9831320/free_flow_vehicle_speeds_in_great_britain","eab595a5-0665-46d2-a65e-657fd9831320","free_flow_vehicle_speeds_in_great_britain","2014-06-05","2014-06-05","","f3bfb8ac-cb71-4bb4-973f-ec5a9b298004","https://www.gov.uk/government/publications/free-flow-vehicle-speeds-in-great-britain-2013","2014-06-05","","2014-06-05","department-for-transport","e4900b3b-a7f8-447a-bd5e-43735f8f1b4a","404","NOT_FOUND","","404","NOT_FOUND","","TRUE","2026-06-15T20:54+00:00"
"https://www.data.gov.uk/dataset/8ee959a9-1697-4c5e-ab52-26336b45bb42/valid-applications-received-by-year-and-type-of-application-2004-2016","8ee959a9-1697-4c5e-ab52-26336b45bb42","valid-applications-received-by-year-and-type-of-application-2004-2016","2016-12-19","2016-12-19","8ee959a9-1697-4c5e-ab52-26336b45bb42","7fde5ca7-5f35-489f-95f1-f410afa76b27","http://www.thedata.place/dataset/8ee959a9-1697-4c5e-ab52-26336b45bb42/resource/7fde5ca7-5f35-489f-95f1-f410afa76b27/download/02-valid-applications-received----by-year-and-type-of-application.csv","2016-12-01","2016-12-01","2016-12-01","plymouth-city-council","00cb3d53-764a-466b-878d-6976afaf1bfe","403","OTHER_CLIENT_ERROR","","404","NOT_FOUND","","TRUE","2026-06-15T17:02+00:00"
"https://www.data.gov.uk/dataset/91765ff4-743f-4ba8-bfde-737bd1d0f921/dft-gpc-spend","91765ff4-743f-4ba8-bfde-737bd1d0f921","dft-gpc-spend","2011-10-27","2026-04-08","","c0696a24-2c2d-4020-906d-149933d0daa6","http://data.dft.gov.uk/gpc-spend/dft-gpc-spend-201210.csv","2016-07-13","","2021-08-26","department-for-transport","e4900b3b-a7f8-447a-bd5e-43735f8f1b4a","404","NOT_FOUND","","404","NOT_FOUND","","TRUE","2026-06-15T17:09+00:00"
"https://www.data.gov.uk/dataset/4f61e6de-6737-481d-a0f2-6a5ed6efc676/compendia","4f61e6de-6737-481d-a0f2-6a5ed6efc676","compendia","2020-07-31","2020-10-08","","b6f08957-7ffe-4e6f-85a6-5de6578d0687","https://dataportal.orr.gov.uk/media/1769/table-2212-london-north-eastern-railway.ods","2020-07-31","","2020-07-31","office-of-rail-and-road","b4acafd0-ade7-4d67-a0ec-3a30a1896f9f","404","NOT_FOUND","","404","NOT_FOUND","","TRUE","2026-06-15T17:11+00:00"
"https://www.data.gov.uk/dataset/f30b3e5d-42d0-4bb4-8f4d-1aefce5e113d/road_freight_statistics_quarterly","f30b3e5d-42d0-4bb4-8f4d-1aefce5e113d","road_freight_statistics_quarterly","2013-03-08","2014-05-10","","16bc7ce4-bd6d-4e03-942c-ba0203726700","https://www.gov.uk/government/publications/road-freight-statistics-quarter-1-2011","2013-09-01","","2013-09-01","department-for-transport","e4900b3b-a7f8-447a-bd5e-43735f8f1b4a","404","NOT_FOUND","","404","NOT_FOUND","","TRUE","2026-06-15T20:55+00:00"
"https://www.data.gov.uk/dataset/2d6f1182-ea07-4f78-abda-9fd2a3df33a7/diet-x5-or-more-fruit-and-veg-a-day-2014","2d6f1182-ea07-4f78-abda-9fd2a3df33a7","diet-x5-or-more-fruit-and-veg-a-day-2014","2016-12-19","2016-12-19","2d6f1182-ea07-4f78-abda-9fd2a3df33a7","0b3ef6b5-d42f-485c-b01b-8874ee54a564","http://www.thedata.place/dataset/2d6f1182-ea07-4f78-abda-9fd2a3df33a7/resource/0b3ef6b5-d42f-485c-b01b-8874ee54a564/download/10-diet-5ormorefruitveg-a-day2014.csv","2016-12-01","2016-12-01","2016-12-01","plymouth-city-council","00cb3d53-764a-466b-878d-6976afaf1bfe","403","OTHER_CLIENT_ERROR","","404","NOT_FOUND","","TRUE","2026-06-15T16:46+00:00"
"https://www.data.gov.uk/dataset/91765ff4-743f-4ba8-bfde-737bd1d0f921/dft-gpc-spend","91765ff4-743f-4ba8-bfde-737bd1d0f921","dft-gpc-spend","2011-10-27","2026-04-08","","15615e8a-b293-4b39-a747-94999f6234cf","https://assets.publishing.service.gov.uk/government/uploads/system/uploads/attachment_data/file/927609/dft-spending-over-500-august-2020.csv/preview","2020-10-29","","2021-08-26","department-for-transport","e4900b3b-a7f8-447a-bd5e-43735f8f1b4a","404","NOT_FOUND","","404","NOT_FOUND","","TRUE","2026-06-15T19:45+00:00"
"https://www.data.gov.uk/dataset/c8192df5-642b-49d1-a6c2-249c84baaed8/rail_infrastrcture","c8192df5-642b-49d1-a6c2-249c84baaed8","rail_infrastrcture","2013-03-08","2020-10-08","","6debe34f-7b54-4fd0-aec3-74447e86640b","https://dataportal.orr.gov.uk/statistics/infrastructure-and-emissions/asset-condition/station-stewardship-measure-for-category-c-stations-table-296/","2016-04-04","","2016-04-04","office-of-rail-and-road","b4acafd0-ade7-4d67-a0ec-3a30a1896f9f","404","NOT_FOUND","","404","NOT_FOUND","","TRUE","2026-06-15T17:45+00:00"
"https://www.data.gov.uk/dataset/86401518-512c-449c-88fe-dbbe41bdf5f2/road_goods_vehicles_travelling_to_mainland_europe","86401518-512c-449c-88fe-dbbe41bdf5f2","road_goods_vehicles_travelling_to_mainland_europe","2011-12-10","2014-08-21","","9033a22f-3f3b-4005-8431-fbb1213c6331","https://www.gov.uk/government/publications/road-goods-vehicles-travelling-to-mainland-europe-quarter-3-2012","2013-03-08","","2013-03-08","department-for-transport","e4900b3b-a7f8-447a-bd5e-43735f8f1b4a","404","NOT_FOUND","","404","NOT_FOUND","","TRUE","2026-06-15T20:41+00:00"
"https://www.data.gov.uk/dataset/dd014b47-aaf4-4296-8d1c-e6830c003eb4/plymouth-city-council-fraud-statistics-2015","dd014b47-aaf4-4296-8d1c-e6830c003eb4","plymouth-city-council-fraud-statistics-2015","2016-12-19","2016-12-19","dd014b47-aaf4-4296-8d1c-e6830c003eb4","a7bb68ef-4134-4d8c-adf5-7eb7623594bb","http://www.thedata.place/dataset/dd014b47-aaf4-4296-8d1c-e6830c003eb4/resource/a7bb68ef-4134-4d8c-adf5-7eb7623594bb/download/fraud-statistics-2015.csv","2016-06-22","2016-06-22","2016-06-22","plymouth-city-council","00cb3d53-764a-466b-878d-6976afaf1bfe","403","OTHER_CLIENT_ERROR","","404","NOT_FOUND","","TRUE","2026-06-15T17:13+00:00"
"https://www.data.gov.uk/dataset/4f61e6de-6737-481d-a0f2-6a5ed6efc676/compendia","4f61e6de-6737-481d-a0f2-6a5ed6efc676","compendia","2020-07-31","2020-10-08","","a0bbe35a-dd72-4697-9ace-777940b81649","https://dataportal.orr.gov.uk/media/1767/table-2210-greater-anglia.ods","2020-07-31","","2020-07-31","office-of-rail-and-road","b4acafd0-ade7-4d67-a0ec-3a30a1896f9f","404","NOT_FOUND","","404","NOT_FOUND","","TRUE","2026-06-15T17:09+00:00"
"https://www.data.gov.uk/dataset/6e0e02ce-1778-48bc-90e4-4d91a230dc91/sea_passenger_statistics","6e0e02ce-1778-48bc-90e4-4d91a230dc91","sea_passenger_statistics","2011-12-11","2014-05-10","","e48a9a98-1b89-4c54-99bf-238e3dc51a66","https://www.gov.uk/government/publications/sea-passenger-statistics-2012","2013-10-01","","2013-10-01","department-for-transport","e4900b3b-a7f8-447a-bd5e-43735f8f1b4a","404","NOT_FOUND","","404","NOT_FOUND","","TRUE","2026-06-15T20:36+00:00"
"https://www.data.gov.uk/dataset/0a8fa40f-730a-41a9-9585-fd91f9bda0b8/empty-homes-brought-back-into-use","0a8fa40f-730a-41a9-9585-fd91f9bda0b8","empty-homes-brought-back-into-use","2016-12-19","2016-12-19","0a8fa40f-730a-41a9-9585-fd91f9bda0b8","ce0eccf4-e96f-4e5b-8476-b98b0aa546dc","http://www.thedata.place/dataset/0a8fa40f-730a-41a9-9585-fd91f9bda0b8/resource/ce0eccf4-e96f-4e5b-8476-b98b0aa546dc/download/empty-homes-brought-back-into-use.csv","2016-11-17","2016-11-17","2016-11-17","plymouth-city-council","00cb3d53-764a-466b-878d-6976afaf1bfe","403","OTHER_CLIENT_ERROR","","404","NOT_FOUND","","TRUE","2026-06-15T16:31+00:00"
"https://www.data.gov.uk/dataset/8740c89f-5569-4429-bc9f-308d6edd6f5a/dft-workforce-management-information","8740c89f-5569-4429-bc9f-308d6edd6f5a","dft-workforce-management-information","2011-10-27","2026-05-20","","4fb5426a-2d02-4045-bbb0-d5336a3c68d5","https://draft-origin.publishing.service.gov.uk/government/uploads/system/uploads/attachment_data/file/976254/dft-monthly-workforce-management-information-september-2020.csv","2021-04-07","","2021-08-27","department-for-transport","e4900b3b-a7f8-447a-bd5e-43735f8f1b4a","200","OK","","404","NOT_FOUND","","FALSE","2026-06-15T16:38+00:00"
"https://www.data.gov.uk/dataset/7f06a77b-444e-490a-a505-8fc8ed62268f/vehicle_licensing_statistics_great_britain","7f06a77b-444e-490a-a505-8fc8ed62268f","vehicle_licensing_statistics_great_britain","2011-12-11","2016-01-26","","e64a55e9-c871-4930-ba70-1de81e24c670","https://www.gov.uk/government/statistical-data-sets/veh01-vehicles-registered-for-the-first-time","2013-03-12","","2013-03-12","department-for-transport","e4900b3b-a7f8-447a-bd5e-43735f8f1b4a","404","NOT_FOUND","","404","NOT_FOUND","","TRUE","2026-06-15T20:40+00:00"
"https://www.data.gov.uk/dataset/6f372be2-03f5-495e-b32b-2af882c12bdb/household-composition-plymouth","6f372be2-03f5-495e-b32b-2af882c12bdb","household-composition-plymouth","2016-12-19","2016-12-19","6f372be2-03f5-495e-b32b-2af882c12bdb","40a6bef2-4987-46ad-81cd-892e9d405a4c","http://www.thedata.place/dataset/6f372be2-03f5-495e-b32b-2af882c12bdb/resource/40a6bef2-4987-46ad-81cd-892e9d405a4c/download/household-composition2011.csv","2016-10-05","2016-10-05","2016-10-05","plymouth-city-council","00cb3d53-764a-466b-878d-6976afaf1bfe","403","OTHER_CLIENT_ERROR","","404","NOT_FOUND","","TRUE","2026-06-15T16:56+00:00"
"https://www.data.gov.uk/dataset/b7ed2f60-9633-49de-b0cd-a47af1c66181/dft-senior-officials-hospitality","b7ed2f60-9633-49de-b0cd-a47af1c66181","dft-senior-officials-hospitality","2011-12-09","2026-05-06","","68a9c349-00e1-4794-8681-014d9fa70d8e","http://data.dft.gov.uk/dft-senior-officials-hospitality/dft-senior-officials-hospitality-jul-sept2012.csv","","","2021-10-21","department-for-transport","e4900b3b-a7f8-447a-bd5e-43735f8f1b4a","404","NOT_FOUND","","404","NOT_FOUND","","TRUE","2026-06-15T17:14+00:00"
"https://www.data.gov.uk/dataset/c8192df5-642b-49d1-a6c2-249c84baaed8/rail_infrastrcture","c8192df5-642b-49d1-a6c2-249c84baaed8","rail_infrastrcture","2013-03-08","2020-10-08","","b5c09ac9-78df-4b3e-b6f2-827eb3e206ba","https://dataportal.orr.gov.uk/statistics/infrastructure-and-emissions/rail-infrastructure-and-assets/network-capability-changes-detailed-report-table-264/","2016-04-04","","2016-04-04","office-of-rail-and-road","b4acafd0-ade7-4d67-a0ec-3a30a1896f9f","404","NOT_FOUND","","404","NOT_FOUND","","TRUE","2026-06-15T17:46+00:00"
"https://www.data.gov.uk/dataset/7268ce51-7e05-4420-b50d-81503721c88c/financial-transactions-data-nhs-blood-and-transplant","7268ce51-7e05-4420-b50d-81503721c88c","financial-transactions-data-nhs-blood-and-transplant","2010-11-23","2014-03-10","","5205c352-56b6-40c7-b786-f438646fd566","http://www.nhsbt.nhs.uk/download/201401_Transparency_Spend.csv","2014-03-10","","2014-03-10","nhs-blood-and-transplant","51947347-20a4-4253-a9e1-2506b6d91c97","404","NOT_FOUND","","404","NOT_FOUND","","TRUE","2026-06-15T16:46+00:00"
"https://www.data.gov.uk/dataset/4f61e6de-6737-481d-a0f2-6a5ed6efc676/compendia","4f61e6de-6737-481d-a0f2-6a5ed6efc676","compendia","2020-07-31","2020-10-08","","1062548d-4994-485b-ac6b-a94c57277063","https://dataportal.orr.gov.uk/media/1775/table-2218-southeastern.ods","2020-07-31","","2020-07-31","office-of-rail-and-road","b4acafd0-ade7-4d67-a0ec-3a30a1896f9f","404","NOT_FOUND","","404","NOT_FOUND","","TRUE","2026-06-15T16:56+00:00"
"https://www.data.gov.uk/dataset/949e99cb-b91e-4e42-852b-dce176befaaf/rail_passenger_numbers_and_crowding","949e99cb-b91e-4e42-852b-dce176befaaf","rail_passenger_numbers_and_crowding","2013-07-24","2014-09-10","","8b154f44-ae70-4156-899a-99932e46f6d3","https://www.gov.uk/government/publications/rail-passenger-numbers-and-crowding-on-weekdays-in-major-cities-in-england-and-wales-2012","2013-09-01","","2013-09-01","department-for-transport","e4900b3b-a7f8-447a-bd5e-43735f8f1b4a","404","NOT_FOUND","","404","NOT_FOUND","","TRUE","2026-06-15T20:43+00:00"
"https://www.data.gov.uk/dataset/67c53878-39b1-4413-95a2-7f6fc5766534/car-and-van-availability-plymouth","67c53878-39b1-4413-95a2-7f6fc5766534","car-and-van-availability-plymouth","2016-12-19","2016-12-19","67c53878-39b1-4413-95a2-7f6fc5766534","193e8e16-bd47-4541-b95a-7d7c7ded3880","http://www.thedata.place/dataset/67c53878-39b1-4413-95a2-7f6fc5766534/resource/193e8e16-bd47-4541-b95a-7d7c7ded3880/download/car-or-van-availability2011.csv","2016-09-28","2016-09-28","2016-09-28","plymouth-city-council","00cb3d53-764a-466b-878d-6976afaf1bfe","404","NOT_FOUND","","404","NOT_FOUND","","TRUE","2026-06-15T16:55+00:00"
"https://www.data.gov.uk/dataset/8838af1f-53cb-4a05-9c22-0f482e2943e2/https-dataportal-orr-gov-uk","8838af1f-53cb-4a05-9c22-0f482e2943e2","https-dataportal-orr-gov-uk","2013-03-08","2020-10-08","","c3da4ce4-e7b6-4dea-85b4-060479eff487","https://dataportal.orr.gov.uk/statistics/passenger-experience/passenger-rail-service-complaints/complaint-categories-for-appeals-closed-by-transport-focus-and-london-travelwatch-table-1416/","2016-04-01","","2016-04-01","office-of-rail-and-road","b4acafd0-ade7-4d67-a0ec-3a30a1896f9f","404","NOT_FOUND","","404","NOT_FOUND","","TRUE","2026-06-15T17:22+00:00"
"https://www.data.gov.uk/dataset/e706b67f-1a76-4c7d-979f-bf2e46d6ed46/national_travel_survey","e706b67f-1a76-4c7d-979f-bf2e46d6ed46","national_travel_survey","2011-12-10","2014-07-29","","68ac8893-9da3-4dbe-8ad1-441e595f5a35","https://www.gov.uk/government/publications/national-travel-survey-2010","2013-03-12","","2013-03-12","department-for-transport","e4900b3b-a7f8-447a-bd5e-43735f8f1b4a","404","NOT_FOUND","","404","NOT_FOUND","","TRUE","2026-06-15T20:54+00:00"
"https://www.data.gov.uk/dataset/7403e57f-3df1-4fc6-b4c2-890456652ff4/housing-land-supply","7403e57f-3df1-4fc6-b4c2-890456652ff4","housing-land-supply","2016-12-19","2016-12-19","7403e57f-3df1-4fc6-b4c2-890456652ff4","6a92ba74-2f9e-4cdb-b7fb-04d92d5a317f","http://www.thedata.place/dataset/7403e57f-3df1-4fc6-b4c2-890456652ff4/resource/6a92ba74-2f9e-4cdb-b7fb-04d92d5a317f/download/housing-land-supply.csv","2016-11-17","2016-11-17","2016-11-17","plymouth-city-council","00cb3d53-764a-466b-878d-6976afaf1bfe","403","OTHER_CLIENT_ERROR","","404","NOT_FOUND","","TRUE","2026-06-15T16:58+00:00"
"https://www.data.gov.uk/dataset/89ed1604-1766-49c0-b284-d16b6b35631f/dft-minister-special-adviser-hospitality","89ed1604-1766-49c0-b284-d16b6b35631f","dft-minister-special-adviser-hospitality","2011-12-09","2026-05-06","","2f53f1fe-0663-430e-a6a5-da0f1dd098c4","http://data.dft.gov.uk/dft-minister-special-adviser-hospitality/disclosure-ministerial-hospitality-received-dft-jul-sept2012.csv","","","2021-10-21","department-for-transport","e4900b3b-a7f8-447a-bd5e-43735f8f1b4a","404","NOT_FOUND","","404","NOT_FOUND","","TRUE","2026-06-15T17:03+00:00"
"https://www.data.gov.uk/dataset/8838af1f-53cb-4a05-9c22-0f482e2943e2/https-dataportal-orr-gov-uk","8838af1f-53cb-4a05-9c22-0f482e2943e2","https-dataportal-orr-gov-uk","2013-03-08","2020-10-08","","d47f1213-d801-45a0-a966-7dd90c11a224","https://dataportal.orr.gov.uk/statistics/passenger-experience/passenger-rail-service-complaints/passenger-satisfaction-with-complaints-handling-table-1419/","2020-07-31","","2020-07-31","office-of-rail-and-road","b4acafd0-ade7-4d67-a0ec-3a30a1896f9f","404","NOT_FOUND","","404","NOT_FOUND","","TRUE","2026-06-15T17:24+00:00"
"https://www.data.gov.uk/dataset/216d90b2-989b-4bf5-926b-3040a14123f3/concessionary_travel_statistics","216d90b2-989b-4bf5-926b-3040a14123f3","concessionary_travel_statistics","2013-03-08","2014-09-23","","c751601f-7b4e-4bdb-b14a-92b3c75f50f5","https://www.gov.uk/government/publications/concessionary-travel-statistics-2012-13","2013-10-01","","2013-10-01","department-for-transport","e4900b3b-a7f8-447a-bd5e-43735f8f1b4a","404","NOT_FOUND","","404","NOT_FOUND","","TRUE","2026-06-15T19:35+00:00"
"https://www.data.gov.uk/dataset/52e1e2ab-5687-489b-a4d8-b207cd5d6767/roadside-survey-of-vehicles","52e1e2ab-5687-489b-a4d8-b207cd5d6767","roadside-survey-of-vehicles","2012-07-17","2017-03-16","","1b2f558b-bc17-48d7-83a8-ee062a54d99c","http://data.dft.gov.uk/anonymised-roadside-survey/2010RoadsideSurvey.zip","2012-07-18","","2012-07-18","department-for-transport","e4900b3b-a7f8-447a-bd5e-43735f8f1b4a","404","NOT_FOUND","","404","NOT_FOUND","","TRUE","2026-06-15T16:45+00:00"
"https://www.data.gov.uk/dataset/3352b74f-6943-4b85-8a03-f16be190c0de/gpc-spend-financial-transactions-data-nhs-blood-and-transplant","3352b74f-6943-4b85-8a03-f16be190c0de","gpc-spend-financial-transactions-data-nhs-blood-and-transplant","2012-01-31","2014-10-30","","500fb654-325d-4217-ae67-a329c0e3c697","http://www.nhsbt.nhs.uk/download/gpc_spend_october13.xls","2014-03-10","","2014-03-10","nhs-blood-and-transplant","51947347-20a4-4253-a9e1-2506b6d91c97","404","NOT_FOUND","","404","NOT_FOUND","","TRUE","2026-06-15T16:34+00:00"
"https://www.data.gov.uk/dataset/7f06a77b-444e-490a-a505-8fc8ed62268f/vehicle_licensing_statistics_great_britain","7f06a77b-444e-490a-a505-8fc8ed62268f","vehicle_licensing_statistics_great_britain","2011-12-11","2016-01-26","","6bfc6ca7-7d8f-4d08-a5d2-4fa437245aa2","https://www.gov.uk/government/statistical-data-sets/veh01-vehicles-registered-for-the-first-time","2013-10-01","","2013-10-01","department-for-transport","e4900b3b-a7f8-447a-bd5e-43735f8f1b4a","404","NOT_FOUND","","404","NOT_FOUND","","TRUE","2026-06-15T20:40+00:00"
"https://www.data.gov.uk/dataset/4f61e6de-6737-481d-a0f2-6a5ed6efc676/compendia","4f61e6de-6737-481d-a0f2-6a5ed6efc676","compendia","2020-07-31","2020-10-08","","848a26d4-8968-4e41-99a9-9193b2d581db","https://dataportal.orr.gov.uk/media/1784/table-2204-chiltern-railways.ods","2020-07-31","","2020-07-31","office-of-rail-and-road","b4acafd0-ade7-4d67-a0ec-3a30a1896f9f","404","NOT_FOUND","","404","NOT_FOUND","","TRUE","2026-06-15T17:06+00:00"
"https://www.data.gov.uk/dataset/588e125a-df4d-4eec-867d-183e00bfdcda/dnpa-tree-preservation-orders-old","588e125a-df4d-4eec-867d-183e00bfdcda","dnpa-tree-preservation-orders-old","2013-11-28","2022-08-17","e6d08155-8eb6-448c-956b-131c63264f94","2a4b7511-d286-499b-8521-43d3d42a938c","https://maps.dartmoor.gov.uk/geoserver/inspire/ows?service=WFS&version=1.0.0&request=GetFeature&typeName=inspire:inspire_tpo_area&outputFormat=shape-zip","2022-08-17","","2022-08-17","dartmoor-national-park-authority","8011259e-de10-49e4-a010-169eb93d703c","","DNS_ERROR","Cannot connect to host maps.dartmoor.gov.uk:443 ssl:default [Name or service not known]","","DNS_ERROR","HTTPSConnectionPool(host='maps.dartmoor.gov.uk', port=443): Max retries exceeded with url: /geoserver/inspire/ows?service=WFS&version=1.0.0&request=GetFeature&typeName=inspire:inspire_tpo_area&outputFormat=shape-zip (Caused by NameResolutionError(""HTTPSConnection(host='maps.dartmoor.gov.uk', port=443): Failed to resolve 'maps.dartmoor.gov.uk' ([Errno -2] Name or service not known)""))","TRUE","2026-06-15T16:43+00:00"
"https://www.data.gov.uk/dataset/b83f6cc9-a4a8-4308-822a-99d8b44ff4df/office-of-rail-and-road-spending-over-25000-dataset","b83f6cc9-a4a8-4308-822a-99d8b44ff4df","office-of-rail-and-road-spending-over-25000-dataset","2015-07-29","2026-06-01","","0dd42a42-10d4-4af2-a569-1ed1dec418ca","http://orr.gov.uk/__data/assets/file/0019/26326/gpc-october-2017.csv","2017-12-19","","2021-08-16","office-of-rail-and-road","b4acafd0-ade7-4d67-a0ec-3a30a1896f9f","404","NOT_FOUND","","404","NOT_FOUND","","TRUE","2026-06-15T17:43+00:00"
"https://www.data.gov.uk/dataset/7268ce51-7e05-4420-b50d-81503721c88c/financial-transactions-data-nhs-blood-and-transplant","7268ce51-7e05-4420-b50d-81503721c88c","financial-transactions-data-nhs-blood-and-transplant","2010-11-23","2014-03-10","","9042eb70-6ccd-4a42-a971-6c71dfe56be9","http://www.nhsbt.nhs.uk/download/201312_Transparency_Spend.csv","2014-03-10","","2014-03-10","nhs-blood-and-transplant","51947347-20a4-4253-a9e1-2506b6d91c97","404","NOT_FOUND","","404","NOT_FOUND","","TRUE","2026-06-15T16:47+00:00"
"https://www.data.gov.uk/dataset/3f019082-8d50-4fd6-8925-ee20f288dfc9/dft-minister-overseas-travel","3f019082-8d50-4fd6-8925-ee20f288dfc9","dft-minister-overseas-travel","2011-12-09","2023-04-27","","df159cc9-31d0-4407-be5e-860dd63547a3","http://data.dft.gov.uk/dft-minister-overseas-travel/disclosure-ministerial-overseas-travel-dft-apr-jun2012.csv","","","","department-for-transport","e4900b3b-a7f8-447a-bd5e-43735f8f1b4a","404","NOT_FOUND","","404","NOT_FOUND","","TRUE","2026-06-15T16:43+00:00"
"https://www.data.gov.uk/dataset/f2b021c6-9812-464f-a1d3-399c982ae248/dartmoor-neighbourhood-plan-areas","f2b021c6-9812-464f-a1d3-399c982ae248","dartmoor-neighbourhood-plan-areas","2016-07-07","2021-10-11","","1c5fda28-1bc1-4aa7-867c-9a4d82afc609","https://maps.dartmoor.gov.uk/geoserver/general/ows?service=WFS&version=1.0.0&request=GetFeature&typeName=general:neighbourhood_plans&outputFormat=shape-zip","2016-07-07","","2021-10-11","dartmoor-national-park-authority","8011259e-de10-49e4-a010-169eb93d703c","","DNS_ERROR","Cannot connect to host maps.dartmoor.gov.uk:443 ssl:default [Name or service not known]","","DNS_ERROR","HTTPSConnectionPool(host='maps.dartmoor.gov.uk', port=443): Max retries exceeded with url: /geoserver/general/ows?service=WFS&version=1.0.0&request=GetFeature&typeName=general:neighbourhood_plans&outputFormat=shape-zip (Caused by NameResolutionError(""HTTPSConnection(host='maps.dartmoor.gov.uk', port=443): Failed to resolve 'maps.dartmoor.gov.uk' ([Errno -2] Name or service not known)""))","TRUE","2026-06-15T16:56+00:00"
"https://www.data.gov.uk/dataset/c8192df5-642b-49d1-a6c2-249c84baaed8/rail_infrastrcture","c8192df5-642b-49d1-a6c2-249c84baaed8","rail_infrastrcture","2013-03-08","2020-10-08","","5e9b2140-4791-4572-b553-129bbe9c6e27","https://dataportal.orr.gov.uk/statistics/infrastructure-and-emissions/asset-condition/station-stewardship-measure-for-category-d-stations-table-297/","2016-04-04","","2016-04-04","office-of-rail-and-road","b4acafd0-ade7-4d67-a0ec-3a30a1896f9f","404","NOT_FOUND","","404","NOT_FOUND","","TRUE","2026-06-15T17:45+00:00"
"https://www.data.gov.uk/dataset/fdf1e5d5-5ed9-4f34-8d2d-19157d771926/congestion_on_local_authority_managed_a_roads__","fdf1e5d5-5ed9-4f34-8d2d-19157d771926","congestion_on_local_authority_managed_a_roads__","2013-03-08","2014-05-09","","9017fa0c-b1ba-4cde-a2d9-8cd27bdbf15e","https://www.gov.uk/government/publications/congestion-on-local-authority-managed-a-roads-2011-12","2013-10-01","","2013-10-01","department-for-transport","e4900b3b-a7f8-447a-bd5e-43735f8f1b4a","404","NOT_FOUND","","404","NOT_FOUND","","TRUE","2026-06-15T20:57+00:00"
"https://www.data.gov.uk/dataset/616c1f4f-151f-4859-9177-142c4135da2d/article-4-area","616c1f4f-151f-4859-9177-142c4135da2d","article-4-area","2024-11-02","2024-11-02","616c1f4f-151f-4859-9177-142c4135da2d","d1c637e1-0503-4a22-bd37-8bd0e2de671d","https://plymouth.thedata.place/dataset/616c1f4f-151f-4859-9177-142c4135da2d/resource/d1c637e1-0503-4a22-bd37-8bd0e2de671d/download/article_4_direction_plymouth.csv","2024-10-21","","2024-11-02","plymouth-city-council","00cb3d53-764a-466b-878d-6976afaf1bfe","404","NOT_FOUND","","404","NOT_FOUND","","TRUE","2026-06-15T17:20+00:00"
"https://www.data.gov.uk/dataset/b14eda47-a2fe-4596-ae83-f1f6732ce79a/road_accident_data","b14eda47-a2fe-4596-ae83-f1f6732ce79a","road_accident_data","2010-02-09","2017-05-09","","7bb70a92-292e-45ba-9b48-4bda0be4684d","http://neighbourhood.statistics.gov.uk/dissemination/datasetList.do?JSAllowed=true&amp;Function=&amp;%24ph=60&amp;CurrentPageId=60&amp;step=1&amp;CurrentTreeIndex=-1&amp;searchString=&amp;datasetFamilyId=650&amp;Next.x=7&amp;Next.y=11","","","","department-for-transport","e4900b3b-a7f8-447a-bd5e-43735f8f1b4a","","DNS_ERROR","Cannot connect to host neighbourhood.statistics.gov.uk:80 ssl:default [Name or service not known]","","DNS_ERROR","HTTPConnectionPool(host='neighbourhood.statistics.gov.uk', port=80): Max retries exceeded with url: /dissemination/datasetList.do?JSAllowed=true&amp;Function=&amp;%24ph=60&amp;CurrentPageId=60&amp;step=1&amp;CurrentTreeIndex=-1&amp;searchString=&amp;datasetFamilyId=650&amp;Next.x=7&amp;Next.y=11 (Caused by NameResolutionError(""HTTPConnection(host='neighbourhood.statistics.gov.uk', port=80): Failed to resolve 'neighbourhood.statistics.gov.uk' ([Errno -2] Name or service not known)""))","TRUE","2026-06-15T17:23+00:00"
"https://www.data.gov.uk/dataset/85c1c8a5-5022-46b8-b00d-2bd47b45c107/performance-related-pay-department-for-transport","85c1c8a5-5022-46b8-b00d-2bd47b45c107","performance-related-pay-department-for-transport","2011-10-27","2016-04-21","","5bb8bebe-3f58-4c5a-8544-2685c7d14b25","http://data.dft.gov.uk/non-consolidated-performance-related-pay/ncprp-data-2012.xls","","","","department-for-transport","e4900b3b-a7f8-447a-bd5e-43735f8f1b4a","404","NOT_FOUND","","404","NOT_FOUND","","TRUE","2026-06-15T17:00+00:00"
"https://www.data.gov.uk/dataset/8838af1f-53cb-4a05-9c22-0f482e2943e2/https-dataportal-orr-gov-uk","8838af1f-53cb-4a05-9c22-0f482e2943e2","https-dataportal-orr-gov-uk","2013-03-08","2020-10-08","","87b0c3cf-a353-494d-8cfa-fe19120d5a53","https://dataportal.orr.gov.uk/statistics/passenger-experience/passenger-rail-service-complaints/appeals-closed-by-transport-focus-and-london-travelwatch-by-toc-table-1415/","2016-04-01","","2016-04-01","office-of-rail-and-road","b4acafd0-ade7-4d67-a0ec-3a30a1896f9f","404","NOT_FOUND","","404","NOT_FOUND","","TRUE","2026-06-15T17:18+00:00"
"https://www.data.gov.uk/dataset/4744ca72-ea9b-436e-8cd4-5fcbc711233c/port_freight_statistics","4744ca72-ea9b-436e-8cd4-5fcbc711233c","port_freight_statistics","2011-12-11","2014-09-17","","22f3e55e-f69e-46e6-9635-69eb77e96ea5","https://www.gov.uk/government/publications/port-freight-statistics-provisional-annual-2012","2013-10-01","","2013-10-01","department-for-transport","e4900b3b-a7f8-447a-bd5e-43735f8f1b4a","404","NOT_FOUND","","404","NOT_FOUND","","TRUE","2026-06-15T20:16+00:00"
"https://www.data.gov.uk/dataset/3b9f3e9f-9e0f-426c-ba5a-46dfceef182a/dft-permanent-secretary-meetings-with-external-organisations","3b9f3e9f-9e0f-426c-ba5a-46dfceef182a","dft-permanent-secretary-meetings-with-external-organisations","2011-12-09","2026-05-06","","2f49a64a-1a85-406c-976b-50701ca59c40","http://data.dft.gov.uk/dft-permanent-secretary-meetings-with-external-organisations/permsec-external-meetings-apr-jun2011.csv","2012-10-19","","2012-10-19","department-for-transport","e4900b3b-a7f8-447a-bd5e-43735f8f1b4a","404","NOT_FOUND","","404","NOT_FOUND","","TRUE","2026-06-15T16:37+00:00"
"https://www.data.gov.uk/dataset/67789bdd-7ccc-4e31-b1fb-4acec1e1361a/equality-monitoring-annual","67789bdd-7ccc-4e31-b1fb-4acec1e1361a","equality-monitoring-annual","2012-02-15","2013-08-12","","279c6f4c-ac86-4de0-9fd9-ac7c332d7fc9","http://assets.dft.gov.uk/publications/dft-equality-monitoring-annual-summary/xls-equality-monitoring-2010-11-annex-tables-charts.xls","","","","department-for-transport","e4900b3b-a7f8-447a-bd5e-43735f8f1b4a","404","NOT_FOUND","","404","NOT_FOUND","","TRUE","2026-06-15T17:16+00:00"
"https://www.data.gov.uk/dataset/c8192df5-642b-49d1-a6c2-249c84baaed8/rail_infrastrcture","c8192df5-642b-49d1-a6c2-249c84baaed8","rail_infrastrcture","2013-03-08","2020-10-08","","c66d37ed-82cf-4186-9e9e-411412ac610f","https://dataportal.orr.gov.uk/statistics/infrastructure-and-emissions/asset-condition/station-stewardship-measure-for-category-e-stations-table-298/","2016-04-04","","2016-04-04","office-of-rail-and-road","b4acafd0-ade7-4d67-a0ec-3a30a1896f9f","404","NOT_FOUND","","404","NOT_FOUND","","TRUE","2026-06-15T17:46+00:00"
"https://www.data.gov.uk/dataset/e706b67f-1a76-4c7d-979f-bf2e46d6ed46/national_travel_survey","e706b67f-1a76-4c7d-979f-bf2e46d6ed46","national_travel_survey","2011-12-10","2014-07-29","","f1a8dbde-cae1-47ed-9608-307837f116d5","https://www.gov.uk/government/publications/national-travel-survey-2011","2013-03-08","","2013-03-08","department-for-transport","e4900b3b-a7f8-447a-bd5e-43735f8f1b4a","404","NOT_FOUND","","404","NOT_FOUND","","TRUE","2026-06-15T20:54+00:00"
"https://www.data.gov.uk/dataset/78c82218-bca4-4c92-bc11-135b30bcf072/hospital-admissions-atributabe-to-alcohol-plymouth-2007-2011","78c82218-bca4-4c92-bc11-135b30bcf072","hospital-admissions-atributabe-to-alcohol-plymouth-2007-2011","2016-12-19","2016-12-19","78c82218-bca4-4c92-bc11-135b30bcf072","8e155a6f-9781-406a-910f-9039c769c5e0","http://www.thedata.place/dataset/78c82218-bca4-4c92-bc11-135b30bcf072/resource/8e155a6f-9781-406a-910f-9039c769c5e0/download/6-hospital-admissions-atributabe-to-alcohol-2007--2011.csv","2016-12-01","2016-12-01","2016-12-01","plymouth-city-council","00cb3d53-764a-466b-878d-6976afaf1bfe","403","OTHER_CLIENT_ERROR","","404","NOT_FOUND","","TRUE","2026-06-15T17:00+00:00"
"https://www.data.gov.uk/dataset/7f06a77b-444e-490a-a505-8fc8ed62268f/vehicle_licensing_statistics_great_britain","7f06a77b-444e-490a-a505-8fc8ed62268f","vehicle_licensing_statistics_great_britain","2011-12-11","2016-01-26","","61b277e9-6def-43d4-93a2-45862849dd77","https://www.gov.uk/government/statistical-data-sets/veh01-vehicles-registered-for-the-first-time","2013-03-12","","2013-03-12","department-for-transport","e4900b3b-a7f8-447a-bd5e-43735f8f1b4a","404","NOT_FOUND","","404","NOT_FOUND","","TRUE","2026-06-15T20:40+00:00"
"https://www.data.gov.uk/dataset/4f61e6de-6737-481d-a0f2-6a5ed6efc676/compendia","4f61e6de-6737-481d-a0f2-6a5ed6efc676","compendia","2020-07-31","2020-10-08","","b6d17595-d9ff-491a-8a2e-a67448be368a","https://dataportal.orr.gov.uk/media/1772/table-2215-northern-trains.ods","2020-07-31","","2020-07-31","office-of-rail-and-road","b4acafd0-ade7-4d67-a0ec-3a30a1896f9f","404","NOT_FOUND","","404","NOT_FOUND","","TRUE","2026-06-15T17:10+00:00"
"https://www.data.gov.uk/dataset/52e1e2ab-5687-489b-a4d8-b207cd5d6767/roadside-survey-of-vehicles","52e1e2ab-5687-489b-a4d8-b207cd5d6767","roadside-survey-of-vehicles","2012-07-17","2017-03-16","","f4a16079-d9ca-4f41-8f73-a3da60a630fc","http://data.dft.gov.uk/anonymised-roadside-survey/2011RoadsideSurvey.zip","2012-07-18","","2012-07-18","department-for-transport","e4900b3b-a7f8-447a-bd5e-43735f8f1b4a","404","NOT_FOUND","","404","NOT_FOUND","","TRUE","2026-06-15T16:52+00:00"
"https://www.data.gov.uk/dataset/1576cab9-0ab9-4f43-a4c4-89139f6bf01a/health-and-provision-of-unpaid-care-plymouth","1576cab9-0ab9-4f43-a4c4-89139f6bf01a","health-and-provision-of-unpaid-care-plymouth","2016-12-19","2016-12-19","1576cab9-0ab9-4f43-a4c4-89139f6bf01a","845bd8f2-7fde-45cc-be66-8c8580f25e34","http://www.thedata.place/dataset/1576cab9-0ab9-4f43-a4c4-89139f6bf01a/resource/845bd8f2-7fde-45cc-be66-8c8580f25e34/download/health-and-provision-of-unpaid-care2011.csv","2016-10-05","2016-10-05","2016-10-05","plymouth-city-council","00cb3d53-764a-466b-878d-6976afaf1bfe","403","OTHER_CLIENT_ERROR","","404","NOT_FOUND","","TRUE","2026-06-15T16:40+00:00"
"https://www.data.gov.uk/dataset/9a923c0c-7b79-436d-976a-8422802e2e18/regional-rail-usage","9a923c0c-7b79-436d-976a-8422802e2e18","regional-rail-usage","2016-04-04","2020-10-08","","81ee25ff-42dd-4343-99b0-829c07784778","https://dataportal.orr.gov.uk/statistics/usage/freight-rail-usage-and-performance/freight-moved-periodic-table-1326/","2020-07-31","","2020-07-31","office-of-rail-and-road","b4acafd0-ade7-4d67-a0ec-3a30a1896f9f","404","NOT_FOUND","","404","NOT_FOUND","","TRUE","2026-06-15T17:32+00:00"
"https://www.data.gov.uk/dataset/61eaa66f-d1c3-47a6-8ec2-8c17fc826f0b/quarterly_bus_statistics","61eaa66f-d1c3-47a6-8ec2-8c17fc826f0b","quarterly_bus_statistics","2011-12-11","2014-09-23","","5cb5c426-507a-45a6-a1f7-31c0eefb1ece","https://www.gov.uk/government/publications/quarterly-bus-statistics-quarter-3-2012","2013-10-01","","2013-10-01","department-for-transport","e4900b3b-a7f8-447a-bd5e-43735f8f1b4a","404","NOT_FOUND","","404","NOT_FOUND","","TRUE","2026-06-15T20:33+00:00"
"https://www.data.gov.uk/dataset/4f61e6de-6737-481d-a0f2-6a5ed6efc676/compendia","4f61e6de-6737-481d-a0f2-6a5ed6efc676","compendia","2020-07-31","2020-10-08","","95824408-f1f5-4df7-86a3-6d1f3be57dad","https://dataportal.orr.gov.uk/media/1779/table-2222-west-midlands-trains.ods","2020-07-31","","2020-07-31","office-of-rail-and-road","b4acafd0-ade7-4d67-a0ec-3a30a1896f9f","404","NOT_FOUND","","404","NOT_FOUND","","TRUE","2026-06-15T17:09+00:00"
"https://www.data.gov.uk/dataset/4744ca72-ea9b-436e-8cd4-5fcbc711233c/port_freight_statistics","4744ca72-ea9b-436e-8cd4-5fcbc711233c","port_freight_statistics","2011-12-11","2014-09-17","","74dd257b-9f69-4c07-b226-0adae467bd85","https://www.gov.uk/government/publications/port-freight-statistics-quarter-1-2013","2013-10-01","","2013-10-01","department-for-transport","e4900b3b-a7f8-447a-bd5e-43735f8f1b4a","404","NOT_FOUND","","404","NOT_FOUND","","TRUE","2026-06-15T20:16+00:00"
"https://www.data.gov.uk/dataset/4f61e6de-6737-481d-a0f2-6a5ed6efc676/compendia","4f61e6de-6737-481d-a0f2-6a5ed6efc676","compendia","2020-07-31","2020-10-08","","8d7dca96-f150-4422-a7c5-62f6e877e7ba","https://dataportal.orr.gov.uk/media/1777/table-2220-tfw-rail.ods","2020-07-31","","2020-07-31","office-of-rail-and-road","b4acafd0-ade7-4d67-a0ec-3a30a1896f9f","404","NOT_FOUND","","404","NOT_FOUND","","TRUE","2026-06-15T17:08+00:00"
"https://www.data.gov.uk/dataset/c56ca345-0c4d-49e1-b48b-275b856c1eed/reported_road_casualties_in_great_britain-provisional_estimates_for_accidents_and_casualties_involvi","c56ca345-0c4d-49e1-b48b-275b856c1eed","reported_road_casualties_in_great_britain-provisional_estimates_for_accidents_and_casualties_involvi","2011-12-11","2014-08-07","","91e685ff-9775-4264-ac39-b8b4092beaad","https://www.gov.uk/government/publications/reported-road-casualties-in-great-britain-estimates-for-accidents-involving-illegal-alcohol-levels-2012-provisional-and-2011-final","2013-08-01","","2013-08-01","department-for-transport","e4900b3b-a7f8-447a-bd5e-43735f8f1b4a","404","NOT_FOUND","","404","NOT_FOUND","","TRUE","2026-06-15T20:49+00:00"
"https://www.data.gov.uk/dataset/4f61e6de-6737-481d-a0f2-6a5ed6efc676/compendia","4f61e6de-6737-481d-a0f2-6a5ed6efc676","compendia","2020-07-31","2020-10-08","","7274052d-1c01-4c8d-aad9-ea9d34d085df","https://dataportal.orr.gov.uk/media/1763/table-2206-east-midlands-railway.ods","2020-07-31","","2020-07-31","office-of-rail-and-road","b4acafd0-ade7-4d67-a0ec-3a30a1896f9f","404","NOT_FOUND","","404","NOT_FOUND","","TRUE","2026-06-15T17:04+00:00"
"https://www.data.gov.uk/dataset/eff26336-01a9-47a8-b654-d722cc969269/road_traffic_estimates_for_great_britain","eff26336-01a9-47a8-b654-d722cc969269","road_traffic_estimates_for_great_britain","2014-02-13","2014-08-15","","8860e2ed-5bda-4e0e-a379-7611981656c4","https://www.gov.uk/government/publications/road-traffic-estimates-great-britain-jan-to-mar-q1-2014","2014-05-08","","2014-05-08","department-for-transport","e4900b3b-a7f8-447a-bd5e-43735f8f1b4a","404","NOT_FOUND","","404","NOT_FOUND","","TRUE","2026-06-15T20:55+00:00"
"https://www.data.gov.uk/dataset/1016916b-50f1-475a-be33-5f08a5e9a8fe/companies-with-breastfeeding-charter-mark","1016916b-50f1-475a-be33-5f08a5e9a8fe","companies-with-breastfeeding-charter-mark","2016-12-19","2016-12-19","1016916b-50f1-475a-be33-5f08a5e9a8fe","59a4b911-c6b6-46a6-bb5c-48e20258f403","http://www.thedata.place/dataset/1016916b-50f1-475a-be33-5f08a5e9a8fe/resource/59a4b911-c6b6-46a6-bb5c-48e20258f403/download/breastfeeding-chartermark-compaines.csv","2016-11-17","2016-11-17","2016-11-17","plymouth-city-council","00cb3d53-764a-466b-878d-6976afaf1bfe","403","OTHER_CLIENT_ERROR","","404","NOT_FOUND","","TRUE","2026-06-15T16:35+00:00"
"https://www.data.gov.uk/dataset/17e46cc4-9fce-42b4-9910-3f2ff2e49615/dft-minister-special-adviser-gifts","17e46cc4-9fce-42b4-9910-3f2ff2e49615","dft-minister-special-adviser-gifts","2011-12-09","2026-05-06","","cc77c262-b93c-47fd-952c-d789cafe2403","http://data.dft.gov.uk/dft-minister-special-adviser-gifts/disclosure-special-adviser-gifts-received-dft-jul-sept2012.csv","","","","department-for-transport","e4900b3b-a7f8-447a-bd5e-43735f8f1b4a","404","NOT_FOUND","","404","NOT_FOUND","","TRUE","2026-06-15T16:32+00:00"
"https://www.data.gov.uk/dataset/c8192df5-642b-49d1-a6c2-249c84baaed8/rail_infrastrcture","c8192df5-642b-49d1-a6c2-249c84baaed8","rail_infrastrcture","2013-03-08","2020-10-08","","71f07eb5-00ce-4fbd-a504-0e45d6cfcfc6","https://dataportal.orr.gov.uk/statistics/infrastructure-and-emissions/asset-condition/station-stewardship-measure-for-category-b-stations-table-295/","2016-04-04","","2016-04-04","office-of-rail-and-road","b4acafd0-ade7-4d67-a0ec-3a30a1896f9f","404","NOT_FOUND","","404","NOT_FOUND","","TRUE","2026-06-15T17:45+00:00"
"https://www.data.gov.uk/dataset/247d5848-db8f-4a4f-87cd-99b6f77282e7/reliability_of_journeys_on_the_highways_agencys_motorway_and_a_road_network_","247d5848-db8f-4a4f-87cd-99b6f77282e7","reliability_of_journeys_on_the_highways_agencys_motorway_and_a_road_network_","2012-01-12","2014-08-14","","ea917e4e-abc2-4ca7-98f4-9bc0a55e9f25","https://www.gov.uk/government/publications/reliability-of-journeys-on-highways-agency-roads-england-jul-to-sep-2013","2013-12-13","","2013-12-13","department-for-transport","e4900b3b-a7f8-447a-bd5e-43735f8f1b4a","404","NOT_FOUND","","404","NOT_FOUND","","TRUE","2026-06-15T19:37+00:00"
"https://www.data.gov.uk/dataset/ba582dcc-fd63-4e94-83b5-8dc7f27120eb/rail-safety-and-health-key-statistics","ba582dcc-fd63-4e94-83b5-8dc7f27120eb","rail-safety-and-health-key-statistics","2016-04-04","2020-10-08","","aee685a8-4a42-48d7-9c22-bf7fe90be9db","https://dataportal.orr.gov.uk/statistics/health-and-safety/rail-safety/key-statistics-workforce-safety-table-534/","2016-04-04","","2016-04-04","office-of-rail-and-road","b4acafd0-ade7-4d67-a0ec-3a30a1896f9f","404","NOT_FOUND","","404","NOT_FOUND","","TRUE","2026-06-15T17:42+00:00"
"https://www.data.gov.uk/dataset/edb580f8-fdf7-4e22-a26c-33e9b8a9f72e/road_conditions_in_england","edb580f8-fdf7-4e22-a26c-33e9b8a9f72e","road_conditions_in_england","2011-12-11","2014-05-10","","57e5721b-4f96-4485-9b67-4c8c11be6f61","https://www.gov.uk/government/publications/road-conditions-in-england-2013","2014-04-30","","2014-04-30","department-for-transport","e4900b3b-a7f8-447a-bd5e-43735f8f1b4a","404","NOT_FOUND","","404","NOT_FOUND","","TRUE","2026-06-15T20:55+00:00"
"https://www.data.gov.uk/dataset/9a923c0c-7b79-436d-976a-8422802e2e18/regional-rail-usage","9a923c0c-7b79-436d-976a-8422802e2e18","regional-rail-usage","2016-04-04","2020-10-08","","f9ecef25-df39-471b-8bb9-726302c5b171","https://dataportal.orr.gov.uk/statistics/usage/freight-rail-usage-and-performance/rail-market-share-table-1312-1/","2020-07-31","","2020-07-31","office-of-rail-and-road","b4acafd0-ade7-4d67-a0ec-3a30a1896f9f","404","NOT_FOUND","","404","NOT_FOUND","","TRUE","2026-06-15T17:37+00:00"
"https://www.data.gov.uk/dataset/4744ca72-ea9b-436e-8cd4-5fcbc711233c/port_freight_statistics","4744ca72-ea9b-436e-8cd4-5fcbc711233c","port_freight_statistics","2011-12-11","2014-09-17","","9c164a27-d51b-4b43-99aa-243ebacffbef","https://www.gov.uk/government/publications/port-freight-statistics-oct-to-dec-q4-2013","2014-03-12","","2014-03-12","department-for-transport","e4900b3b-a7f8-447a-bd5e-43735f8f1b4a","404","NOT_FOUND","","404","NOT_FOUND","","TRUE","2026-06-15T20:16+00:00"
"https://www.data.gov.uk/dataset/b7ed2f60-9633-49de-b0cd-a47af1c66181/dft-senior-officials-hospitality","b7ed2f60-9633-49de-b0cd-a47af1c66181","dft-senior-officials-hospitality","2011-12-09","2026-05-06","","2e00ab85-bcf1-4b61-bcf4-2f7720689783","http://data.dft.gov.uk/dft-senior-officials-hospitality/dft-senior-officials-hospitality-apr-jun2012.csv","","","2021-10-21","department-for-transport","e4900b3b-a7f8-447a-bd5e-43735f8f1b4a","404","NOT_FOUND","","404","NOT_FOUND","","TRUE","2026-06-15T17:13+00:00"
"https://www.data.gov.uk/dataset/4f61e6de-6737-481d-a0f2-6a5ed6efc676/compendia","4f61e6de-6737-481d-a0f2-6a5ed6efc676","compendia","2020-07-31","2020-10-08","","c882f0ca-3e5a-47d2-b382-c9fbf0917089","https://dataportal.orr.gov.uk/media/1773/table-2216-scotrail.ods","2020-07-31","","2020-07-31","office-of-rail-and-road","b4acafd0-ade7-4d67-a0ec-3a30a1896f9f","404","NOT_FOUND","","404","NOT_FOUND","","TRUE","2026-06-15T17:13+00:00"
"https://www.data.gov.uk/dataset/80fd65ef-9bad-4e16-9ade-861195d81ff0/air_passenger_experience_of_security_screening","80fd65ef-9bad-4e16-9ade-861195d81ff0","air_passenger_experience_of_security_screening","2014-06-18","2014-06-18","","56087d93-7a38-47e5-b1e9-b58d951442c1","https://www.gov.uk/government/publications/air-passenger-experience-of-security-screening-2013","2014-06-18","","2014-06-18","department-for-transport","e4900b3b-a7f8-447a-bd5e-43735f8f1b4a","404","NOT_FOUND","","404","NOT_FOUND","","TRUE","2026-06-15T20:40+00:00"
"https://www.data.gov.uk/dataset/141f53ae-b285-4e10-a214-6dfe4004ad14/transport-accessibility-data","141f53ae-b285-4e10-a214-6dfe4004ad14","transport-accessibility-data","2013-12-17","2016-11-16","","49bf86bd-c643-41aa-81a4-c11ea93e9361","http://naptan.dft.gov.uk/Journeyweb/accessibility/accessibility-metadata.xml","2013-12-18","","2013-12-18","department-for-transport","e4900b3b-a7f8-447a-bd5e-43735f8f1b4a","404","NOT_FOUND","","404","NOT_FOUND","","TRUE","2026-06-15T16:29+00:00"
"https://www.data.gov.uk/dataset/ad3c0fd4-17e9-4a8a-af5a-0d03954907a0/base-year-freight-matrices","ad3c0fd4-17e9-4a8a-af5a-0d03954907a0","base-year-freight-matrices","2012-10-29","2013-08-12","","7296d975-7a38-41d3-8e48-ed4c251e0655","http://data.dft.gov.uk/byfm/byfm-vehicle-matrix.csv","2012-10-29","","2012-10-29","department-for-transport","e4900b3b-a7f8-447a-bd5e-43735f8f1b4a","404","NOT_FOUND","","404","NOT_FOUND","","TRUE","2026-06-15T17:11+00:00"
"https://www.data.gov.uk/dataset/b22f67db-a9db-47d2-873c-4a3d45b0741a/incidents-of-lung-cancer-2010-2014","b22f67db-a9db-47d2-873c-4a3d45b0741a","incidents-of-lung-cancer-2010-2014","2016-12-19","2016-12-19","b22f67db-a9db-47d2-873c-4a3d45b0741a","4aac0a8b-5532-418b-b33e-4d220f11f04b","http://www.thedata.place/dataset/b22f67db-a9db-47d2-873c-4a3d45b0741a/resource/4aac0a8b-5532-418b-b33e-4d220f11f04b/download/incidents-of-lung-cancer-2010-2014.csv","2016-11-17","2016-11-17","2016-11-17","plymouth-city-council","00cb3d53-764a-466b-878d-6976afaf1bfe","403","OTHER_CLIENT_ERROR","","404","NOT_FOUND","","TRUE","2026-06-15T17:09+00:00"
"https://www.data.gov.uk/dataset/67a4f1bd-e30f-4c57-b98e-63ffccdbad73/dnpa-landscape-character-types-old","67a4f1bd-e30f-4c57-b98e-63ffccdbad73","dnpa-landscape-character-types-old","2013-11-25","2020-02-13","ffafde4d-c435-46da-8689-b41f194fabd3","0c0f8591-2671-479c-904e-2fbd1b1e91e2","https://maps.dartmoor.gov.uk/geoserver/inspire/ows?service=WFS&version=1.0.0&request=GetFeature&typeName=inspire:dnpa_dartmoor_lct&outputFormat=shape-zip","2020-02-13","","2020-02-13","dartmoor-national-park-authority","8011259e-de10-49e4-a010-169eb93d703c","","DNS_ERROR","Cannot connect to host maps.dartmoor.gov.uk:443 ssl:default [Name or service not known]","","DNS_ERROR","HTTPSConnectionPool(host='maps.dartmoor.gov.uk', port=443): Max retries exceeded with url: /geoserver/inspire/ows?service=WFS&version=1.0.0&request=GetFeature&typeName=inspire:dnpa_dartmoor_lct&outputFormat=shape-zip (Caused by NameResolutionError(""HTTPSConnection(host='maps.dartmoor.gov.uk', port=443): Failed to resolve 'maps.dartmoor.gov.uk' ([Errno -2] Name or service not known)""))","TRUE","2026-06-15T16:46+00:00"
"https://www.data.gov.uk/dataset/804be0c6-ae01-4899-bbb9-2317dff1a4f9/financial-transactions-data-dft","804be0c6-ae01-4899-bbb9-2317dff1a4f9","financial-transactions-data-dft","2010-11-19","2026-05-28","","034b9eb9-7cc5-41df-b630-97b4f3b72aa6","https://assets.publishing.service.gov.uk/government/uploads/system/uploads/attachment_data/file/1078095/dft-spending-over-25000-march-2022.csv/preview","2022-06-30","","2022-06-30","department-for-transport","e4900b3b-a7f8-447a-bd5e-43735f8f1b4a","404","NOT_FOUND","","404","NOT_FOUND","","TRUE","2026-06-15T19:37+00:00"
"https://www.data.gov.uk/dataset/4f61e6de-6737-481d-a0f2-6a5ed6efc676/compendia","4f61e6de-6737-481d-a0f2-6a5ed6efc676","compendia","2020-07-31","2020-10-08","","219eaf92-b56e-40bf-8b6a-060805f57c2b","https://dataportal.orr.gov.uk/media/1781/table-2201-avanti-west-coast.ods","2020-07-31","","2020-07-31","office-of-rail-and-road","b4acafd0-ade7-4d67-a0ec-3a30a1896f9f","404","NOT_FOUND","","404","NOT_FOUND","","TRUE","2026-06-15T16:59+00:00"
"https://www.data.gov.uk/dataset/0af397d4-1ab3-4bcb-8544-e199f9fe3954/vehicle_licensing_statistics","0af397d4-1ab3-4bcb-8544-e199f9fe3954","vehicle_licensing_statistics","2011-12-10","2016-01-26","","7fbd4981-e910-418d-868c-9b334e6b270e","https://www.gov.uk/government/publications/vehicle-licensing-statistics-2012","2013-10-01","","2013-10-01","department-for-transport","e4900b3b-a7f8-447a-bd5e-43735f8f1b4a","404","NOT_FOUND","","404","NOT_FOUND","","TRUE","2026-06-15T18:36+00:00"
"https://www.data.gov.uk/dataset/9a923c0c-7b79-436d-976a-8422802e2e18/regional-rail-usage","9a923c0c-7b79-436d-976a-8422802e2e18","regional-rail-usage","2016-04-04","2020-10-08","","0ab0f0bc-aa71-49b8-aeab-bfdbd2ea257e","https://dataportal.orr.gov.uk/statistics/usage/freight-rail-usage-and-performance/freight-delivery-metric-by-network-rail-region-table-1324/","2020-07-31","","2020-07-31","office-of-rail-and-road","b4acafd0-ade7-4d67-a0ec-3a30a1896f9f","404","NOT_FOUND","","404","NOT_FOUND","","TRUE","2026-06-15T17:25+00:00"
"https://www.data.gov.uk/dataset/4744ca72-ea9b-436e-8cd4-5fcbc711233c/port_freight_statistics","4744ca72-ea9b-436e-8cd4-5fcbc711233c","port_freight_statistics","2011-12-11","2014-09-17","","8535f3a4-a42e-473d-86a0-2e6379c46341","https://www.gov.uk/government/publications/port-freight-statistics-2012-final-figures","2013-10-02","","2013-10-02","department-for-transport","e4900b3b-a7f8-447a-bd5e-43735f8f1b4a","404","NOT_FOUND","","404","NOT_FOUND","","TRUE","2026-06-15T20:16+00:00"
"https://www.data.gov.uk/dataset/3a3b32f3-d727-4623-aa17-daa2f39aaf92/national-coach-services","3a3b32f3-d727-4623-aa17-daa2f39aaf92","national-coach-services","2013-04-22","2017-02-06","","41c1233e-613e-4048-8c5d-000e58d64757","http://www.basemap.co.uk/data/NCSD/metadata.xml","2014-10-27","","2014-10-27","department-for-transport","e4900b3b-a7f8-447a-bd5e-43735f8f1b4a","404","NOT_FOUND","","404","NOT_FOUND","","TRUE","2026-06-15T16:30+00:00"
"https://www.data.gov.uk/dataset/ad3c0fd4-17e9-4a8a-af5a-0d03954907a0/base-year-freight-matrices","ad3c0fd4-17e9-4a8a-af5a-0d03954907a0","base-year-freight-matrices","2012-10-29","2013-08-12","","6f5a4425-07ad-42c6-a6c0-b2b8da36a7c3","http://data.dft.gov.uk/byfm/byfm-report.pdf","2012-10-29","","2012-10-29","department-for-transport","e4900b3b-a7f8-447a-bd5e-43735f8f1b4a","404","NOT_FOUND","","404","NOT_FOUND","","TRUE","2026-06-15T17:11+00:00"
"https://www.data.gov.uk/dataset/c8192df5-642b-49d1-a6c2-249c84baaed8/rail_infrastrcture","c8192df5-642b-49d1-a6c2-249c84baaed8","rail_infrastrcture","2013-03-08","2020-10-08","","40638396-66d1-45c3-b074-3cd06be8f88f","https://dataportal.orr.gov.uk/statistics/infrastructure-and-emissions/rail-infrastructure-and-assets/average-age-of-rolling-stock-by-sector-table-230/","2016-04-04","","2016-04-04","office-of-rail-and-road","b4acafd0-ade7-4d67-a0ec-3a30a1896f9f","404","NOT_FOUND","","404","NOT_FOUND","","TRUE","2026-06-15T17:45+00:00"
"https://www.data.gov.uk/dataset/804be0c6-ae01-4899-bbb9-2317dff1a4f9/financial-transactions-data-dft","804be0c6-ae01-4899-bbb9-2317dff1a4f9","financial-transactions-data-dft","2010-11-19","2026-05-28","","3f3ab9dd-10b6-42a3-9060-0b3248e53690","https://assets.publishing.service.gov.uk/government/uploads/system/uploads/attachment_data/file/1062254/dft-spending-over-25000-december-2021.csv/preview","2022-03-31","","2022-03-31","department-for-transport","e4900b3b-a7f8-447a-bd5e-43735f8f1b4a","404","NOT_FOUND","","404","NOT_FOUND","","TRUE","2026-06-15T19:38+00:00"
"https://www.data.gov.uk/dataset/7201142b-f76e-4efc-afe7-115f19a57bf9/taxi_and_private_hire_vehicle_statistics","7201142b-f76e-4efc-afe7-115f19a57bf9","taxi_and_private_hire_vehicle_statistics","2011-12-20","2016-01-26","","b7300d22-d934-473f-bc43-258153b9bbeb","https://www.gov.uk/government/publications/taxi-and-private-hire-vehicle-statistics-england-and-wales-2013/","2013-09-01","","2013-09-01","department-for-transport","e4900b3b-a7f8-447a-bd5e-43735f8f1b4a","404","NOT_FOUND","","404","NOT_FOUND","","TRUE","2026-06-15T20:37+00:00"
"https://www.data.gov.uk/dataset/57e0137f-3457-411a-8f4a-0bdb75c187e0/exception-to-spending-controls-for-external-recruitment","57e0137f-3457-411a-8f4a-0bdb75c187e0","exception-to-spending-controls-for-external-recruitment","2012-04-30","2014-03-10","","c01c466e-3c2d-4c80-89c2-431bc73af247","http://www.nhsbt.nhs.uk/download/exceptions_recruitment_apr13_june13.xls","2014-03-10","","2014-03-10","nhs-blood-and-transplant","51947347-20a4-4253-a9e1-2506b6d91c97","404","NOT_FOUND","","404","NOT_FOUND","","TRUE","2026-06-15T16:45+00:00"
"https://www.data.gov.uk/dataset/9a923c0c-7b79-436d-976a-8422802e2e18/regional-rail-usage","9a923c0c-7b79-436d-976a-8422802e2e18","regional-rail-usage","2016-04-04","2020-10-08","","df0f48e0-82dc-4676-93d9-737138d9b965","https://dataportal.orr.gov.uk/statistics/usage/freight-rail-usage-and-performance/freight-delay-per-100-train-kilometres-table-135-1/","2020-07-31","","2020-07-31","office-of-rail-and-road","b4acafd0-ade7-4d67-a0ec-3a30a1896f9f","404","NOT_FOUND","","404","NOT_FOUND","","TRUE","2026-06-15T17:36+00:00"
"https://www.data.gov.uk/dataset/1012e266-b442-4d2d-aa28-e64e834a13a0/seafarer_statistics","1012e266-b442-4d2d-aa28-e64e834a13a0","seafarer_statistics","2011-12-10","2014-05-10","","c1cc05bb-3c4a-4c82-b8da-c53e06f8c0ed","https://www.gov.uk/government/publications/seafarer-statistics-2013","2014-01-29","","2014-01-29","department-for-transport","e4900b3b-a7f8-447a-bd5e-43735f8f1b4a","404","NOT_FOUND","","404","NOT_FOUND","","TRUE","2026-06-15T19:06+00:00"
"https://www.data.gov.uk/dataset/ba582dcc-fd63-4e94-83b5-8dc7f27120eb/rail-safety-and-health-key-statistics","ba582dcc-fd63-4e94-83b5-8dc7f27120eb","rail-safety-and-health-key-statistics","2016-04-04","2020-10-08","","6bfb9891-3c7b-42a5-88db-72a1300caad7","https://dataportal.orr.gov.uk/statistics/health-and-safety/rail-safety/key-statistics-road-rail-interface-collision-table-545/","2020-07-30","","2020-07-30","office-of-rail-and-road","b4acafd0-ade7-4d67-a0ec-3a30a1896f9f","404","NOT_FOUND","","404","NOT_FOUND","","TRUE","2026-06-15T17:41+00:00"
"https://www.data.gov.uk/dataset/cb1bfdde-fb78-4f47-ae40-a53afb483c78/renewable_transport_fuel_obligation_biofuel_statistics","cb1bfdde-fb78-4f47-ae40-a53afb483c78","renewable_transport_fuel_obligation_biofuel_statistics","2012-03-29","2014-08-07","","4f1f3c6a-a4ad-4081-b864-545be2d7d83a","https://www.gov.uk/government/publications/renewable-transport-fuel-obligation-statistics-obligation-period-4-2011-12-report-6","2013-03-08","","2013-03-08","department-for-transport","e4900b3b-a7f8-447a-bd5e-43735f8f1b4a","404","NOT_FOUND","","404","NOT_FOUND","","TRUE","2026-06-15T20:50+00:00"
"https://www.data.gov.uk/dataset/5c184a6f-4458-4444-8869-394781d1d6e6/blue_badge_parking_scheme_statistics","5c184a6f-4458-4444-8869-394781d1d6e6","blue_badge_parking_scheme_statistics","2013-03-08","2014-05-09","","42841b98-dc50-4bff-83ba-8b187f22d37a","https://www.gov.uk/government/publications/blue-badge-scheme-statistics-2013","2013-12-19","","2013-12-19","department-for-transport","e4900b3b-a7f8-447a-bd5e-43735f8f1b4a","404","NOT_FOUND","","404","NOT_FOUND","","TRUE","2026-06-15T20:32+00:00"
"https://www.data.gov.uk/dataset/6e0e02ce-1778-48bc-90e4-4d91a230dc91/sea_passenger_statistics","6e0e02ce-1778-48bc-90e4-4d91a230dc91","sea_passenger_statistics","2011-12-11","2014-05-10","","025eceec-29aa-4fbc-bcef-b667db3a8bfe","https://www.gov.uk/government/publications/sea-passenger-statistics-2012-final-figures","2013-12-13","","2013-12-13","department-for-transport","e4900b3b-a7f8-447a-bd5e-43735f8f1b4a","404","NOT_FOUND","","404","NOT_FOUND","","TRUE","2026-06-15T20:36+00:00"
"https://www.data.gov.uk/dataset/1012e266-b442-4d2d-aa28-e64e834a13a0/seafarer_statistics","1012e266-b442-4d2d-aa28-e64e834a13a0","seafarer_statistics","2011-12-10","2014-05-10","","52f62ff2-427a-4ede-a09d-b7818219c023","https://www.gov.uk/government/publications/seafarer-statistics-2012","2013-03-08","","2013-03-08","department-for-transport","e4900b3b-a7f8-447a-bd5e-43735f8f1b4a","404","NOT_FOUND","","404","NOT_FOUND","","TRUE","2026-06-15T19:06+00:00"
"https://www.data.gov.uk/dataset/7f06a77b-444e-490a-a505-8fc8ed62268f/vehicle_licensing_statistics_great_britain","7f06a77b-444e-490a-a505-8fc8ed62268f","vehicle_licensing_statistics_great_britain","2011-12-11","2016-01-26","","fce18874-ef80-443b-8044-bed47015e81c","https://www.gov.uk/government/statistical-data-sets/veh01-vehicles-registered-for-the-first-time","2013-03-12","","2013-03-12","department-for-transport","e4900b3b-a7f8-447a-bd5e-43735f8f1b4a","404","NOT_FOUND","","404","NOT_FOUND","","TRUE","2026-06-15T20:40+00:00"
"https://www.data.gov.uk/dataset/4744ca72-ea9b-436e-8cd4-5fcbc711233c/port_freight_statistics","4744ca72-ea9b-436e-8cd4-5fcbc711233c","port_freight_statistics","2011-12-11","2014-09-17","","8c2ab541-52ee-406c-b882-50354d976883","https://www.gov.uk/government/publications/port-freight-statistics-apr-to-jun-q2-2013","2013-10-02","","2013-10-02","department-for-transport","e4900b3b-a7f8-447a-bd5e-43735f8f1b4a","404","NOT_FOUND","","404","NOT_FOUND","","TRUE","2026-06-15T20:16+00:00"
"https://www.data.gov.uk/dataset/35441231-35c1-4d9f-b727-b340caadd583/reported_road_casualties_great_britain_annual_report","35441231-35c1-4d9f-b727-b340caadd583","reported_road_casualties_great_britain_annual_report","2011-12-11","2014-09-25","","1f403d79-5fb9-4563-87be-1e72e1c9f290","https://www.gov.uk/government/publications/reported-road-casualties-great-britain-annual-report-2012","2013-10-01","","2013-10-01","department-for-transport","e4900b3b-a7f8-447a-bd5e-43735f8f1b4a","404","NOT_FOUND","","404","NOT_FOUND","","TRUE","2026-06-15T19:59+00:00"
"https://www.data.gov.uk/dataset/7f06a77b-444e-490a-a505-8fc8ed62268f/vehicle_licensing_statistics_great_britain","7f06a77b-444e-490a-a505-8fc8ed62268f","vehicle_licensing_statistics_great_britain","2011-12-11","2016-01-26","","693c849e-b538-4556-8f03-a5f43ec155ed","https://www.gov.uk/government/statistical-data-sets/veh01-vehicles-registered-for-the-first-time","2014-05-08","","2014-05-08","department-for-transport","e4900b3b-a7f8-447a-bd5e-43735f8f1b4a","404","NOT_FOUND","","404","NOT_FOUND","","TRUE","2026-06-15T20:40+00:00"
"https://www.data.gov.uk/dataset/4744ca72-ea9b-436e-8cd4-5fcbc711233c/port_freight_statistics","4744ca72-ea9b-436e-8cd4-5fcbc711233c","port_freight_statistics","2011-12-11","2014-09-17","","ffe35e5f-53f3-4f80-b503-09bbfd582c20","https://www.gov.uk/government/publications/port-freight-statistics-jan-to-mar-2014","2014-06-18","","2014-06-18","department-for-transport","e4900b3b-a7f8-447a-bd5e-43735f8f1b4a","404","NOT_FOUND","","404","NOT_FOUND","","TRUE","2026-06-15T20:16+00:00"
"https://www.data.gov.uk/dataset/7f06a77b-444e-490a-a505-8fc8ed62268f/vehicle_licensing_statistics_great_britain","7f06a77b-444e-490a-a505-8fc8ed62268f","vehicle_licensing_statistics_great_britain","2011-12-11","2016-01-26","","b2533dc0-4373-4d0e-83d4-4998f7b677bb","https://www.gov.uk/government/statistical-data-sets/veh01-vehicles-registered-for-the-first-time","2013-03-12","","2013-03-12","department-for-transport","e4900b3b-a7f8-447a-bd5e-43735f8f1b4a","404","NOT_FOUND","","404","NOT_FOUND","","TRUE","2026-06-15T20:40+00:00"
"https://www.data.gov.uk/dataset/3f61a3ad-72ad-4d3d-abc1-0bdd3ee51043/congestion_statistics_on_locally_managed_roads","3f61a3ad-72ad-4d3d-abc1-0bdd3ee51043","congestion_statistics_on_locally_managed_roads","2013-12-13","2014-05-09","","8b971df5-d5f9-493d-965a-dc7ea48341d5","https://www.gov.uk/government/publications/congestion-statistics-on-locally-managed-a-roads-england-jul-to-sep-2013","2013-12-13","","2013-12-13","department-for-transport","e4900b3b-a7f8-447a-bd5e-43735f8f1b4a","404","NOT_FOUND","","404","NOT_FOUND","","TRUE","2026-06-15T20:10+00:00"
"https://www.data.gov.uk/dataset/eff26336-01a9-47a8-b654-d722cc969269/road_traffic_estimates_for_great_britain","eff26336-01a9-47a8-b654-d722cc969269","road_traffic_estimates_for_great_britain","2014-02-13","2014-08-15","","6447ffed-c035-4381-b32f-dc574f0917b3","https://www.gov.uk/government/publications/quarterly-and-provisional-annual-road-traffic-estimates-great-britain-oct-to-dec-q4-2013","2014-02-13","","2014-02-13","department-for-transport","e4900b3b-a7f8-447a-bd5e-43735f8f1b4a","404","NOT_FOUND","","404","NOT_FOUND","","TRUE","2026-06-15T20:55+00:00"
"https://www.data.gov.uk/dataset/0edc0430-ecf6-4343-858e-ae5cde13b9d5/light_rail_and_tram_statistics","0edc0430-ecf6-4343-858e-ae5cde13b9d5","light_rail_and_tram_statistics","2013-03-08","2014-06-17","","ae3ce464-8aa8-4c6e-9fa5-53a838baa6c2","https://www.gov.uk/government/publications/light-rail-and-tram-statistics-2013-to-2014","2014-06-17","","2014-06-17","department-for-transport","e4900b3b-a7f8-447a-bd5e-43735f8f1b4a","404","NOT_FOUND","","404","NOT_FOUND","","TRUE","2026-06-15T18:54+00:00"
"https://www.data.gov.uk/dataset/16dc4344-b6a5-4ea5-9076-aaa4f7144c6b/waterborne_freight_in_the_united_kingdom","16dc4344-b6a5-4ea5-9076-aaa4f7144c6b","waterborne_freight_in_the_united_kingdom","2011-12-10","2016-01-26","","ae822447-25f1-4744-80c1-c5b1a5e85139","https://www.gov.uk/government/publications/domestic-waterborne-freight-2012","2013-12-13","","2013-12-13","department-for-transport","e4900b3b-a7f8-447a-bd5e-43735f8f1b4a","404","NOT_FOUND","","404","NOT_FOUND","","TRUE","2026-06-15T19:28+00:00"
"https://www.data.gov.uk/dataset/247d5848-db8f-4a4f-87cd-99b6f77282e7/reliability_of_journeys_on_the_highways_agencys_motorway_and_a_road_network_","247d5848-db8f-4a4f-87cd-99b6f77282e7","reliability_of_journeys_on_the_highways_agencys_motorway_and_a_road_network_","2012-01-12","2014-08-14","","cf1b2869-91cc-4eee-87e2-527aca394df3","https://www.gov.uk/government/publications/reliability-of-journeys-on-the-highways-agencys-motorway-and-a-road-network-january-2013","2013-03-14","","2013-03-14","department-for-transport","e4900b3b-a7f8-447a-bd5e-43735f8f1b4a","404","NOT_FOUND","","404","NOT_FOUND","","TRUE","2026-06-15T19:37+00:00"
"https://www.data.gov.uk/dataset/2b69a307-c4cb-4573-a2bc-27390d77378e/transport_connectivity_statistics-england","2b69a307-c4cb-4573-a2bc-27390d77378e","transport_connectivity_statistics-england","2014-06-11","2016-01-26","","ac9f8776-8d00-4eeb-8768-b18a219c8460","https://www.gov.uk/government/publications/transport-connectivity-statistics-england-2011-data","2014-06-11","","2014-06-11","department-for-transport","e4900b3b-a7f8-447a-bd5e-43735f8f1b4a","404","NOT_FOUND","","404","NOT_FOUND","","TRUE","2026-06-15T19:45+00:00"
"https://www.data.gov.uk/dataset/fdf1e5d5-5ed9-4f34-8d2d-19157d771926/congestion_on_local_authority_managed_a_roads__","fdf1e5d5-5ed9-4f34-8d2d-19157d771926","congestion_on_local_authority_managed_a_roads__","2013-03-08","2014-05-09","","e7ea041e-2a02-4257-a472-9eb7c243e0ac","https://www.gov.uk/government/publications/congestion-on-local-authority-managed-a-roads-january-to-march-2013","2013-10-01","","2013-10-01","department-for-transport","e4900b3b-a7f8-447a-bd5e-43735f8f1b4a","404","NOT_FOUND","","404","NOT_FOUND","","TRUE","2026-06-15T20:57+00:00"
"https://www.data.gov.uk/dataset/4744ca72-ea9b-436e-8cd4-5fcbc711233c/port_freight_statistics","4744ca72-ea9b-436e-8cd4-5fcbc711233c","port_freight_statistics","2011-12-11","2014-09-17","","5d888f7d-af30-40cc-be72-a88fd88814ff","https://www.gov.uk/government/publications/port-freight-statistics-jul-to-sep-q3-2013","2013-12-19","","2013-12-19","department-for-transport","e4900b3b-a7f8-447a-bd5e-43735f8f1b4a","404","NOT_FOUND","","404","NOT_FOUND","","TRUE","2026-06-15T20:16+00:00"
"https://www.data.gov.uk/dataset/7e999828-2afe-4154-95ba-9d0bb5e6b4c5/public_attitudes_towards_buses","7e999828-2afe-4154-95ba-9d0bb5e6b4c5","public_attitudes_towards_buses","2013-12-16","2014-05-10","","908749ee-f6a6-4e37-8fa9-0bfb717e27f8","https://www.gov.uk/government/publications/public-attitudes-towards-buses-march-2013","2013-12-16","","2013-12-16","department-for-transport","e4900b3b-a7f8-447a-bd5e-43735f8f1b4a","404","NOT_FOUND","","404","NOT_FOUND","","TRUE","2026-06-15T20:40+00:00"
"https://www.data.gov.uk/dataset/0af397d4-1ab3-4bcb-8544-e199f9fe3954/vehicle_licensing_statistics","0af397d4-1ab3-4bcb-8544-e199f9fe3954","vehicle_licensing_statistics","2011-12-10","2016-01-26","","ce1a8ba4-8fbd-4b78-a2a4-afb1c67aa556","https://www.gov.uk/government/publications/vehicle-licensing-statistics-quarter-1-2013","2013-10-01","","2013-10-01","department-for-transport","e4900b3b-a7f8-447a-bd5e-43735f8f1b4a","404","NOT_FOUND","","404","NOT_FOUND","","TRUE","2026-06-15T18:36+00:00"
"https://www.data.gov.uk/dataset/ac1b75bd-860a-4533-8024-6948ec72ca8a/road_goods_vehicles_travelling_to_mainland_europe_annual","ac1b75bd-860a-4533-8024-6948ec72ca8a","road_goods_vehicles_travelling_to_mainland_europe_annual","2011-12-11","2014-05-10","","107b427a-829a-4bca-bafe-b85513f58591","https://www.gov.uk/government/publications/road-goods-vehicles-travelling-to-mainland-europe-Oct-to-Dec-q4-2013","2014-03-13","","2014-03-13","department-for-transport","e4900b3b-a7f8-447a-bd5e-43735f8f1b4a","404","NOT_FOUND","","404","NOT_FOUND","","TRUE","2026-06-15T20:46+00:00"
"https://www.data.gov.uk/dataset/66c0fdd5-700a-4dab-938e-d5011c41fcb5/biofuel_statistics_quarterly","66c0fdd5-700a-4dab-938e-d5011c41fcb5","biofuel_statistics_quarterly","2011-12-11","2014-05-09","","2771dcc8-f4ad-4abf-a597-b61b09441a69","https://www.gov.uk/government/publications/biofuel-statistics-year-4-2011-12-report-5","2013-10-01","","2013-10-01","department-for-transport","e4900b3b-a7f8-447a-bd5e-43735f8f1b4a","404","NOT_FOUND","","404","NOT_FOUND","","TRUE","2026-06-15T20:34+00:00"
"https://www.data.gov.uk/dataset/fb8a49dc-09f8-4908-9885-45abe0c77d54/road_length_statistics","fb8a49dc-09f8-4908-9885-45abe0c77d54","road_length_statistics","2011-12-11","2014-05-10","","f38e9cc0-308c-42f0-962f-ed79b6653dfc","https://www.gov.uk/government/publications/road-lengths-in-great-britain-2012","2013-06-27","","2013-06-27","department-for-transport","e4900b3b-a7f8-447a-bd5e-43735f8f1b4a","404","NOT_FOUND","","404","NOT_FOUND","","TRUE","2026-06-15T20:56+00:00"
"https://www.data.gov.uk/dataset/61eaa66f-d1c3-47a6-8ec2-8c17fc826f0b/quarterly_bus_statistics","61eaa66f-d1c3-47a6-8ec2-8c17fc826f0b","quarterly_bus_statistics","2011-12-11","2014-09-23","","aeeb79e1-903c-422c-b9f6-c0aa528f0bd8","https://www.gov.uk/government/publications/quarterly-bus-statistics-quarter-4-2012","2013-10-01","","2013-10-01","department-for-transport","e4900b3b-a7f8-447a-bd5e-43735f8f1b4a","404","NOT_FOUND","","404","NOT_FOUND","","TRUE","2026-06-15T20:33+00:00"
"https://www.data.gov.uk/dataset/01b1dc2c-2463-4c38-ad86-22c33a6e154e/attitudes_to_climate_change_and_the_impact_of_transport","01b1dc2c-2463-4c38-ad86-22c33a6e154e","attitudes_to_climate_change_and_the_impact_of_transport","2011-12-11","2014-05-09","","db00a91d-f277-41cb-9dfc-6da8ab83c825","https://www.gov.uk/government/publications/public-attitudes-to-climate-change-and-the-impact-of-transport-in-2011","2013-07-01","","2013-07-01","department-for-transport","e4900b3b-a7f8-447a-bd5e-43735f8f1b4a","404","NOT_FOUND","","404","NOT_FOUND","","TRUE","2026-06-15T17:54+00:00"
"https://www.data.gov.uk/dataset/435df328-309c-46fd-92df-5afc56f72646/transport_statistics_great_britain","435df328-309c-46fd-92df-5afc56f72646","transport_statistics_great_britain","2011-12-11","2016-01-26","","846525ea-a53e-4138-a8ef-931e846eea2b","https://www.gov.uk/government/publications/transport-statistics-great-britain-2013","2013-12-13","","2013-12-13","department-for-transport","e4900b3b-a7f8-447a-bd5e-43735f8f1b4a","404","NOT_FOUND","","404","NOT_FOUND","","TRUE","2026-06-15T20:12+00:00"
"https://www.data.gov.uk/dataset/65246e27-90cf-4a79-989e-3cc19118d438/congestion_on_local_a_roads","65246e27-90cf-4a79-989e-3cc19118d438","congestion_on_local_a_roads","2014-02-13","2014-05-09","","9aabb4d0-5610-4f96-a14a-8d6d1af76fe0","https://www.gov.uk/government/publications/congestion-on-local-a-roads-england-jan-to-mar-2014","2014-05-08","","2014-05-08","department-for-transport","e4900b3b-a7f8-447a-bd5e-43735f8f1b4a","404","NOT_FOUND","","404","NOT_FOUND","","TRUE","2026-06-15T20:34+00:00"
"https://www.data.gov.uk/dataset/f7f30850-ca8e-437a-aa68-f99f192a3ede/road_lengths_in_great_britain","f7f30850-ca8e-437a-aa68-f99f192a3ede","road_lengths_in_great_britain","2014-06-05","2014-06-05","","e0aadbd8-8a2c-4af9-b65f-081859c27b19","https://www.gov.uk/government/publications/road-lengths-in-great-britain-2013","2014-06-05","","2014-06-05","department-for-transport","e4900b3b-a7f8-447a-bd5e-43735f8f1b4a","404","NOT_FOUND","","404","NOT_FOUND","","TRUE","2026-06-15T20:56+00:00"
"https://www.data.gov.uk/dataset/4744ca72-ea9b-436e-8cd4-5fcbc711233c/port_freight_statistics","4744ca72-ea9b-436e-8cd4-5fcbc711233c","port_freight_statistics","2011-12-11","2014-09-17","","da95f90b-5a12-4164-bc95-17413c891f57","https://www.gov.uk/government/publications/port-freight-statistics-quarter-3-2012","2013-03-08","","2013-03-08","department-for-transport","e4900b3b-a7f8-447a-bd5e-43735f8f1b4a","404","NOT_FOUND","","404","NOT_FOUND","","TRUE","2026-06-15T20:16+00:00"
"https://www.data.gov.uk/dataset/7201142b-f76e-4efc-afe7-115f19a57bf9/taxi_and_private_hire_vehicle_statistics","7201142b-f76e-4efc-afe7-115f19a57bf9","taxi_and_private_hire_vehicle_statistics","2011-12-20","2016-01-26","","7fa69ee5-2657-45fa-aa7b-7a3968091b5c","https://www.gov.uk/government/publications/taxi-and-private-hire-vehicle-statistics-2011","2013-03-12","","2013-03-12","department-for-transport","e4900b3b-a7f8-447a-bd5e-43735f8f1b4a","404","NOT_FOUND","","404","NOT_FOUND","","TRUE","2026-06-15T20:37+00:00"
"https://www.data.gov.uk/dataset/7f06a77b-444e-490a-a505-8fc8ed62268f/vehicle_licensing_statistics_great_britain","7f06a77b-444e-490a-a505-8fc8ed62268f","vehicle_licensing_statistics_great_britain","2011-12-11","2016-01-26","","d33da639-cda4-4718-8851-50456128f32e","https://www.gov.uk/government/statistical-data-sets/veh01-vehicles-registered-for-the-first-time","2014-08-14","","2014-08-14","department-for-transport","e4900b3b-a7f8-447a-bd5e-43735f8f1b4a","404","NOT_FOUND","","404","NOT_FOUND","","TRUE","2026-06-15T20:40+00:00"
"https://www.data.gov.uk/dataset/56cd195a-9348-4157-a693-a9433b07b2a6/driving-riding-tests-data","56cd195a-9348-4157-a693-a9433b07b2a6","driving-riding-tests-data","2012-07-04","2019-01-17","","aad15952-fd08-43d2-a6a1-b3bba11f10e0","https://www.gov.uk/government/publications/driver-certificate-of-professional-competence-cpc-statistics","2012-08-30","","2012-08-30","department-for-transport","e4900b3b-a7f8-447a-bd5e-43735f8f1b4a","404","NOT_FOUND","","404","NOT_FOUND","","TRUE","2026-06-15T20:32+00:00"
"https://www.data.gov.uk/dataset/3828fe90-465d-412e-92bb-a1ffb9bf99cb/air_passenger_experience","3828fe90-465d-412e-92bb-a1ffb9bf99cb","air_passenger_experience","2011-12-11","2014-05-09","","a95d6a81-04c3-4e44-8e27-ebc0b33f64f2","https://www.gov.uk/government/publications/air-passenger-experience-of-security-screening-2012","2013-10-01","","2013-10-01","department-for-transport","e4900b3b-a7f8-447a-bd5e-43735f8f1b4a","404","NOT_FOUND","","404","NOT_FOUND","","TRUE","2026-06-15T20:03+00:00"
"https://www.data.gov.uk/dataset/7f06a77b-444e-490a-a505-8fc8ed62268f/vehicle_licensing_statistics_great_britain","7f06a77b-444e-490a-a505-8fc8ed62268f","vehicle_licensing_statistics_great_britain","2011-12-11","2016-01-26","","8650f85f-d86d-4655-8aa3-8ec889778ee2","https://www.gov.uk/government/publications/vehicle-licensing-statistics-great-britain-jan-to-mar-2014","2014-07-07","","2014-07-07","department-for-transport","e4900b3b-a7f8-447a-bd5e-43735f8f1b4a","404","NOT_FOUND","","404","NOT_FOUND","","TRUE","2026-06-15T20:40+00:00"
"https://www.data.gov.uk/dataset/86401518-512c-449c-88fe-dbbe41bdf5f2/road_goods_vehicles_travelling_to_mainland_europe","86401518-512c-449c-88fe-dbbe41bdf5f2","road_goods_vehicles_travelling_to_mainland_europe","2011-12-10","2014-08-21","","08795489-74c0-4151-a602-f455291cb1f1","https://www.gov.uk/government/publications/road-goods-vehicles-travelling-to-mainland-europe-jul-to-sep-q3-2013","2013-12-13","","2013-12-13","department-for-transport","e4900b3b-a7f8-447a-bd5e-43735f8f1b4a","404","NOT_FOUND","","404","NOT_FOUND","","TRUE","2026-06-15T20:41+00:00"
"https://www.data.gov.uk/dataset/8d72834b-c338-4e03-9da7-7e9016b74a6b/accessibility_statistics","8d72834b-c338-4e03-9da7-7e9016b74a6b","accessibility_statistics","2011-12-11","2014-09-24","","2dd47196-d7bf-4aac-b53d-8a497e5e82a8","https://www.gov.uk/government/publications/accessibility-statistics-2012","2013-09-18","","2013-09-18","department-for-transport","e4900b3b-a7f8-447a-bd5e-43735f8f1b4a","404","NOT_FOUND","","404","NOT_FOUND","","TRUE","2026-06-15T20:43+00:00"
"https://www.data.gov.uk/dataset/7f06a77b-444e-490a-a505-8fc8ed62268f/vehicle_licensing_statistics_great_britain","7f06a77b-444e-490a-a505-8fc8ed62268f","vehicle_licensing_statistics_great_britain","2011-12-11","2016-01-26","","a082cab3-f1b2-45ad-aacd-fbd13f74c279","https://www.gov.uk/government/statistical-data-sets/veh01-vehicles-registered-for-the-first-time","2013-03-08","","2013-03-08","department-for-transport","e4900b3b-a7f8-447a-bd5e-43735f8f1b4a","404","NOT_FOUND","","404","NOT_FOUND","","TRUE","2026-06-15T20:40+00:00"
"https://www.data.gov.uk/dataset/247d5848-db8f-4a4f-87cd-99b6f77282e7/reliability_of_journeys_on_the_highways_agencys_motorway_and_a_road_network_","247d5848-db8f-4a4f-87cd-99b6f77282e7","reliability_of_journeys_on_the_highways_agencys_motorway_and_a_road_network_","2012-01-12","2014-08-14","","6abdbe0a-2ca3-4340-8880-0a8ab63c7ab0","https://www.gov.uk/government/publications/reliability-of-journeys-on-the-highways-agencys-motorway-and-a-road-network-march-2013","2013-10-01","","2013-10-01","department-for-transport","e4900b3b-a7f8-447a-bd5e-43735f8f1b4a","404","NOT_FOUND","","404","NOT_FOUND","","TRUE","2026-06-15T19:37+00:00"
"https://www.data.gov.uk/dataset/7f06a77b-444e-490a-a505-8fc8ed62268f/vehicle_licensing_statistics_great_britain","7f06a77b-444e-490a-a505-8fc8ed62268f","vehicle_licensing_statistics_great_britain","2011-12-11","2016-01-26","","6283f4aa-9b24-461e-96f6-5ca1ab883615","https://www.gov.uk/government/statistical-data-sets/veh01-vehicles-registered-for-the-first-time","2013-10-01","","2013-10-01","department-for-transport","e4900b3b-a7f8-447a-bd5e-43735f8f1b4a","404","NOT_FOUND","","404","NOT_FOUND","","TRUE","2026-06-15T20:40+00:00"
"https://www.data.gov.uk/dataset/7f06a77b-444e-490a-a505-8fc8ed62268f/vehicle_licensing_statistics_great_britain","7f06a77b-444e-490a-a505-8fc8ed62268f","vehicle_licensing_statistics_great_britain","2011-12-11","2016-01-26","","b36d9625-e5f5-43d1-af38-902a0f6d7a37","https://www.gov.uk/government/statistical-data-sets/veh01-vehicles-registered-for-the-first-time","2013-12-13","","2013-12-13","department-for-transport","e4900b3b-a7f8-447a-bd5e-43735f8f1b4a","404","NOT_FOUND","","404","NOT_FOUND","","TRUE","2026-06-15T20:40+00:00"
"https://www.data.gov.uk/dataset/edb580f8-fdf7-4e22-a26c-33e9b8a9f72e/road_conditions_in_england","edb580f8-fdf7-4e22-a26c-33e9b8a9f72e","road_conditions_in_england","2011-12-11","2014-05-10","","339cdcab-6aa3-47e0-be88-56d6bdbbba06","https://www.gov.uk/government/publications/road-conditions-in-england-2011","2013-10-01","","2013-10-01","department-for-transport","e4900b3b-a7f8-447a-bd5e-43735f8f1b4a","404","NOT_FOUND","","404","NOT_FOUND","","TRUE","2026-06-15T20:55+00:00"
"https://www.data.gov.uk/dataset/435df328-309c-46fd-92df-5afc56f72646/transport_statistics_great_britain","435df328-309c-46fd-92df-5afc56f72646","transport_statistics_great_britain","2011-12-11","2016-01-26","","d9c24c85-1f4f-4484-b4df-3819a1e93e12","https://www.gov.uk/government/publications/transport-statistics-for-great-britain-2011","2013-03-12","","2013-03-12","department-for-transport","e4900b3b-a7f8-447a-bd5e-43735f8f1b4a","404","NOT_FOUND","","404","NOT_FOUND","","TRUE","2026-06-15T20:12+00:00"
"https://www.data.gov.uk/dataset/247d5848-db8f-4a4f-87cd-99b6f77282e7/reliability_of_journeys_on_the_highways_agencys_motorway_and_a_road_network_","247d5848-db8f-4a4f-87cd-99b6f77282e7","reliability_of_journeys_on_the_highways_agencys_motorway_and_a_road_network_","2012-01-12","2014-08-14","","cb0239d1-0a9a-44ad-a322-0043663cc6b3","https://www.gov.uk/government/publications/reliability-of-journeys-on-highways-agencys-motorway-and-a-road-network-july-2012","2013-10-01","","2013-10-01","department-for-transport","e4900b3b-a7f8-447a-bd5e-43735f8f1b4a","404","NOT_FOUND","","404","NOT_FOUND","","TRUE","2026-06-15T19:37+00:00"
"https://www.data.gov.uk/dataset/7f06a77b-444e-490a-a505-8fc8ed62268f/vehicle_licensing_statistics_great_britain","7f06a77b-444e-490a-a505-8fc8ed62268f","vehicle_licensing_statistics_great_britain","2011-12-11","2016-01-26","","6c7193ba-fe72-47a1-8680-ebeb9a312ffc","https://www.gov.uk/government/statistical-data-sets/veh01-vehicles-registered-for-the-first-time","2013-03-14","","2013-03-14","department-for-transport","e4900b3b-a7f8-447a-bd5e-43735f8f1b4a","404","NOT_FOUND","","404","NOT_FOUND","","TRUE","2026-06-15T20:40+00:00"
"https://www.data.gov.uk/dataset/86401518-512c-449c-88fe-dbbe41bdf5f2/road_goods_vehicles_travelling_to_mainland_europe","86401518-512c-449c-88fe-dbbe41bdf5f2","road_goods_vehicles_travelling_to_mainland_europe","2011-12-10","2014-08-21","","203e6429-d83d-4cdf-b615-f1fa04164ae7","https://www.gov.uk/government/publications/road-goods-vehicles-travelling-to-mainland-europe-jan-to-mar-2014","2014-05-22","","2014-05-22","department-for-transport","e4900b3b-a7f8-447a-bd5e-43735f8f1b4a","404","NOT_FOUND","","404","NOT_FOUND","","TRUE","2026-06-15T20:41+00:00"
"https://www.data.gov.uk/dataset/65246e27-90cf-4a79-989e-3cc19118d438/congestion_on_local_a_roads","65246e27-90cf-4a79-989e-3cc19118d438","congestion_on_local_a_roads","2014-02-13","2014-05-09","","8fb30d5c-3fdb-43aa-b668-f44716f7ae7e","https://www.gov.uk/government/publications/congestion-statistics-on-local-a-roads-england-oct-to-dec-2013","2014-02-13","","2014-02-13","department-for-transport","e4900b3b-a7f8-447a-bd5e-43735f8f1b4a","404","NOT_FOUND","","404","NOT_FOUND","","TRUE","2026-06-15T20:34+00:00"
"https://www.data.gov.uk/dataset/d31ecfe5-7c1c-4ad0-8faa-754ebab24bd6/vehicle_excise_duty_evasion_estimates","d31ecfe5-7c1c-4ad0-8faa-754ebab24bd6","vehicle_excise_duty_evasion_estimates","2011-12-20","2016-01-26","","1775cc7e-b182-485d-ad94-82bc2535e17c","https://www.gov.uk/government/publications/vehicle-excise-duty-evasion-estimates-2011","2013-03-12","","2013-03-12","department-for-transport","e4900b3b-a7f8-447a-bd5e-43735f8f1b4a","404","NOT_FOUND","","404","NOT_FOUND","","TRUE","2026-06-15T20:52+00:00"
"https://www.data.gov.uk/dataset/7f06a77b-444e-490a-a505-8fc8ed62268f/vehicle_licensing_statistics_great_britain","7f06a77b-444e-490a-a505-8fc8ed62268f","vehicle_licensing_statistics_great_britain","2011-12-11","2016-01-26","","64c0096f-fb2f-4055-84c8-6635745b7006","https://www.gov.uk/government/statistical-data-sets/veh01-vehicles-registered-for-the-first-time","2014-01-09","","2014-01-09","department-for-transport","e4900b3b-a7f8-447a-bd5e-43735f8f1b4a","404","NOT_FOUND","","404","NOT_FOUND","","TRUE","2026-06-15T20:40+00:00"
"https://www.data.gov.uk/dataset/16dc4344-b6a5-4ea5-9076-aaa4f7144c6b/waterborne_freight_in_the_united_kingdom","16dc4344-b6a5-4ea5-9076-aaa4f7144c6b","waterborne_freight_in_the_united_kingdom","2011-12-10","2016-01-26","","33b31c1c-31dd-4686-855d-132fb0600db7","https://www.gov.uk/government/publications/waterborne-freight-in-the-united-kingdom-2010","2013-07-01","","2013-07-01","department-for-transport","e4900b3b-a7f8-447a-bd5e-43735f8f1b4a","404","NOT_FOUND","","404","NOT_FOUND","","TRUE","2026-06-15T19:28+00:00"
"https://www.data.gov.uk/dataset/cb1bfdde-fb78-4f47-ae40-a53afb483c78/renewable_transport_fuel_obligation_biofuel_statistics","cb1bfdde-fb78-4f47-ae40-a53afb483c78","renewable_transport_fuel_obligation_biofuel_statistics","2012-03-29","2014-08-07","","6949c089-dfe9-4e3a-88f5-05f2b40f141c","https://www.gov.uk/government/publications/renewable-transport-fuel-obligation-statistics-year-5-report-5","2013-12-13","","2013-12-13","department-for-transport","e4900b3b-a7f8-447a-bd5e-43735f8f1b4a","404","NOT_FOUND","","404","NOT_FOUND","","TRUE","2026-06-15T20:50+00:00"
"https://www.data.gov.uk/dataset/6b79bcc5-dd0a-4562-b10d-4a24654dffac/free_flow_vehicle_speeds_statistics","6b79bcc5-dd0a-4562-b10d-4a24654dffac","free_flow_vehicle_speeds_statistics","2011-12-11","2014-05-10","","587f8177-11e2-46d5-8496-f8818a6b0199","https://www.gov.uk/government/publications/free-flow-vehicle-speeds-in-great-britain-2012","2013-10-01","","2013-10-01","department-for-transport","e4900b3b-a7f8-447a-bd5e-43735f8f1b4a","404","NOT_FOUND","","404","NOT_FOUND","","TRUE","2026-06-15T20:35+00:00"
"https://www.data.gov.uk/dataset/08db04f3-e7f8-4c98-98e0-c1f47a778cc3/blue_badge_scheme_statistics","08db04f3-e7f8-4c98-98e0-c1f47a778cc3","blue_badge_scheme_statistics","2011-12-11","2014-05-09","","c9e02791-bb6d-4c38-a66a-0aec5cce02d6","https://www.gov.uk/government/publications/blue-badge-scheme-statistics-2010-11","2013-03-12","","2013-03-12","department-for-transport","e4900b3b-a7f8-447a-bd5e-43735f8f1b4a","404","NOT_FOUND","","404","NOT_FOUND","","TRUE","2026-06-15T18:27+00:00"
"https://www.data.gov.uk/dataset/e706b67f-1a76-4c7d-979f-bf2e46d6ed46/national_travel_survey","e706b67f-1a76-4c7d-979f-bf2e46d6ed46","national_travel_survey","2011-12-10","2014-07-29","","474ede19-b307-4b81-af4d-fca3716eb71e","https://www.gov.uk/government/publications/national-travel-survey-2012","2013-07-30","","2013-07-30","department-for-transport","e4900b3b-a7f8-447a-bd5e-43735f8f1b4a","404","NOT_FOUND","","404","NOT_FOUND","","TRUE","2026-06-15T20:54+00:00"
"https://www.data.gov.uk/dataset/435df328-309c-46fd-92df-5afc56f72646/transport_statistics_great_britain","435df328-309c-46fd-92df-5afc56f72646","transport_statistics_great_britain","2011-12-11","2016-01-26","","431366f1-1d93-49f5-93ab-83fb46c6c88c","https://www.gov.uk/government/publications/transport-statistics-great-britain-2012","2013-03-08","","2013-03-08","department-for-transport","e4900b3b-a7f8-447a-bd5e-43735f8f1b4a","404","NOT_FOUND","","404","NOT_FOUND","","TRUE","2026-06-15T20:12+00:00"
"https://www.data.gov.uk/dataset/7f06a77b-444e-490a-a505-8fc8ed62268f/vehicle_licensing_statistics_great_britain","7f06a77b-444e-490a-a505-8fc8ed62268f","vehicle_licensing_statistics_great_britain","2011-12-11","2016-01-26","","9a5c3e1c-50f4-4445-8bfa-0e0aea25ea3f","https://www.gov.uk/government/statistical-data-sets/veh01-vehicles-registered-for-the-first-time","2013-10-01","","2013-10-01","department-for-transport","e4900b3b-a7f8-447a-bd5e-43735f8f1b4a","404","NOT_FOUND","","404","NOT_FOUND","","TRUE","2026-06-15T20:40+00:00"
"https://www.data.gov.uk/dataset/7f06a77b-444e-490a-a505-8fc8ed62268f/vehicle_licensing_statistics_great_britain","7f06a77b-444e-490a-a505-8fc8ed62268f","vehicle_licensing_statistics_great_britain","2011-12-11","2016-01-26","","fe2c506b-4eff-48ba-b7e2-ec0ccc2c3c65","https://www.gov.uk/government/statistical-data-sets/veh01-vehicles-registered-for-the-first-time","2013-03-12","","2013-03-12","department-for-transport","e4900b3b-a7f8-447a-bd5e-43735f8f1b4a","404","NOT_FOUND","","404","NOT_FOUND","","TRUE","2026-06-15T20:40+00:00"
"https://www.data.gov.uk/dataset/2423eb2f-9adc-4ef5-856a-d6f26ee49d4b/road_traffic_statistics","2423eb2f-9adc-4ef5-856a-d6f26ee49d4b","road_traffic_statistics","2011-12-11","2014-05-10","","298d1875-ea67-4c43-8b2e-eb385f91721d","https://www.gov.uk/government/publications/road-traffic-estimates-in-great-britain-2012","2013-10-01","","2013-10-01","department-for-transport","e4900b3b-a7f8-447a-bd5e-43735f8f1b4a","404","NOT_FOUND","","404","NOT_FOUND","","TRUE","2026-06-15T19:37+00:00"
"https://www.data.gov.uk/dataset/fdf1e5d5-5ed9-4f34-8d2d-19157d771926/congestion_on_local_authority_managed_a_roads__","fdf1e5d5-5ed9-4f34-8d2d-19157d771926","congestion_on_local_authority_managed_a_roads__","2013-03-08","2014-05-09","","a0c5ce4e-6811-441c-888e-3a004090c24b","https://www.gov.uk/government/publications/congestion-on-local-authority-managed-a-roads-october-to-december-2012","2013-10-01","","2013-10-01","department-for-transport","e4900b3b-a7f8-447a-bd5e-43735f8f1b4a","404","NOT_FOUND","","404","NOT_FOUND","","TRUE","2026-06-15T20:57+00:00"
"https://www.data.gov.uk/dataset/02180ef4-98ae-466a-b9df-4cd440c65658/reported_road_casualties_in_great_britain-provisional_estimates","02180ef4-98ae-466a-b9df-4cd440c65658","reported_road_casualties_in_great_britain-provisional_estimates","2011-12-11","2014-08-07","","00483301-9659-46fc-8ca1-5f7f9c19a613","https://www.gov.uk/government/publications/reported-road-casualties-great-britain-provisional-estimates-q1-2013","2013-08-01","","2013-08-01","department-for-transport","e4900b3b-a7f8-447a-bd5e-43735f8f1b4a","404","NOT_FOUND","","404","NOT_FOUND","","TRUE","2026-06-15T17:58+00:00"
"https://www.data.gov.uk/dataset/02180ef4-98ae-466a-b9df-4cd440c65658/reported_road_casualties_in_great_britain-provisional_estimates","02180ef4-98ae-466a-b9df-4cd440c65658","reported_road_casualties_in_great_britain-provisional_estimates","2011-12-11","2014-08-07","","eedaa38f-78b0-4227-a304-cdf4386ca6f0","https://www.gov.uk/government/publications/reported-road-casualties-great-britain-provisional-estimates-q3-2012","2013-03-08","","2013-03-08","department-for-transport","e4900b3b-a7f8-447a-bd5e-43735f8f1b4a","404","NOT_FOUND","","404","NOT_FOUND","","TRUE","2026-06-15T17:59+00:00"
"https://www.data.gov.uk/dataset/b969157c-c58c-4741-b960-77678750de8f/quarterly_road_traffic_estimates","b969157c-c58c-4741-b960-77678750de8f","quarterly_road_traffic_estimates","2011-12-11","2014-05-10","","f3befeee-1ea3-4d0b-8258-fb79ca4a15fb","https://www.gov.uk/government/publications/quarterly-road-traffic-estimates-great-britain-jul-to-sep-q3-2013","2013-12-13","","2013-12-13","department-for-transport","e4900b3b-a7f8-447a-bd5e-43735f8f1b4a","404","NOT_FOUND","","404","NOT_FOUND","","TRUE","2026-06-15T20:48+00:00"
"https://www.data.gov.uk/dataset/b969157c-c58c-4741-b960-77678750de8f/quarterly_road_traffic_estimates","b969157c-c58c-4741-b960-77678750de8f","quarterly_road_traffic_estimates","2011-12-11","2014-05-10","","f4aa93dd-d3c0-4c7c-b530-59e61646e109","https://www.gov.uk/government/publications/road-traffic-estimates-for-great-britain-quarter-1-2013","2013-10-01","","2013-10-01","department-for-transport","e4900b3b-a7f8-447a-bd5e-43735f8f1b4a","404","NOT_FOUND","","404","NOT_FOUND","","TRUE","2026-06-15T20:48+00:00"
"https://www.data.gov.uk/dataset/02180ef4-98ae-466a-b9df-4cd440c65658/reported_road_casualties_in_great_britain-provisional_estimates","02180ef4-98ae-466a-b9df-4cd440c65658","reported_road_casualties_in_great_britain-provisional_estimates","2011-12-11","2014-08-07","","7f56c36d-0a29-4108-b89a-5db8b795eca8","https://www.gov.uk/government/publications/reported-road-casualties-great-britain-provisional-estimates-q2-2013","2013-12-13","","2013-12-13","department-for-transport","e4900b3b-a7f8-447a-bd5e-43735f8f1b4a","404","NOT_FOUND","","404","NOT_FOUND","","TRUE","2026-06-15T17:59+00:00"
"https://www.data.gov.uk/dataset/61eaa66f-d1c3-47a6-8ec2-8c17fc826f0b/quarterly_bus_statistics","61eaa66f-d1c3-47a6-8ec2-8c17fc826f0b","quarterly_bus_statistics","2011-12-11","2014-09-23","","86929ec1-53fa-4e17-aa61-96eb1d461c2d","https://www.gov.uk/government/publications/quarterly-bus-statistics-jul-to-sep-q3-2013","2013-12-19","","2013-12-19","department-for-transport","e4900b3b-a7f8-447a-bd5e-43735f8f1b4a","404","NOT_FOUND","","404","NOT_FOUND","","TRUE","2026-06-15T20:33+00:00"
"https://www.data.gov.uk/dataset/6e0e02ce-1778-48bc-90e4-4d91a230dc91/sea_passenger_statistics","6e0e02ce-1778-48bc-90e4-4d91a230dc91","sea_passenger_statistics","2011-12-11","2014-05-10","","94e76255-a628-40ce-b6bb-a256a71f12a4","https://www.gov.uk/government/publications/sea-passenger-statistics-2011","2013-10-01","","2013-10-01","department-for-transport","e4900b3b-a7f8-447a-bd5e-43735f8f1b4a","404","NOT_FOUND","","404","NOT_FOUND","","TRUE","2026-06-15T20:36+00:00"
"https://www.data.gov.uk/dataset/247d5848-db8f-4a4f-87cd-99b6f77282e7/reliability_of_journeys_on_the_highways_agencys_motorway_and_a_road_network_","247d5848-db8f-4a4f-87cd-99b6f77282e7","reliability_of_journeys_on_the_highways_agencys_motorway_and_a_road_network_","2012-01-12","2014-08-14","","fd58fdcb-bb7d-46ca-bbc0-55ee8354e038","https://www.gov.uk/government/publications/reliability-of-journeys-on-the-highways-agencys-motorway-and-a-road-network-november-2012","2013-03-08","","2013-03-08","department-for-transport","e4900b3b-a7f8-447a-bd5e-43735f8f1b4a","404","NOT_FOUND","","404","NOT_FOUND","","TRUE","2026-06-15T19:37+00:00"
"https://www.data.gov.uk/dataset/7f06a77b-444e-490a-a505-8fc8ed62268f/vehicle_licensing_statistics_great_britain","7f06a77b-444e-490a-a505-8fc8ed62268f","vehicle_licensing_statistics_great_britain","2011-12-11","2016-01-26","","282c0ae2-94dc-4a4d-88e4-1cdb7e34bfa0","https://www.gov.uk/government/statistical-data-sets/veh01-vehicles-registered-for-the-first-time","2013-03-08","","2013-03-08","department-for-transport","e4900b3b-a7f8-447a-bd5e-43735f8f1b4a","404","NOT_FOUND","","404","NOT_FOUND","","TRUE","2026-06-15T20:40+00:00"
"https://www.data.gov.uk/dataset/86401518-512c-449c-88fe-dbbe41bdf5f2/road_goods_vehicles_travelling_to_mainland_europe","86401518-512c-449c-88fe-dbbe41bdf5f2","road_goods_vehicles_travelling_to_mainland_europe","2011-12-10","2014-08-21","","669176d5-ab9e-40d9-9114-eba49929354e","https://www.gov.uk/government/publications/road-goods-vehicles-travelling-to-mainland-europe-quarter-1-2013","2013-10-01","","2013-10-01","department-for-transport","e4900b3b-a7f8-447a-bd5e-43735f8f1b4a","404","NOT_FOUND","","404","NOT_FOUND","","TRUE","2026-06-15T20:41+00:00"
"https://www.data.gov.uk/dataset/66c0fdd5-700a-4dab-938e-d5011c41fcb5/biofuel_statistics_quarterly","66c0fdd5-700a-4dab-938e-d5011c41fcb5","biofuel_statistics_quarterly","2011-12-11","2014-05-09","","73f31d70-49d5-488a-8433-610f8a578929","https://www.gov.uk/government/publications/biofuel-statistics-year-5-2012-13-report-1","2013-10-01","","2013-10-01","department-for-transport","e4900b3b-a7f8-447a-bd5e-43735f8f1b4a","404","NOT_FOUND","","404","NOT_FOUND","","TRUE","2026-06-15T20:34+00:00"
"https://www.data.gov.uk/dataset/247d5848-db8f-4a4f-87cd-99b6f77282e7/reliability_of_journeys_on_the_highways_agencys_motorway_and_a_road_network_","247d5848-db8f-4a4f-87cd-99b6f77282e7","reliability_of_journeys_on_the_highways_agencys_motorway_and_a_road_network_","2012-01-12","2014-08-14","","987e8b48-cf92-4513-b878-9798f857d5c0","https://www.gov.uk/government/publications/reliability-of-journeys-on-the-highways-agencys-motorway-and-a-road-network-december-2012","2013-03-08","","2013-03-08","department-for-transport","e4900b3b-a7f8-447a-bd5e-43735f8f1b4a","404","NOT_FOUND","","404","NOT_FOUND","","TRUE","2026-06-15T19:37+00:00"
"https://www.data.gov.uk/dataset/7f06a77b-444e-490a-a505-8fc8ed62268f/vehicle_licensing_statistics_great_britain","7f06a77b-444e-490a-a505-8fc8ed62268f","vehicle_licensing_statistics_great_britain","2011-12-11","2016-01-26","","c86e4211-e733-420f-ac6a-006d19608c03","https://www.gov.uk/government/statistical-data-sets/veh01-vehicles-registered-for-the-first-time","2013-03-12","","2013-03-12","department-for-transport","e4900b3b-a7f8-447a-bd5e-43735f8f1b4a","404","NOT_FOUND","","404","NOT_FOUND","","TRUE","2026-06-15T20:40+00:00"
"https://www.data.gov.uk/dataset/0af397d4-1ab3-4bcb-8544-e199f9fe3954/vehicle_licensing_statistics","0af397d4-1ab3-4bcb-8544-e199f9fe3954","vehicle_licensing_statistics","2011-12-10","2016-01-26","","4be7fcce-0134-463d-af83-8a393fd293a6","https://www.gov.uk/government/publications/vehicle-licensing-statistics-great-britain-jul-to-sep-q3-2013","2013-12-13","","2013-12-13","department-for-transport","e4900b3b-a7f8-447a-bd5e-43735f8f1b4a","404","NOT_FOUND","","404","NOT_FOUND","","TRUE","2026-06-15T18:36+00:00"
"https://www.data.gov.uk/dataset/7f06a77b-444e-490a-a505-8fc8ed62268f/vehicle_licensing_statistics_great_britain","7f06a77b-444e-490a-a505-8fc8ed62268f","vehicle_licensing_statistics_great_britain","2011-12-11","2016-01-26","","7e715b24-f54a-40e0-8273-d07b32714a7c","https://www.gov.uk/government/statistical-data-sets/veh01-vehicles-registered-for-the-first-time","2013-10-10","","2013-10-10","department-for-transport","e4900b3b-a7f8-447a-bd5e-43735f8f1b4a","404","NOT_FOUND","","404","NOT_FOUND","","TRUE","2026-06-15T20:40+00:00"
"https://www.data.gov.uk/dataset/7f06a77b-444e-490a-a505-8fc8ed62268f/vehicle_licensing_statistics_great_britain","7f06a77b-444e-490a-a505-8fc8ed62268f","vehicle_licensing_statistics_great_britain","2011-12-11","2016-01-26","","b1b6aae7-ee33-46be-94f8-be372242091a","https://www.gov.uk/government/statistical-data-sets/veh01-vehicles-registered-for-the-first-time","2014-03-13","","2014-03-13","department-for-transport","e4900b3b-a7f8-447a-bd5e-43735f8f1b4a","404","NOT_FOUND","","404","NOT_FOUND","","TRUE","2026-06-15T20:40+00:00"
"https://www.data.gov.uk/dataset/7f06a77b-444e-490a-a505-8fc8ed62268f/vehicle_licensing_statistics_great_britain","7f06a77b-444e-490a-a505-8fc8ed62268f","vehicle_licensing_statistics_great_britain","2011-12-11","2016-01-26","","f52606cf-ba16-4f48-b9b7-579d537a6329","https://www.gov.uk/government/statistical-data-sets/veh01-vehicles-registered-for-the-first-time","2013-03-12","","2013-03-12","department-for-transport","e4900b3b-a7f8-447a-bd5e-43735f8f1b4a","404","NOT_FOUND","","404","NOT_FOUND","","TRUE","2026-06-15T20:40+00:00"
"https://www.data.gov.uk/dataset/6e0e02ce-1778-48bc-90e4-4d91a230dc91/sea_passenger_statistics","6e0e02ce-1778-48bc-90e4-4d91a230dc91","sea_passenger_statistics","2011-12-11","2014-05-10","","334da4f1-1372-434f-a040-6e3aba8145f8","https://www.gov.uk/government/publications/sea-passenger-statistics-2013","2014-02-26","","2014-02-26","department-for-transport","e4900b3b-a7f8-447a-bd5e-43735f8f1b4a","404","NOT_FOUND","","404","NOT_FOUND","","TRUE","2026-06-15T20:36+00:00"
"https://www.data.gov.uk/dataset/7f06a77b-444e-490a-a505-8fc8ed62268f/vehicle_licensing_statistics_great_britain","7f06a77b-444e-490a-a505-8fc8ed62268f","vehicle_licensing_statistics_great_britain","2011-12-11","2016-01-26","","07a4441d-69b1-498f-8fea-5d9c8f074b92","https://www.gov.uk/government/statistical-data-sets/veh01-vehicles-registered-for-the-first-time","2014-02-13","","2014-02-13","department-for-transport","e4900b3b-a7f8-447a-bd5e-43735f8f1b4a","404","NOT_FOUND","","404","NOT_FOUND","","TRUE","2026-06-15T20:40+00:00"
"https://www.data.gov.uk/dataset/cb1bfdde-fb78-4f47-ae40-a53afb483c78/renewable_transport_fuel_obligation_biofuel_statistics","cb1bfdde-fb78-4f47-ae40-a53afb483c78","renewable_transport_fuel_obligation_biofuel_statistics","2012-03-29","2014-08-07","","d490da2d-e9f0-4b77-ab94-64c74092c4d5","https://www.gov.uk/government/publications/renewable-transport-fuel-obligation-statistics-period-5-2012-13-report-4","2013-10-01","","2013-10-01","department-for-transport","e4900b3b-a7f8-447a-bd5e-43735f8f1b4a","404","NOT_FOUND","","404","NOT_FOUND","","TRUE","2026-06-15T20:50+00:00"
"https://www.data.gov.uk/dataset/02a23014-b8d1-4164-96ed-721aff0ffc77/reported_road_casualties_in_great_britain-main_results","02a23014-b8d1-4164-96ed-721aff0ffc77","reported_road_casualties_in_great_britain-main_results","2011-12-11","2014-06-26","","d4c4452c-8032-44a5-b00a-caaa0bb19fe8","https://www.gov.uk/government/publications/reported-road-casualties-in-great-britain-main-results-2013","2014-06-26","","2014-06-26","department-for-transport","e4900b3b-a7f8-447a-bd5e-43735f8f1b4a","404","NOT_FOUND","","404","NOT_FOUND","","TRUE","2026-06-15T18:01+00:00"
"https://www.data.gov.uk/dataset/e706b67f-1a76-4c7d-979f-bf2e46d6ed46/national_travel_survey","e706b67f-1a76-4c7d-979f-bf2e46d6ed46","national_travel_survey","2011-12-10","2014-07-29","","36a3fe72-a594-47ea-b3d4-a3278172962d","https://www.gov.uk/government/publications/national-travel-survey-2013","2014-07-29","","2014-07-29","department-for-transport","e4900b3b-a7f8-447a-bd5e-43735f8f1b4a","404","NOT_FOUND","","404","NOT_FOUND","","TRUE","2026-06-15T20:54+00:00"
"https://www.data.gov.uk/dataset/61eaa66f-d1c3-47a6-8ec2-8c17fc826f0b/quarterly_bus_statistics","61eaa66f-d1c3-47a6-8ec2-8c17fc826f0b","quarterly_bus_statistics","2011-12-11","2014-09-23","","b6540a08-fe31-4cc2-89c2-6ad9fa3e6cc1","https://www.gov.uk/government/publications/quarterly-bus-statistics-jan-to-mar-2014","2014-06-17","","2014-06-17","department-for-transport","e4900b3b-a7f8-447a-bd5e-43735f8f1b4a","404","NOT_FOUND","","404","NOT_FOUND","","TRUE","2026-06-15T20:33+00:00"
"https://www.data.gov.uk/dataset/61eaa66f-d1c3-47a6-8ec2-8c17fc826f0b/quarterly_bus_statistics","61eaa66f-d1c3-47a6-8ec2-8c17fc826f0b","quarterly_bus_statistics","2011-12-11","2014-09-23","","db89718f-70d6-43b3-9082-fa5c6589f82c","https://www.gov.uk/government/publications/quarterly-bus-statistics-quarter-1-2013","2013-10-01","","2013-10-01","department-for-transport","e4900b3b-a7f8-447a-bd5e-43735f8f1b4a","404","NOT_FOUND","","404","NOT_FOUND","","TRUE","2026-06-15T20:33+00:00"
"https://www.data.gov.uk/dataset/7f06a77b-444e-490a-a505-8fc8ed62268f/vehicle_licensing_statistics_great_britain","7f06a77b-444e-490a-a505-8fc8ed62268f","vehicle_licensing_statistics_great_britain","2011-12-11","2016-01-26","","4bd348d4-0bbe-45d2-8e51-f0b19e394b33","https://www.gov.uk/government/statistical-data-sets/veh01-vehicles-registered-for-the-first-time","2013-03-08","","2013-03-08","department-for-transport","e4900b3b-a7f8-447a-bd5e-43735f8f1b4a","404","NOT_FOUND","","404","NOT_FOUND","","TRUE","2026-06-15T20:40+00:00"
"https://www.data.gov.uk/dataset/f8174a66-60a9-4c74-96ab-3f7af179c4b3/road_traffic_statistics_in_great_britain","f8174a66-60a9-4c74-96ab-3f7af179c4b3","road_traffic_statistics_in_great_britain","2012-02-09","2014-05-10","","c4bf01d0-b532-427e-8249-49e310ba4aa7","https://www.gov.uk/government/publications/road-traffic-estimates-2010-revised","2013-07-01","","2013-07-01","department-for-transport","e4900b3b-a7f8-447a-bd5e-43735f8f1b4a","404","NOT_FOUND","","404","NOT_FOUND","","TRUE","2026-06-15T20:56+00:00"
"https://www.data.gov.uk/dataset/b969157c-c58c-4741-b960-77678750de8f/quarterly_road_traffic_estimates","b969157c-c58c-4741-b960-77678750de8f","quarterly_road_traffic_estimates","2011-12-11","2014-05-10","","15c740d0-6f21-471a-8f91-ebd52cc18e6d","https://www.gov.uk/government/publications/road-traffic-estimates-for-great-britain-quarter-4-2012","2013-10-01","","2013-10-01","department-for-transport","e4900b3b-a7f8-447a-bd5e-43735f8f1b4a","404","NOT_FOUND","","404","NOT_FOUND","","TRUE","2026-06-15T20:48+00:00"
"https://www.data.gov.uk/dataset/247d5848-db8f-4a4f-87cd-99b6f77282e7/reliability_of_journeys_on_the_highways_agencys_motorway_and_a_road_network_","247d5848-db8f-4a4f-87cd-99b6f77282e7","reliability_of_journeys_on_the_highways_agencys_motorway_and_a_road_network_","2012-01-12","2014-08-14","","a4716469-c364-40b5-9492-1295bcc4b3dd","https://www.gov.uk/government/publications/reliability-of-journeys-on-the-highways-agencys-motorway-and-a-road-network-february-2013","2013-04-11","","2013-04-11","department-for-transport","e4900b3b-a7f8-447a-bd5e-43735f8f1b4a","404","NOT_FOUND","","404","NOT_FOUND","","TRUE","2026-06-15T19:37+00:00"
"https://www.data.gov.uk/dataset/02180ef4-98ae-466a-b9df-4cd440c65658/reported_road_casualties_in_great_britain-provisional_estimates","02180ef4-98ae-466a-b9df-4cd440c65658","reported_road_casualties_in_great_britain-provisional_estimates","2011-12-11","2014-08-07","","e4063306-139b-4d47-9b30-cd455780f2ac","https://www.gov.uk/government/publications/reported-road-casualties-great-britain-provisional-estimates-q2-2012","2013-03-08","","2013-03-08","department-for-transport","e4900b3b-a7f8-447a-bd5e-43735f8f1b4a","404","NOT_FOUND","","404","NOT_FOUND","","TRUE","2026-06-15T17:59+00:00"
"https://www.data.gov.uk/dataset/7f06a77b-444e-490a-a505-8fc8ed62268f/vehicle_licensing_statistics_great_britain","7f06a77b-444e-490a-a505-8fc8ed62268f","vehicle_licensing_statistics_great_britain","2011-12-11","2016-01-26","","fce293ab-57e6-4cf6-996e-2a6a84785e5c","https://www.gov.uk/government/statistical-data-sets/veh01-vehicles-registered-for-the-first-time","2013-03-12","","2013-03-12","department-for-transport","e4900b3b-a7f8-447a-bd5e-43735f8f1b4a","404","NOT_FOUND","","404","NOT_FOUND","","TRUE","2026-06-15T20:40+00:00"
"https://www.data.gov.uk/dataset/e2075478-4f9e-439a-bb97-b676a908e176/public_attitudes_towards_train_services","e2075478-4f9e-439a-bb97-b676a908e176","public_attitudes_towards_train_services","2013-03-08","2014-05-10","","db6edcc8-0d32-4eb4-adfa-6f806e04ed59","https://www.gov.uk/government/publications/public-attitudes-towards-train-services","2013-03-12","","2013-03-12","department-for-transport","e4900b3b-a7f8-447a-bd5e-43735f8f1b4a","404","NOT_FOUND","","404","NOT_FOUND","","TRUE","2026-06-15T20:53+00:00"
"https://www.data.gov.uk/dataset/247d5848-db8f-4a4f-87cd-99b6f77282e7/reliability_of_journeys_on_the_highways_agencys_motorway_and_a_road_network_","247d5848-db8f-4a4f-87cd-99b6f77282e7","reliability_of_journeys_on_the_highways_agencys_motorway_and_a_road_network_","2012-01-12","2014-08-14","","aaaf9ee4-cebc-47ed-9764-2a4275b07329","https://www.gov.uk/government/publications/reliability-of-journeys-on-the-highways-agencys-motorway-and-a-road-network-october-2012","2013-03-08","","2013-03-08","department-for-transport","e4900b3b-a7f8-447a-bd5e-43735f8f1b4a","404","NOT_FOUND","","404","NOT_FOUND","","TRUE","2026-06-15T19:37+00:00"
"https://www.data.gov.uk/dataset/6b0ad131-f449-41d1-8222-3496d52009b5/congestion_on_local_authority_managed_a_roads_","6b0ad131-f449-41d1-8222-3496d52009b5","congestion_on_local_authority_managed_a_roads_","2011-12-11","2014-05-09","","72bf2eec-59e6-4e4b-9dbf-67ef0a31d7ff","https://www.gov.uk/government/publications/congestion-on-local-authority-managed-a-roads-april-to-june-2013/","2013-08-08","","2013-08-08","department-for-transport","e4900b3b-a7f8-447a-bd5e-43735f8f1b4a","404","NOT_FOUND","","404","NOT_FOUND","","TRUE","2026-06-15T20:35+00:00"
"https://www.data.gov.uk/dataset/02a23014-b8d1-4164-96ed-721aff0ffc77/reported_road_casualties_in_great_britain-main_results","02a23014-b8d1-4164-96ed-721aff0ffc77","reported_road_casualties_in_great_britain-main_results","2011-12-11","2014-06-26","","b60d26c2-4ec6-489e-b310-d51045cb31ca","https://www.gov.uk/government/publications/reported-road-casualties-in-great-britain-main-results-2012","2013-10-01","","2013-10-01","department-for-transport","e4900b3b-a7f8-447a-bd5e-43735f8f1b4a","404","NOT_FOUND","","404","NOT_FOUND","","TRUE","2026-06-15T18:01+00:00"
"https://www.data.gov.uk/dataset/7f06a77b-444e-490a-a505-8fc8ed62268f/vehicle_licensing_statistics_great_britain","7f06a77b-444e-490a-a505-8fc8ed62268f","vehicle_licensing_statistics_great_britain","2011-12-11","2016-01-26","","e23caef3-38dc-4ad6-a3c5-f6e1fdd33a9d","https://www.gov.uk/government/statistical-data-sets/veh01-vehicles-registered-for-the-first-time","2014-07-10","","2014-07-10","department-for-transport","e4900b3b-a7f8-447a-bd5e-43735f8f1b4a","404","NOT_FOUND","","404","NOT_FOUND","","TRUE","2026-06-15T20:40+00:00"
"https://www.data.gov.uk/dataset/7f06a77b-444e-490a-a505-8fc8ed62268f/vehicle_licensing_statistics_great_britain","7f06a77b-444e-490a-a505-8fc8ed62268f","vehicle_licensing_statistics_great_britain","2011-12-11","2016-01-26","","b66d32c2-bba5-4c9e-9b6b-9529de6b4cd2","https://www.gov.uk/government/statistical-data-sets/veh01-vehicles-registered-for-the-first-time","2013-03-08","","2013-03-08","department-for-transport","e4900b3b-a7f8-447a-bd5e-43735f8f1b4a","404","NOT_FOUND","","404","NOT_FOUND","","TRUE","2026-06-15T20:40+00:00"
"https://www.data.gov.uk/dataset/edb580f8-fdf7-4e22-a26c-33e9b8a9f72e/road_conditions_in_england","edb580f8-fdf7-4e22-a26c-33e9b8a9f72e","road_conditions_in_england","2011-12-11","2014-05-10","","897bfb28-f110-4502-b8bc-bb2c050737a5","https://www.gov.uk/government/publications/road-conditions-in-england-2012","2013-10-01","","2013-10-01","department-for-transport","e4900b3b-a7f8-447a-bd5e-43735f8f1b4a","404","NOT_FOUND","","404","NOT_FOUND","","TRUE","2026-06-15T20:55+00:00"
