guid,package_id,name
CEFAS01d9c0b1-688e-4e9f-8c0c-c42c4654be63,https://ckan.publishing.service.gov.uk/dataset/d3ae9712-493e-49de-a02e-af4f8b3999f8,centre-for-environment-fisheries-aquaculture-science
CEFAS05c3cc8a-dedb-4299-85ca-046cdd058e34,https://ckan.publishing.service.gov.uk/dataset/fa72b9c5-3d30-4bf6-8c88-22e30f0f5d73,centre-for-environment-fisheries-aquaculture-science
CEFAS091885d0-6ba7-4848-9696-53772708b07b,https://ckan.publishing.service.gov.uk/dataset/5d43166d-8ce3-46c8-957d-a93db970a50c,centre-for-environment-fisheries-aquaculture-science
CEFAS0cff3f7c-7cca-4795-90f9-3aa02d2cc8e1,https://ckan.publishing.service.gov.uk/dataset/0eeda823-5fb1-42fc-9921-f2c0527c25b2,centre-for-environment-fisheries-aquaculture-science
CEFAS0da2b021-cfc1-41c3-a033-3896800b94f2,https://ckan.publishing.service.gov.uk/dataset/cb90b843-8217-4444-be1c-f4325c1e8dcb,centre-for-environment-fisheries-aquaculture-science
CEFAS0eaf252c-7afb-46e5-95ad-8862933a6893,https://ckan.publishing.service.gov.uk/dataset/22b5f52a-d618-4db3-b700-a299c86e3c34,centre-for-environment-fisheries-aquaculture-science
CEFAS119e91f1-6b66-4dda-8884-c96a7e8086b2,https://ckan.publishing.service.gov.uk/dataset/8d874dbf-fb93-4962-92fb-42e93779ba3f,centre-for-environment-fisheries-aquaculture-science
CEFAS1ce0023c-2cdb-4f6f-ae71-faa80624a257,https://ckan.publishing.service.gov.uk/dataset/2254eca3-0e5b-4888-b186-22fd38877207,centre-for-environment-fisheries-aquaculture-science
CEFAS1d1dd20e-7cbe-4803-9a1e-3d4c9ed405a8,https://ckan.publishing.service.gov.uk/dataset/8a2f9052-1a9d-4538-a00c-a6cdf6b77c52,centre-for-environment-fisheries-aquaculture-science
CEFAS1f315c10-c69e-4bfe-9d94-e89850e78a68,https://ckan.publishing.service.gov.uk/dataset/6d4484ca-3301-4c78-8395-48e80447ac3d,centre-for-environment-fisheries-aquaculture-science
CEFAS23cd7204-740e-4d1f-96d6-e2084e80c0ac,https://ckan.publishing.service.gov.uk/dataset/25349187-8c76-4ed4-87c9-5b5913ba7f96,centre-for-environment-fisheries-aquaculture-science
CEFAS2597365d-00fa-4307-bdf5-f619a0e4d289,https://ckan.publishing.service.gov.uk/dataset/ded9013d-bd8b-4950-ae22-4af28c905093,centre-for-environment-fisheries-aquaculture-science
CEFAS260c7e4b-66b1-476e-b4a8-524957e56140,https://ckan.publishing.service.gov.uk/dataset/97e89535-f880-4541-836c-588f50236450,centre-for-environment-fisheries-aquaculture-science
CEFAS289b92b5-9328-4173-8dde-b6eaa601d280,https://ckan.publishing.service.gov.uk/dataset/163eba44-33a2-41ec-a9ae-ca6b32662851,centre-for-environment-fisheries-aquaculture-science
CEFAS2a394179-e9fd-41d0-b655-eeb9c725d8de,https://ckan.publishing.service.gov.uk/dataset/f2bd936a-8429-464f-b858-40782036f06d,centre-for-environment-fisheries-aquaculture-science
CEFAS355ad7d4-8a6a-4f27-b441-4594abe788bd,https://ckan.publishing.service.gov.uk/dataset/dff4a7e6-c7b4-4bb8-8f76-35194e3296ab,centre-for-environment-fisheries-aquaculture-science
CEFAS377099f3-1deb-45c1-b2f2-1a720af6d961,https://ckan.publishing.service.gov.uk/dataset/4d8a984f-5966-49e6-9855-10e64e5fb6aa,centre-for-environment-fisheries-aquaculture-science
CEFAS37c75d6b-11e1-48f2-8154-8b2aa01ba47f,https://ckan.publishing.service.gov.uk/dataset/c8bdbe5b-7323-423f-af66-10927e94af42,centre-for-environment-fisheries-aquaculture-science
CEFAS393deed4-baf5-4e7c-92e3-92827128945c,https://ckan.publishing.service.gov.uk/dataset/cb36be0b-d0d5-44b1-a0a3-3b719a489b42,centre-for-environment-fisheries-aquaculture-science
CEFAS398bc7d2-6746-4bfa-b7ec-c8912f3c3202,https://ckan.publishing.service.gov.uk/dataset/afa79518-7a7d-4a5f-b6cb-5d67a5b4c0a3,centre-for-environment-fisheries-aquaculture-science
CEFAS3c173764-3efe-465b-9d6e-9b9575e2aa98,https://ckan.publishing.service.gov.uk/dataset/e64a9336-03b7-4cfd-812a-4fa94837f5d3,centre-for-environment-fisheries-aquaculture-science
CEFAS3f2b9f35-efdf-4200-9430-6d569b1461d7,https://ckan.publishing.service.gov.uk/dataset/e26f30eb-6574-486d-be84-66c98374e653,centre-for-environment-fisheries-aquaculture-science
CEFAS4122a249-4885-4055-9c37-3ad4fd27eca3,https://ckan.publishing.service.gov.uk/dataset/8206582f-c9b7-4e3f-817f-61e6dc336ea7,centre-for-environment-fisheries-aquaculture-science
CEFAS42670992-ebff-414d-8933-c3cb5d344904,https://ckan.publishing.service.gov.uk/dataset/cabe43c6-3366-441c-9b75-f7e7d45fba3a,centre-for-environment-fisheries-aquaculture-science
CEFAS487e0ab2-258e-4a94-b919-921728392dcf,https://ckan.publishing.service.gov.uk/dataset/269a224c-84e7-472d-94cc-90736936a980,centre-for-environment-fisheries-aquaculture-science
CEFAS4dbafdfc-71d3-4674-91d8-10b24219bcf4,https://ckan.publishing.service.gov.uk/dataset/fcd8710f-f3c1-4707-b8ef-731d3979b874,centre-for-environment-fisheries-aquaculture-science
CEFAS4f820690-1f31-4c9d-9877-455981fb16b8,https://ckan.publishing.service.gov.uk/dataset/b70d8143-dd95-4784-b033-aaae62acdfd3,centre-for-environment-fisheries-aquaculture-science
CEFAS5350728e-7857-4b99-a04c-c375fe196a09,https://ckan.publishing.service.gov.uk/dataset/b903e58d-f977-46b9-b0ae-8fa6e0153ca0,centre-for-environment-fisheries-aquaculture-science
CEFAS5431150c-ceed-4bd8-b7c8-f0d192c6d016,https://ckan.publishing.service.gov.uk/dataset/610039e5-413b-4474-b581-7b53b1bc147f,centre-for-environment-fisheries-aquaculture-science
CEFAS59CB6A44-6B13-4DFB-923C-FAFBB9CFFCDF,https://ckan.publishing.service.gov.uk/dataset/67630ef3-0e3e-4024-a121-0f7b256fcc24,centre-for-environment-fisheries-aquaculture-science
CEFAS5bd426dd-f2f4-4649-b96c-8e73701c5ab7,https://ckan.publishing.service.gov.uk/dataset/d159418a-f541-4e33-a63a-a216767ef5a7,centre-for-environment-fisheries-aquaculture-science
CEFAS6572f29a-8054-4226-8e27-29b966eb9108,https://ckan.publishing.service.gov.uk/dataset/bc9e2d89-583b-469e-bdf7-f3d68fbcd8ba,centre-for-environment-fisheries-aquaculture-science
CEFAS6aa44cac-eb2f-4946-b1ff-7b14bd703b9d,https://ckan.publishing.service.gov.uk/dataset/bde61373-a197-4ab3-8955-4c0b6a847870,centre-for-environment-fisheries-aquaculture-science
CEFAS6aac6f27-f608-4679-a4c2-b8b062eb8e87,https://ckan.publishing.service.gov.uk/dataset/df664ea5-ca40-4361-9cd5-ab33aca7df93,centre-for-environment-fisheries-aquaculture-science
CEFAS6b89f027-f41d-4232-96b6-88a1ee3c4f41,https://ckan.publishing.service.gov.uk/dataset/f40ab27e-c855-4ddd-b18e-8e08c22347b4,centre-for-environment-fisheries-aquaculture-science
CEFAS6d8d3246-196d-477e-8deb-a7341294b26a,https://ckan.publishing.service.gov.uk/dataset/901f88f3-fee4-4406-8c70-aa1dec922fb7,centre-for-environment-fisheries-aquaculture-science
CEFAS7134aa4c-5c67-40f2-b5ba-70101b340bd3,https://ckan.publishing.service.gov.uk/dataset/c6fa343e-88d0-4c59-b5e1-6aeea3a2873e,centre-for-environment-fisheries-aquaculture-science
CEFAS7200148d-1560-4c37-ad27-1e3fc287ad49,https://ckan.publishing.service.gov.uk/dataset/3b43ce43-53b5-4615-b377-000c318a1ba4,centre-for-environment-fisheries-aquaculture-science
CEFAS7774bc95-860c-44ad-bd07-3a676e1c2918,https://ckan.publishing.service.gov.uk/dataset/9b99fa1e-8369-4aff-80bc-caf3e1e5ed69,centre-for-environment-fisheries-aquaculture-science
CEFAS7bf913d1-2895-4bbd-ad0c-63d7207ae30f,https://ckan.publishing.service.gov.uk/dataset/59dd6dcb-4072-437f-b6b5-d5e9203d1001,centre-for-environment-fisheries-aquaculture-science
CEFAS842e8d53-a174-4fbc-880e-48ee8346563f,https://ckan.publishing.service.gov.uk/dataset/5fc4f036-b48e-45ee-9023-5a5b186a6a1f,centre-for-environment-fisheries-aquaculture-science
CEFAS845df2eb-4133-4b52-b783-1693057b8a54,https://ckan.publishing.service.gov.uk/dataset/059404c0-9d36-4c86-a86a-eba24b83330b,centre-for-environment-fisheries-aquaculture-science
CEFAS8d83b85a-b7ab-49b7-a4c8-ab629d1aac96,https://ckan.publishing.service.gov.uk/dataset/d70855df-da5e-4aab-a543-de3e00327f32,centre-for-environment-fisheries-aquaculture-science
CEFAS8f4be29e-506b-4c5f-88ea-e81e3a5e1044,https://ckan.publishing.service.gov.uk/dataset/a16b6e22-71d3-4c61-9d63-acd28c7999b1,centre-for-environment-fisheries-aquaculture-science
CEFAS90717505-ee57-4c76-8c5d-903d5d16d66a,https://ckan.publishing.service.gov.uk/dataset/96b4266d-c5fd-4868-917d-6a3d0af7773f,centre-for-environment-fisheries-aquaculture-science
CEFAS9274cae9-a88f-48d1-bddc-a536cc375665,https://ckan.publishing.service.gov.uk/dataset/cfb301a5-ff2b-41d4-bca1-73667af3a59f,centre-for-environment-fisheries-aquaculture-science
CEFAS92b8d797-80ef-4c2d-849c-4d3432bdafc6,https://ckan.publishing.service.gov.uk/dataset/84ca456c-dd9c-4d61-bc1a-1e713fe3d2f3,centre-for-environment-fisheries-aquaculture-science
CEFAS948b03a9-786f-4e13-afc6-755d50e09696,https://ckan.publishing.service.gov.uk/dataset/5feec0cf-d78c-4961-b7a9-37490b5cb724,centre-for-environment-fisheries-aquaculture-science
CEFAS957a8ea4-a8c8-40c7-9e28-52765bdfacfc,https://ckan.publishing.service.gov.uk/dataset/9d18b7a0-5d5b-4796-9c93-32accabdde9e,centre-for-environment-fisheries-aquaculture-science
CEFAS96daeb39-c7ce-47cb-b33d-6d3d1228c047,https://ckan.publishing.service.gov.uk/dataset/d44186ca-731d-4bda-ac05-28c67c453924,centre-for-environment-fisheries-aquaculture-science
CEFAS9729604d-365d-4daf-9433-676ddac9beeb,https://ckan.publishing.service.gov.uk/dataset/9f6eb025-09ac-42ad-9425-37034d623927,centre-for-environment-fisheries-aquaculture-science
CEFAS975fcc8c-a2aa-464f-a825-f6e9d73b6963,https://ckan.publishing.service.gov.uk/dataset/9e79c2a8-4f40-49f2-a639-910e5af1300b,centre-for-environment-fisheries-aquaculture-science
CEFAS9f16c10a-feee-4a5b-801e-5d8a6d2ccfed,https://ckan.publishing.service.gov.uk/dataset/ade5ff9c-8e8b-42d3-8ed5-eac37d649fb3,centre-for-environment-fisheries-aquaculture-science
CEFAS9ff74d13-dace-4ece-be27-d6e38bb76197,https://ckan.publishing.service.gov.uk/dataset/3333c288-ab05-4fab-b785-2743ca114b70,centre-for-environment-fisheries-aquaculture-science
CEFASA224A4DB-A0F6-4D84-BB8D-2714A919897B,https://ckan.publishing.service.gov.uk/dataset/e437bfa7-82a6-434c-9eb7-4608e099f559,centre-for-environment-fisheries-aquaculture-science
CEFASa41ebee8-818b-4602-99c3-a5f80483dae6,https://ckan.publishing.service.gov.uk/dataset/0e03d8b7-f50d-4777-83bd-154daf00db2d,centre-for-environment-fisheries-aquaculture-science
CEFASa6fd77d3-0d41-420a-87c3-a4a1e4aac11d,https://ckan.publishing.service.gov.uk/dataset/a64545c4-ff55-4b7e-9722-80ee779d64a7,centre-for-environment-fisheries-aquaculture-science
CEFASa84f7211-5543-4290-b7ba-b762a5a490ce,https://ckan.publishing.service.gov.uk/dataset/c68c84a7-a9c1-4c6d-a011-6dd9aa99dd63,centre-for-environment-fisheries-aquaculture-science
CEFASA93D69C7-CD0F-4ED6-9286-C8BF9DD192B5,https://ckan.publishing.service.gov.uk/dataset/1fd8c5b5-9ab6-4763-8b47-50395688ba81,centre-for-environment-fisheries-aquaculture-science
CEFASA98D98B0-99DA-47F1-AF6C-FE3A4D722DAB,https://ckan.publishing.service.gov.uk/dataset/9e3b74d7-32e7-4d7d-b1f4-e2b0f13a36b9,centre-for-environment-fisheries-aquaculture-science
CEFASac6980dd-b9b7-4e54-a18d-e57d2a9d2ae1,https://ckan.publishing.service.gov.uk/dataset/097dcd1e-2835-481c-9e56-e12efd503c5a,centre-for-environment-fisheries-aquaculture-science
CEFASB55DC748-D99A-42D7-9D5C-27E3D270DCB6,https://ckan.publishing.service.gov.uk/dataset/faf1e0e2-af52-4622-9cdf-f6eedddd3134,centre-for-environment-fisheries-aquaculture-science
CEFASB7CC8446-88A5-4697-8128-9950F5324245,https://ckan.publishing.service.gov.uk/dataset/036442b9-f1c8-4a41-8afc-28de111c4e8a,centre-for-environment-fisheries-aquaculture-science
CEFASbe13aa0c-0c83-4130-b86f-b58a497e84cf,https://ckan.publishing.service.gov.uk/dataset/7cadab17-ce24-4dfb-bba7-a141b01315a8,centre-for-environment-fisheries-aquaculture-science
CEFASc7145d81-18e6-4d10-b454-c585a3efc52c,https://ckan.publishing.service.gov.uk/dataset/85e2e8c4-445a-4692-a4b0-3b610a6583c6,centre-for-environment-fisheries-aquaculture-science
CEFASCA4A754A-D93B-4555-8E79-3B34B5242CBC,https://ckan.publishing.service.gov.uk/dataset/26791ab5-7ac1-43b2-9788-1b9192407750,centre-for-environment-fisheries-aquaculture-science
CEFAScb5836a6-bac6-439c-a0eb-56fc5d30a946,https://ckan.publishing.service.gov.uk/dataset/4e903719-d8fd-4d01-9327-89a079af529c,centre-for-environment-fisheries-aquaculture-science
CEFAScba77c2d-9e0b-4eb9-b8be-34670ee5ce61,https://ckan.publishing.service.gov.uk/dataset/cff1c2ac-a55c-45dc-8f36-16edefdbe2d5,centre-for-environment-fisheries-aquaculture-science
CEFASCD5DD805-A54D-4B80-8F79-6524A7E76C2F,https://ckan.publishing.service.gov.uk/dataset/3fbaf812-be16-4206-835b-50f649adad5d,centre-for-environment-fisheries-aquaculture-science
CEFASCE24B3E5-4442-4AEF-83C0-35A61B58682D,https://ckan.publishing.service.gov.uk/dataset/a7ba5e50-e004-4272-be54-f16bf1dd0ff3,centre-for-environment-fisheries-aquaculture-science
CEFAScfbdd57d-ef9f-4a41-80ec-8322cb5a8aed,https://ckan.publishing.service.gov.uk/dataset/48c361d5-78a9-4455-b553-57b95b2960a9,centre-for-environment-fisheries-aquaculture-science
CEFASD4AF2E9A-140C-4431-94D4-2DCEB454C477,https://ckan.publishing.service.gov.uk/dataset/40b1fed5-8449-4420-8702-a43e7e3e7e88,centre-for-environment-fisheries-aquaculture-science
CEFASD6D53113-E00B-4A2A-B82B-9995E0618A12,https://ckan.publishing.service.gov.uk/dataset/9e841631-d570-4b92-b486-6e1617011b32,centre-for-environment-fisheries-aquaculture-science
CEFASD7BE4583-E14B-4A6D-9ECF-402450F3CF72,https://ckan.publishing.service.gov.uk/dataset/e97567f6-e4cf-43d6-a1d0-64b1394d8483,centre-for-environment-fisheries-aquaculture-science
CEFASD93FEAFF-C945-4A01-A150-065A696414D9,https://ckan.publishing.service.gov.uk/dataset/3c01cc51-0cd0-477a-8759-df7d3321fdf8,centre-for-environment-fisheries-aquaculture-science
CEFASd990a830-70f5-4166-b4dd-1461874ff0b6,https://ckan.publishing.service.gov.uk/dataset/21f5584a-638a-4dd2-9939-940b16524fdd,centre-for-environment-fisheries-aquaculture-science
CEFASda351bfc-36db-417d-a2ef-8b2f80e7e25e,https://ckan.publishing.service.gov.uk/dataset/7f06ce9a-c155-4fe2-b5da-f526d4702a0f,centre-for-environment-fisheries-aquaculture-science
CEFASE1EAAB63-62DD-40E6-8851-B881EC5E8A8C,https://ckan.publishing.service.gov.uk/dataset/c1d3e09f-be2d-47d4-b6a9-b697d006986e,centre-for-environment-fisheries-aquaculture-science
CEFASe3c8224c-410e-49d4-82b7-c249fc6bc8dd,https://ckan.publishing.service.gov.uk/dataset/4011c7ae-918e-4353-bdaf-86c9d1668d05,centre-for-environment-fisheries-aquaculture-science
CEFASe7b3f467-162e-4674-bfff-c2192f14cd5c,https://ckan.publishing.service.gov.uk/dataset/3dd0d173-8e72-404d-982f-6d065a2e56d3,centre-for-environment-fisheries-aquaculture-science
CEFASe842856e-a6f8-4301-9bee-d386d4521e02,https://ckan.publishing.service.gov.uk/dataset/2d2adeec-006b-40ec-9f92-a12588bd068e,centre-for-environment-fisheries-aquaculture-science
CEFASef87a755-9696-49ed-8690-4205db57a05a,https://ckan.publishing.service.gov.uk/dataset/03803a58-adf2-4dc8-a3a7-75e564141a11,centre-for-environment-fisheries-aquaculture-science
CEFASf1c41e21-40ef-497a-8365-c1dd52635581,https://ckan.publishing.service.gov.uk/dataset/9e249fa5-2d20-46e0-8989-3458e2e40bfa,centre-for-environment-fisheries-aquaculture-science
CEFASf2032755-ca3f-46ae-9ab4-4ef1d9840cb8,https://ckan.publishing.service.gov.uk/dataset/449856f2-fa89-46f9-a1dd-ac8e99abf252,centre-for-environment-fisheries-aquaculture-science
CEFASf21a2bc6-fc0b-4b22-a50e-e5131bdb7736,https://ckan.publishing.service.gov.uk/dataset/08be7031-00b8-4ff9-ae0a-f9805fb88fd6,centre-for-environment-fisheries-aquaculture-science
CEFASf354ee2c-6910-4b32-8463-5963d76e2157,https://ckan.publishing.service.gov.uk/dataset/64c4e131-d5ee-4e87-976c-c0b20ab8cb3d,centre-for-environment-fisheries-aquaculture-science
CEFASf63b2473-2ebb-4968-aed7-fa5f0eb75b08,https://ckan.publishing.service.gov.uk/dataset/55ccced3-137a-43c4-ad2a-66778ba1d8d5,centre-for-environment-fisheries-aquaculture-science
CEFASfe97575b-0970-4660-9598-2bf251de8925,https://ckan.publishing.service.gov.uk/dataset/dc0b142e-d7de-4e88-8d9f-ecb35f2cafe8,centre-for-environment-fisheries-aquaculture-science
00298db4-6092-4773-bae9-34380019d8cf,https://ckan.publishing.service.gov.uk/dataset/de487465-6c56-4d99-9618-4489a06c4bac,marine-environmental-data-information-network
002d3ed5-7c78-414b-9f3e-1fda6c26283c,https://ckan.publishing.service.gov.uk/dataset/bc6edcdb-1081-4e0c-a61f-db97501b2b7a,marine-environmental-data-information-network
005032f64651a48f1ab72e4b1b51542a,https://ckan.publishing.service.gov.uk/dataset/60a02a49-4ce1-4785-86f8-f6455fa409ec,marine-environmental-data-information-network
008273a7-9ba7-4c0b-b8f4-fceb6e939229,https://ckan.publishing.service.gov.uk/dataset/064e4cd4-9718-4317-a1ea-0188b38d13f1,marine-environmental-data-information-network
008f844f1ce500200bb3d75aa479ec85,https://ckan.publishing.service.gov.uk/dataset/4988107b-a840-458b-b4cd-0e4d07db443a,marine-environmental-data-information-network
009b70489b7b8bbd1d8570379b72c9c1,https://ckan.publishing.service.gov.uk/dataset/ea3204cc-439d-447c-ae0d-0a0cf85dbee4,marine-environmental-data-information-network
009c88a7480356bc983bba707ade8d05,https://ckan.publishing.service.gov.uk/dataset/92d1ce8c-e2b0-4b6c-a19b-a40131ea26c2,marine-environmental-data-information-network
00d5902d-e998-4159-920d-929497ebd753,https://ckan.publishing.service.gov.uk/dataset/806e2f2c-9058-4e2e-8d90-f5f9f937dd66,marine-environmental-data-information-network
00dac8ad3ca894784193dafb4a5202e6,https://ckan.publishing.service.gov.uk/dataset/a6fb4a5e-f941-4011-98ab-fffc693ea2b8,marine-environmental-data-information-network
00f3c0db12e6ad65221f9091b748d0ba,https://ckan.publishing.service.gov.uk/dataset/a55aba96-07b8-44f9-96f7-0099d0d55f7f,marine-environmental-data-information-network
012354f2ffd50b72a91aedcce4ea2982,https://ckan.publishing.service.gov.uk/dataset/3b750ac7-3e20-4f00-aa74-7f749db0cec3,marine-environmental-data-information-network
0129a997d78052be868cf191fe47b3ea,https://ckan.publishing.service.gov.uk/dataset/25b71594-3a29-4c72-a3e4-204a3dc8ca16,marine-environmental-data-information-network
01456949c2f8576182af30d432d86b9c,https://ckan.publishing.service.gov.uk/dataset/264c7b79-c7f4-4f52-b4aa-415d82c15380,marine-environmental-data-information-network
0190f7d2bde03df3268b3859505fa53a,https://ckan.publishing.service.gov.uk/dataset/95798a9a-2f29-4b4a-b952-2adeeb78efc9,marine-environmental-data-information-network
019510757ad9cb2728952ab98e0ab6b0,https://ckan.publishing.service.gov.uk/dataset/c20eaa84-4234-4ccb-9aeb-fc6af588a7d3,marine-environmental-data-information-network
019765ac-bd46-4ac4-861f-cf6a6b59992b,https://ckan.publishing.service.gov.uk/dataset/043bfa3e-ad05-4ad3-bd6e-89ea557c188f,marine-environmental-data-information-network
01a57b8cd776c92e4c3b02e19fa5542d,https://ckan.publishing.service.gov.uk/dataset/07c241cb-1f30-4e57-8279-a3447f2054cd,marine-environmental-data-information-network
01b0a040-3fae-4889-94e4-acb0f69ecc03,https://ckan.publishing.service.gov.uk/dataset/46b6c098-866b-4448-bf4e-c7f22058d8f2,marine-environmental-data-information-network
01d0a3e95a58eec6f24e3020f44791fc,https://ckan.publishing.service.gov.uk/dataset/a39e8215-2415-4026-b23d-7e8a581dd6a5,marine-environmental-data-information-network
01dccea078f536bb5e28cc6847a45c99,https://ckan.publishing.service.gov.uk/dataset/84832378-ec24-44f0-90ee-606b93c392db,marine-environmental-data-information-network
01ea510a307c98cd1fd9855560ca251d,https://ckan.publishing.service.gov.uk/dataset/729e2e09-85bb-48c1-a704-6a6a6e2c75a0,marine-environmental-data-information-network
01f2aec270a12b497b7b3d7846aaec05,https://ckan.publishing.service.gov.uk/dataset/8a25f143-5081-4f83-960c-aad99a73ec8d,marine-environmental-data-information-network
024752cb30701c1374c441cbac2f89a1,https://ckan.publishing.service.gov.uk/dataset/ba3707d0-1451-4184-acd8-1734fbe6d8b7,marine-environmental-data-information-network
024852096e7319c5007c838aaded1983,https://ckan.publishing.service.gov.uk/dataset/d34444d1-80a3-4bb4-8139-ef7ee73a636e,marine-environmental-data-information-network
03242f9ee9c04fd11818814c924a45d0,https://ckan.publishing.service.gov.uk/dataset/1d354677-67be-403d-aeac-00ebf9c7d40e,marine-environmental-data-information-network
0356e4f0548729246344ed6ebda2d245,https://ckan.publishing.service.gov.uk/dataset/61b3386b-bd5f-4233-a246-b7a536784384,marine-environmental-data-information-network
036b6b1d-f131-4a66-9b0c-914fb6ff563c,https://ckan.publishing.service.gov.uk/dataset/eeb0f67c-aed5-466b-b3e4-0327af838eee,marine-environmental-data-information-network
036e3d1fffd3794369c674bf888dca49,https://ckan.publishing.service.gov.uk/dataset/ea163744-eaaf-425e-b313-6c390af8ed0c,marine-environmental-data-information-network
0370af22f970a98e2a5fcc79d5dd05b1,https://ckan.publishing.service.gov.uk/dataset/22f26ff0-e611-4f82-8c2a-6d9d2f5def41,marine-environmental-data-information-network
037f719d4604bee8d36e44c301360f66,https://ckan.publishing.service.gov.uk/dataset/2a4e3ff5-d705-42d1-9097-282a40b1c499,marine-environmental-data-information-network
0395ccdf639af96b7b4d84658da942ea,https://ckan.publishing.service.gov.uk/dataset/68170671-49c9-405f-afc0-c09b1ac0a92c,marine-environmental-data-information-network
03d046b98ee0557a980578eb38da4b35,https://ckan.publishing.service.gov.uk/dataset/6fdf5e82-f30b-4d5b-8b14-07d1b6e8c883,marine-environmental-data-information-network
03e58450899ed1a91c18543aef855804,https://ckan.publishing.service.gov.uk/dataset/94c1a037-87a6-4170-a2c6-130c14a8ed22,marine-environmental-data-information-network
04050d01ccd38cd3ab22950ad4de54ca,https://ckan.publishing.service.gov.uk/dataset/528f97d0-67e8-41bf-8e1b-df33f8cf4b8c,marine-environmental-data-information-network
0429aa45165de9553ad9e7ef465f2b4f,https://ckan.publishing.service.gov.uk/dataset/ff0147c3-cb56-4787-8515-9529a06dec22,marine-environmental-data-information-network
047ffd5e-e330-48e2-aa6b-ec1779f615b3,https://ckan.publishing.service.gov.uk/dataset/f5535b43-856e-45e7-9d33-5b7b4d983998,marine-environmental-data-information-network
04bd1a6a3a7529df824bd5ce9892dbe2,https://ckan.publishing.service.gov.uk/dataset/0380d32e-fbc2-459b-9cce-ea097cf6f316,marine-environmental-data-information-network
04bdbc2094d88195b55dc75973be5a2e,https://ckan.publishing.service.gov.uk/dataset/c9efe6e5-d24b-46bb-a07b-cd9bac6cc931,marine-environmental-data-information-network
04c6a64c-a6c8-4f02-b482-212641b51ac7,https://ckan.publishing.service.gov.uk/dataset/a56eda89-537d-47dc-9edf-16f21fb08e6b,marine-environmental-data-information-network
04dc2dba1661e5f793936c7f0991ecb5,https://ckan.publishing.service.gov.uk/dataset/5f4fe664-f68f-48cc-96db-484df28ee54f,marine-environmental-data-information-network
050b787b-6787-413a-b0c2-9ca3e3d3d07f,https://ckan.publishing.service.gov.uk/dataset/07d43f80-3247-4b74-9e2f-5c464c856a4a,marine-environmental-data-information-network
052af652214b57e1b2137c8478bcacf4,https://ckan.publishing.service.gov.uk/dataset/e429f45d-c8db-4712-9510-3e9905b3f034,marine-environmental-data-information-network
054410e8-3f5a-4d63-807a-4fba6325b302,https://ckan.publishing.service.gov.uk/dataset/e46afefe-732a-4eea-81ca-80ec5036f808,marine-environmental-data-information-network
058aeb709c914213e0733432f101e3e4,https://ckan.publishing.service.gov.uk/dataset/0162bfb0-4529-4255-aae9-832ac1de6c86,marine-environmental-data-information-network
0595d4e1-86d9-4cc8-a318-8d11a708fe6a,https://ckan.publishing.service.gov.uk/dataset/95453fa5-5b04-41d1-8df9-0724f87bfba0,marine-environmental-data-information-network
05a0feebc935744db63ec62e78f98754,https://ckan.publishing.service.gov.uk/dataset/f0b2b517-55ca-4b98-ab4c-90b9a2f4d882,marine-environmental-data-information-network
05e2b022-fb01-4991-935b-374d917ffa30,https://ckan.publishing.service.gov.uk/dataset/8c6fd288-65ff-4118-bbe0-afd16abd9086,marine-environmental-data-information-network
0630f69b75693fc989aaf49d82bdca57,https://ckan.publishing.service.gov.uk/dataset/c720a983-c873-4dd3-a2f0-e16f00d4cf53,marine-environmental-data-information-network
063b385b-d843-4933-84e2-3e51a4d70d49,https://ckan.publishing.service.gov.uk/dataset/66b3de77-09c7-4d4b-a9d3-e3f0b1d4a561,marine-environmental-data-information-network
06a6121a19cd83e306067ea8eee250b4,https://ckan.publishing.service.gov.uk/dataset/a8dfd880-ce25-432e-b388-f6ac46af6c74,marine-environmental-data-information-network
06af06528499b618de67bdd7c530e77b,https://ckan.publishing.service.gov.uk/dataset/9d7d36fd-18ec-4a5d-a1ed-9d15fd4c9034,marine-environmental-data-information-network
06eec9c888c59d8317ad36e6626d4f9e,https://ckan.publishing.service.gov.uk/dataset/4a929dfe-bef1-4322-8775-1e7158d06816,marine-environmental-data-information-network
073e8d83ec3cd95c97b0976451214928,https://ckan.publishing.service.gov.uk/dataset/56e73593-e608-49b6-8206-815c95b15507,marine-environmental-data-information-network
0767ea94-ab5c-4bfc-8299-a77d9cc97d09,https://ckan.publishing.service.gov.uk/dataset/a1f950bd-78d2-450b-9a4d-c91c676e08df,marine-environmental-data-information-network
077e5db7646908f321b38a1ef8b966b1,https://ckan.publishing.service.gov.uk/dataset/8e3d7ce3-a89c-4b63-a596-30a5b03086ce,marine-environmental-data-information-network
07b37521-12e6-4056-9011-81ac302f785d,https://ckan.publishing.service.gov.uk/dataset/9c798cd8-08be-4b3b-be3b-84d38e9009fe,marine-environmental-data-information-network
07c06a72-72c7-465f-909c-4d4e6520fd75,https://ckan.publishing.service.gov.uk/dataset/8c8a9bba-a54e-44f8-a621-475e93c35af6,marine-environmental-data-information-network
07cc25b5-32fa-4533-b9bb-565bc1894db1,https://ckan.publishing.service.gov.uk/dataset/39d1bb5e-d2df-43ac-a23f-5ea2d1388ffa,marine-environmental-data-information-network
07d8f05dd94708b803a621e2644f3f68,https://ckan.publishing.service.gov.uk/dataset/d6ab919d-7ed1-409f-8297-b3562b811ecf,marine-environmental-data-information-network
0801c7e234335cecc4b653d20a337334,https://ckan.publishing.service.gov.uk/dataset/4fd155ca-0a32-4518-8d5e-db1ebd1112a9,marine-environmental-data-information-network
082f6b8ec5ee46ebe9c8408adaf4eea3,https://ckan.publishing.service.gov.uk/dataset/23cde2fb-9b54-4b38-8ee2-7a44b5ba9c10,marine-environmental-data-information-network
0844b36f-6e1d-462f-8e4e-9a7cec776c27,https://ckan.publishing.service.gov.uk/dataset/891fd31f-f3aa-471c-9ff3-edd70133b730,marine-environmental-data-information-network
0875f0894407d9a472a93bcd300f8ffd,https://ckan.publishing.service.gov.uk/dataset/3c887ca7-714f-431c-88a6-69ead44dff3b,marine-environmental-data-information-network
08a3d2bd9c43f56c320b548e90abe1fa,https://ckan.publishing.service.gov.uk/dataset/e7bb3deb-da63-4d92-8cb8-7ac988592006,marine-environmental-data-information-network
08a9aab5-6bb7-46d4-b8ea-967cd3b44177,https://ckan.publishing.service.gov.uk/dataset/e45bd133-a974-401c-b70d-fcdee5254fdc,marine-environmental-data-information-network
08afa8d42f28a3687612855eb5a07a25,https://ckan.publishing.service.gov.uk/dataset/5bdc9882-386d-4a75-91b7-9c105bf42f30,marine-environmental-data-information-network
08dafb4f6bc1370723211d6a4954ee58,https://ckan.publishing.service.gov.uk/dataset/ca3b7cf5-8eda-4266-bedc-6d800fe14c6e,marine-environmental-data-information-network
08ea2bd21bc349ea93eb393eeb118adb,https://ckan.publishing.service.gov.uk/dataset/095c5a09-d93f-4fdb-84a2-683d94b97868,marine-environmental-data-information-network
08f2bea9-d4fa-4740-9171-6880c75c2f2f,https://ckan.publishing.service.gov.uk/dataset/a8f5a0e0-0323-445a-9586-35fab95cb914,marine-environmental-data-information-network
09377def-70e4-41de-8664-0db46c52b2c1,https://ckan.publishing.service.gov.uk/dataset/705aeb65-9648-4a05-a295-ce71348eb4aa,marine-environmental-data-information-network
09394ee6-6da5-4b8c-b6e3-f8b45574487c,https://ckan.publishing.service.gov.uk/dataset/e42e6345-1333-4460-908a-44d71325de37,marine-environmental-data-information-network
09623cbbc6a584d5ae4d1b17cdcedeb8,https://ckan.publishing.service.gov.uk/dataset/18290371-31e1-4131-9406-db74c1cfdd8a,marine-environmental-data-information-network
096903f92e453b27aeb0f1555a46fed8,https://ckan.publishing.service.gov.uk/dataset/8cc208b6-dbc6-44f8-b141-d338d952cafc,marine-environmental-data-information-network
09bfae505a32422dfe18f55994232fab,https://ckan.publishing.service.gov.uk/dataset/496f5636-584a-4662-8526-718c0dc92ed4,marine-environmental-data-information-network
09d20245-0699-47cb-8b6f-86f1521cb3f0,https://ckan.publishing.service.gov.uk/dataset/3ecc5d9e-d84b-4f6a-a208-593a0f19b2f9,marine-environmental-data-information-network
09d4aedb885039df91b2223a5233aed1,https://ckan.publishing.service.gov.uk/dataset/fbeecfa5-97b3-4293-af97-b1f5cbd8d7ce,marine-environmental-data-information-network
09f09d384260da1e337bbd816638ab69,https://ckan.publishing.service.gov.uk/dataset/77b14e54-1dee-4829-a595-7dc174fe636a,marine-environmental-data-information-network
0a173faa174f3cd56c78cfdf78d449d3,https://ckan.publishing.service.gov.uk/dataset/5aa952f2-659f-45b6-b360-1e29f29a468d,marine-environmental-data-information-network
0a202e918c7818eae69b0623de9cc511,https://ckan.publishing.service.gov.uk/dataset/71d7c3c0-741e-4210-a3ec-14ad683578fe,marine-environmental-data-information-network
0a469ff5-58ff-4cb0-822a-506bf0615439,https://ckan.publishing.service.gov.uk/dataset/a6b6d02a-737e-4aee-a9c8-b0bace8fe683,marine-environmental-data-information-network
0a75997d-75bc-4e05-8309-05fdd40ed5df,https://ckan.publishing.service.gov.uk/dataset/25df68e3-63b4-46c4-a5a3-e670814cd08f,marine-environmental-data-information-network
0aca516d-49cb-42ba-940f-7d0f758ecd3f,https://ckan.publishing.service.gov.uk/dataset/28ac3f3e-efac-4728-9dea-38574f43bbdf,marine-environmental-data-information-network
0b21ce535dde0e713451ced74a7c4976,https://ckan.publishing.service.gov.uk/dataset/93c9eac7-86e2-4fad-b591-a0d25bbe4ed9,marine-environmental-data-information-network
0b327a46-27d8-4648-a87b-64749e4d0da8,https://ckan.publishing.service.gov.uk/dataset/0b311760-5450-4f6d-ae19-ed0ed203e3c6,marine-environmental-data-information-network
0b43638b-dda2-4838-b616-808d528269be,https://ckan.publishing.service.gov.uk/dataset/0851c57a-5c99-4b9e-b12d-1f2133fc9fd2,marine-environmental-data-information-network
0b47a30d1f773381a312b448a876ae52,https://ckan.publishing.service.gov.uk/dataset/3e701c07-bc7a-45e7-87bf-9b941b1cdd04,marine-environmental-data-information-network
0b4cb5a0b3dbf5b728f0da861505285c,https://ckan.publishing.service.gov.uk/dataset/641a4d88-a31a-4af2-9a60-6e25337abb32,marine-environmental-data-information-network
0b57feb9-935e-487d-aac0-326ee09e723c,https://ckan.publishing.service.gov.uk/dataset/96cc4b10-9d3c-46f6-8b15-35b9ea9bd7be,marine-environmental-data-information-network
0b5dd667-2a31-40ae-be61-3bff009cd4ae,https://ckan.publishing.service.gov.uk/dataset/2a08d1bb-2493-4fbf-bd95-10952772d53d,marine-environmental-data-information-network
0b67e2a0-be1d-4f8b-902b-84d3473f74b1,https://ckan.publishing.service.gov.uk/dataset/15f82227-7601-46c4-b88d-c4f613a732b5,marine-environmental-data-information-network
0bb4cf5b488af30eca11c66b15b0df0c,https://ckan.publishing.service.gov.uk/dataset/aa9c225e-3d2d-432d-8efd-0fd5f581a574,marine-environmental-data-information-network
0bc02dd5bd344f54055e40fa03870068,https://ckan.publishing.service.gov.uk/dataset/b252b9af-b5aa-4d3e-8c09-0a72eef8ced1,marine-environmental-data-information-network
0bed6bd8-c377-44ec-a76c-4e419e042b07,https://ckan.publishing.service.gov.uk/dataset/d1c1c187-5072-4765-b0e6-f7933fd90b1d,marine-environmental-data-information-network
0bf1b9b07dc64539b413346c8eb06b41,https://ckan.publishing.service.gov.uk/dataset/b04ae2dd-0056-48fa-a419-a5c087756e6e,marine-environmental-data-information-network
0c44635909595bb5495deac9682c9769,https://ckan.publishing.service.gov.uk/dataset/20206f98-979f-4347-a17b-4d0aca4cd1b0,marine-environmental-data-information-network
0c8e6411-63a7-4a4f-aa3a-1d759baa9a5a,https://ckan.publishing.service.gov.uk/dataset/52a39714-51fb-4861-abb2-a201ae63f273,marine-environmental-data-information-network
0c96ed98-6949-4deb-924e-0f5d6b5663a5,https://ckan.publishing.service.gov.uk/dataset/1ef5a970-e98f-4703-914d-6da87bed8f1a,marine-environmental-data-information-network
0cba8182-6300-4e94-b68c-fa440c891a74,https://ckan.publishing.service.gov.uk/dataset/c6c1619f-dbf7-4c93-a646-93193cd34f08,marine-environmental-data-information-network
0cc73fed-9e00-4dc5-82e7-177b60c3518f,https://ckan.publishing.service.gov.uk/dataset/1a50ce3d-680b-472a-ac53-ea060e50dd80,marine-environmental-data-information-network
0cd97ef56ca933ce4e1c48b4f5d374fc,https://ckan.publishing.service.gov.uk/dataset/ab4a32c3-0cc0-4c0f-9050-ae792639c8f3,marine-environmental-data-information-network
0cdbb17f738528636dc621338e91796f,https://ckan.publishing.service.gov.uk/dataset/7d61da76-fc32-42af-a064-227ae1138fb2,marine-environmental-data-information-network
0d12e762-1b4e-4e6e-a916-1f05e4c963cc,https://ckan.publishing.service.gov.uk/dataset/e557ac64-13b6-48f5-ba51-bc97fdbdb766,marine-environmental-data-information-network
0d29626b95b6b25f1b969e489da5f4a8,https://ckan.publishing.service.gov.uk/dataset/6d2a8ad0-75ba-4f0f-abe0-4283b5fb255b,marine-environmental-data-information-network
0d56709d-7fdc-46f5-85ee-49db16121e79,https://ckan.publishing.service.gov.uk/dataset/1ac0dbe3-b6dd-4a47-96ca-ac3b283bc58a,marine-environmental-data-information-network
0def78c6bf3e6c59b5f28167be84f08c,https://ckan.publishing.service.gov.uk/dataset/49781d0b-d7ff-40c9-add9-c047489d828e,marine-environmental-data-information-network
0e0d4f1ce6df88b222d5abf520e90c50,https://ckan.publishing.service.gov.uk/dataset/b12b1c77-bdc8-4cb3-9bbb-ee9e84af163e,marine-environmental-data-information-network
0e7940d34c3df800b6d2703908d72fff,https://ckan.publishing.service.gov.uk/dataset/6350e63e-86cb-4ee6-81d6-f8c51909879d,marine-environmental-data-information-network
0e8172fb-b4e8-4705-9a16-b57ce094fc3d,https://ckan.publishing.service.gov.uk/dataset/1707defe-488b-4351-832e-8df8a305fea1,marine-environmental-data-information-network
0ef671f6458b4dfae0eb9fd6d795b057,https://ckan.publishing.service.gov.uk/dataset/50d50b14-7b1d-48d8-bed7-49cd6be5e1c4,marine-environmental-data-information-network
0efd99b49e95bea66d299453889d74f8,https://ckan.publishing.service.gov.uk/dataset/1f6378fc-a94a-478f-b168-045aabfe8aea,marine-environmental-data-information-network
0f246b77-9448-41af-ad4d-7d521f15fdf7,https://ckan.publishing.service.gov.uk/dataset/f399d2ea-7bfe-436a-99be-8d8c4906b083,marine-environmental-data-information-network
0f303870034c231f2194b960fc900ddf,https://ckan.publishing.service.gov.uk/dataset/c82f4b8e-929d-4c65-9fe8-2e7362bda3dc,marine-environmental-data-information-network
0f5fe32c-712c-4b20-80df-382b6365f269,https://ckan.publishing.service.gov.uk/dataset/fd8c8040-d9dd-4def-b813-efd39d4f811f,marine-environmental-data-information-network
0f756c5b-06fc-491f-ae9b-f05e4e9d523e,https://ckan.publishing.service.gov.uk/dataset/3ff996bb-2d85-4879-9ccf-a0e2a7f16d32,marine-environmental-data-information-network
0f81d851-26f2-4725-9a5f-95297e36b3c5,https://ckan.publishing.service.gov.uk/dataset/adfb41f1-8c0d-4553-8c44-a129fc35c656,marine-environmental-data-information-network
0f920549-39c8-4b73-a84d-5d9e91c489d8,https://ckan.publishing.service.gov.uk/dataset/b8d06955-5c15-4e44-bf58-23691e384c1a,marine-environmental-data-information-network
0fc9a16c-0e5a-4c96-bcba-dae5e7ccaa27,https://ckan.publishing.service.gov.uk/dataset/51ea8815-6059-4108-96fb-0c4e888188f0,marine-environmental-data-information-network
0fc9bbcf-0b1d-4d00-bec8-8afd78b2e6ac,https://ckan.publishing.service.gov.uk/dataset/01e516e5-b29d-4eea-812b-98f958fba9af,marine-environmental-data-information-network
10390c35-dbcd-4091-ba9a-adb061396ae0,https://ckan.publishing.service.gov.uk/dataset/0f6fc8b0-4720-43ac-b678-0708ae766ac2,marine-environmental-data-information-network
103ef1d0-2732-4a19-b0af-f43155bbdaf4,https://ckan.publishing.service.gov.uk/dataset/91dc8a79-5c31-4ca8-af42-398b06374145,marine-environmental-data-information-network
106fdc7ae22358d7af4ac2fef5f419ac,https://ckan.publishing.service.gov.uk/dataset/6835f771-5e1a-416a-8070-2568a49611d9,marine-environmental-data-information-network
107ae5ce-43b3-4263-b5ed-1960f27081cf,https://ckan.publishing.service.gov.uk/dataset/d8557237-67dc-427d-a63e-ee2e61aeae9f,marine-environmental-data-information-network
108e5336-7c48-4d5c-85af-f376e2a1276d,https://ckan.publishing.service.gov.uk/dataset/e2038085-58a7-4045-84fe-c41f2b80fd7a,marine-environmental-data-information-network
10a35ca256f7d7d6c989fb7b844f90a1,https://ckan.publishing.service.gov.uk/dataset/2c490703-f5ac-44c9-aa96-8e58c90384e8,marine-environmental-data-information-network
10c817a2889e726a256af660e21d5d5f,https://ckan.publishing.service.gov.uk/dataset/af4b7588-bb0e-45ab-b517-05504c778b86,marine-environmental-data-information-network
10d9ed3c367f5dd1c413b6e1779c24ca,https://ckan.publishing.service.gov.uk/dataset/4ec6921d-bfec-4c5f-a56f-105072e57570,marine-environmental-data-information-network
10ecbf1b-461d-4a2d-a707-4f6996930318,https://ckan.publishing.service.gov.uk/dataset/c8bd2f21-499d-4cd4-9dde-703e8270b288,marine-environmental-data-information-network
111062f9-12c1-4717-b598-2cc8087ea43f,https://ckan.publishing.service.gov.uk/dataset/d2a93167-feeb-444c-aa7d-119e68af0f5b,marine-environmental-data-information-network
114ac53a-64d7-47f4-bbe4-f9e70bed144a,https://ckan.publishing.service.gov.uk/dataset/6679bb88-0b44-42ab-8e87-0de26f857d3a,marine-environmental-data-information-network
11a1eca4e0839677b58b1b5f34f95590,https://ckan.publishing.service.gov.uk/dataset/b5ca5ce3-77bf-4e8d-9473-222272dca126,marine-environmental-data-information-network
11dee53857c30928679d0e315f3cfe07,https://ckan.publishing.service.gov.uk/dataset/b1c5150a-29c1-445f-ac92-669526779ee2,marine-environmental-data-information-network
11e9a26cae7055c4d4b8f7cb6125a54e,https://ckan.publishing.service.gov.uk/dataset/d46e3bcb-d02d-49f5-812e-5441c2832d75,marine-environmental-data-information-network
12097ebeeda41fe882f91d29d0a18a6a,https://ckan.publishing.service.gov.uk/dataset/6599e909-71c8-4573-8fd1-b5811e4ea0bb,marine-environmental-data-information-network
125aad1e3655bbc8ddbfbf15ea15c70d,https://ckan.publishing.service.gov.uk/dataset/63b8e2d4-a8f3-4cee-a04c-fa45feaaf7fb,marine-environmental-data-information-network
12ec30a2-d42d-46c1-99ed-cbe821bacb75,https://ckan.publishing.service.gov.uk/dataset/f3171838-fff6-4566-bcca-3fc87ae761a0,marine-environmental-data-information-network
12f3fecacbe74084d911c02be15efc3e,https://ckan.publishing.service.gov.uk/dataset/2312734c-396b-4733-aa66-5092b52967a4,marine-environmental-data-information-network
1316c575-8a20-4725-a2f5-ba15b56939f4,https://ckan.publishing.service.gov.uk/dataset/b1c75124-5823-472b-a173-29d6cc519553,marine-environmental-data-information-network
131737757e16694a6b2b0c0a10052e23,https://ckan.publishing.service.gov.uk/dataset/97b1f271-85f5-4d4a-9d5d-5f8222b713b5,marine-environmental-data-information-network
132e3c1491a4e288e800c76850cc92f6,https://ckan.publishing.service.gov.uk/dataset/d2951534-0c14-4026-83d1-7668c689140d,marine-environmental-data-information-network
13b82236-e6b2-427c-9373-35f710d1df0d,https://ckan.publishing.service.gov.uk/dataset/c60c5c48-812d-4080-9066-2821a3348a5c,marine-environmental-data-information-network
13eb7922098012a861f81f75733edcc4,https://ckan.publishing.service.gov.uk/dataset/9b4a4cb7-542b-4801-bbeb-9fe16f24bdc3,marine-environmental-data-information-network
13fbbc20a1006aa33f178415d556459a,https://ckan.publishing.service.gov.uk/dataset/2a7abb07-243a-48a2-a8e9-383045bd9b87,marine-environmental-data-information-network
140ed6bc885b522d1eed34fe329899d5,https://ckan.publishing.service.gov.uk/dataset/b86c8d8e-f521-49e5-aa9d-488e8434dae0,marine-environmental-data-information-network
141318bf-85ed-47df-8433-bd573d9ae0ec,https://ckan.publishing.service.gov.uk/dataset/cf9101a3-86f4-4631-8aca-9e86990c42ea,marine-environmental-data-information-network
142a937c1ff3c223d7ac206a7a415f4e,https://ckan.publishing.service.gov.uk/dataset/22406a89-9679-4c6d-8abc-5e7616d824b9,marine-environmental-data-information-network
14ae6278-35bd-46fe-9165-828741aac44e,https://ckan.publishing.service.gov.uk/dataset/e55da1cf-9a86-42bb-9154-43fdf7f89032,marine-environmental-data-information-network
14d131f013e24b5322b3facdc95c88d0,https://ckan.publishing.service.gov.uk/dataset/77f38460-168d-4b35-836c-4f643916e063,marine-environmental-data-information-network
1511261b-fc1f-49d4-8ac5-b4d0f7dc6b96,https://ckan.publishing.service.gov.uk/dataset/11e7de7a-34cc-4237-b0f0-3c23fa50ddd1,marine-environmental-data-information-network
151ba28291c83a8c989df1a0a934bf8a,https://ckan.publishing.service.gov.uk/dataset/9d04a142-a456-4776-9010-5dd3af0e2c7d,marine-environmental-data-information-network
1564c8bc-de18-4631-8abe-3ac628149d22,https://ckan.publishing.service.gov.uk/dataset/931dd485-b321-4e12-ac4b-d95085620967,marine-environmental-data-information-network
157f69eb7a282214b6d6264d639bdf7d,https://ckan.publishing.service.gov.uk/dataset/48db5f72-d354-48ff-a1a2-95ded867ab76,marine-environmental-data-information-network
1586bd9e2b1c55cbb379f033e4f88aaa,https://ckan.publishing.service.gov.uk/dataset/7ce5067c-2067-4e87-99a2-08a2ff43f927,marine-environmental-data-information-network
15a90219-b111-4ef9-a8a0-43d790a43fdb,https://ckan.publishing.service.gov.uk/dataset/241aa3bd-011c-433d-a5fe-87ea1db9e7b5,marine-environmental-data-information-network
15b8af58a874b186338f6d392adb9d0c,https://ckan.publishing.service.gov.uk/dataset/145601af-74dc-4d1c-b6ce-08036d2e9a81,marine-environmental-data-information-network
15bf822ea676d99c0770640be2dadeb5,https://ckan.publishing.service.gov.uk/dataset/d7d7a278-38e3-4496-a8a0-c750ef02808e,marine-environmental-data-information-network
15f8e8e5-5bf1-4830-a4cb-9d8112ff2ca4,https://ckan.publishing.service.gov.uk/dataset/5726cab7-0454-4b9a-8adf-b7c9d4df6a1f,marine-environmental-data-information-network
1603e5a6-aec5-4517-9d83-d462662f4377,https://ckan.publishing.service.gov.uk/dataset/b9d400ae-7b4d-4d68-acdc-f1e73f82a70c,marine-environmental-data-information-network
1608fdb8f723c12b3ffdf70c5282a523,https://ckan.publishing.service.gov.uk/dataset/a937f87e-e2db-4a7d-93df-2adabf8a0b41,marine-environmental-data-information-network
160c57360be9f29be7b5961a7eedac22,https://ckan.publishing.service.gov.uk/dataset/b9317cfa-1957-4bb8-add6-5299ceba5998,marine-environmental-data-information-network
164fcae5e8b6f641728407091e0247ff,https://ckan.publishing.service.gov.uk/dataset/a1fafb01-3290-407b-b784-d38a26eb32e8,marine-environmental-data-information-network
166cc843609e4c997eece2ca8c259e26,https://ckan.publishing.service.gov.uk/dataset/0d18cb2a-5a63-4d2a-9417-4768862ef87b,marine-environmental-data-information-network
16d165251718d5caf788514cd59f7194,https://ckan.publishing.service.gov.uk/dataset/c0736c89-4617-4545-a496-6f6ddfdbc70e,marine-environmental-data-information-network
16efb2c2-eb4e-495b-a248-02b87e047d9e,https://ckan.publishing.service.gov.uk/dataset/63e21458-03e6-4479-9d19-b7a4ca7e15c8,marine-environmental-data-information-network
16f4de1f-c8e4-40ca-a82c-3c647d378c7f,https://ckan.publishing.service.gov.uk/dataset/4e59bd4d-dd57-4901-be71-624ef9dc2faa,marine-environmental-data-information-network
170015d9da345885a0e6a9ad9cb1dbad,https://ckan.publishing.service.gov.uk/dataset/401e24b4-ac9a-478d-99f4-2b0aac3d3203,marine-environmental-data-information-network
170e4be5-ec6e-4636-84f7-07dc39fbadeb,https://ckan.publishing.service.gov.uk/dataset/2e25e859-4134-4f1b-8090-3d8e7a39a4f5,marine-environmental-data-information-network
172c95a4-b608-4a56-b441-33ed60a1efff,https://ckan.publishing.service.gov.uk/dataset/ad5591ae-06c7-4205-bbb9-7d56d9dd0b2a,marine-environmental-data-information-network
1752270b-dcc5-4cc4-871c-aacd059c797a,https://ckan.publishing.service.gov.uk/dataset/42cb5c30-7867-4058-8a00-35fdfcfceded,marine-environmental-data-information-network
179367b6-a033-4e25-bb6a-87b999f56f83,https://ckan.publishing.service.gov.uk/dataset/3d17f60c-9381-4622-85c8-03021e2661a3,marine-environmental-data-information-network
1809b2a1f40be1ca3f627ca6d098a5d7,https://ckan.publishing.service.gov.uk/dataset/3ee9ee4a-554b-46b4-a02d-96620a40f5c7,marine-environmental-data-information-network
1836feca600db2f95540788a27a9cf9a,https://ckan.publishing.service.gov.uk/dataset/7ed7a6bd-7d34-428a-a713-5d73272b6fbe,marine-environmental-data-information-network
1859a73e62740d9c152d67d7119f9067,https://ckan.publishing.service.gov.uk/dataset/8e670082-f83c-474e-a703-7ad8bc0ca3a8,marine-environmental-data-information-network
18b78f19e06bd6821a939c8474a42bb2,https://ckan.publishing.service.gov.uk/dataset/e6bd1954-ab92-4e30-b00e-5c26c3f4c0f8,marine-environmental-data-information-network
18dd3893-b2a3-40e0-965d-2cc9ab94f96c,https://ckan.publishing.service.gov.uk/dataset/56721e90-bae6-471d-b875-5f0cf17ddb05,marine-environmental-data-information-network
1919b3e9e30b3208557f95f0350e1cb0,https://ckan.publishing.service.gov.uk/dataset/ce018512-2ecc-439f-ac0b-a7e1db198352,marine-environmental-data-information-network
191a36bafb21f8d36d3caf8d83dd12b2,https://ckan.publishing.service.gov.uk/dataset/71b0d6c0-c62a-44d5-aeab-65b79ae515af,marine-environmental-data-information-network
191c8fb8-17f9-4ed3-a66c-f4c0261c023a,https://ckan.publishing.service.gov.uk/dataset/a027f8f2-de08-4e40-85af-e4d6f2be0d25,marine-environmental-data-information-network
192049fc5bc559d73b5872db28196818,https://ckan.publishing.service.gov.uk/dataset/aa441681-a9df-4b45-9c64-faf0286954aa,marine-environmental-data-information-network
194db4ae8fbc4f33d8cb27e3b1d60e33,https://ckan.publishing.service.gov.uk/dataset/314b028c-dd69-4f0f-a786-f6a060ba10d7,marine-environmental-data-information-network
1950e39a-f344-45bc-bf54-475454fc9c83,https://ckan.publishing.service.gov.uk/dataset/47a38af8-3339-453d-8f56-d7ba9ddf75cc,marine-environmental-data-information-network
19528246-4ace-444e-868d-c96d3f7c6e25,https://ckan.publishing.service.gov.uk/dataset/b79f969b-9a81-4ab6-aebb-49faf6362c0a,marine-environmental-data-information-network
195d4557-c152-4aa0-b226-46c124585cda,https://ckan.publishing.service.gov.uk/dataset/a7e02c15-ef67-4ed2-89d7-715554fdb3c9,marine-environmental-data-information-network
19cf7e1a-f379-4e0d-bd23-5c01cf845e55,https://ckan.publishing.service.gov.uk/dataset/fe11a800-b182-45f2-af1f-2709678ff9cd,marine-environmental-data-information-network
19e8eaeb-38c0-4434-b0f6-2691907fe4a4,https://ckan.publishing.service.gov.uk/dataset/f570a07e-4719-4bd3-82be-3e6a8ae2aaab,marine-environmental-data-information-network
1a08ec80-40de-4b56-8a6e-cb064ea287ee,https://ckan.publishing.service.gov.uk/dataset/6a257f74-5671-45ea-86e3-15e26910089c,marine-environmental-data-information-network
1a160ac2dcec60bafa5e661249bfd468,https://ckan.publishing.service.gov.uk/dataset/5f4783f8-516c-4af6-96f2-e4d96673b542,marine-environmental-data-information-network
1a2980cbc6a8aeee7eec433d528e82b3,https://ckan.publishing.service.gov.uk/dataset/dd5b084d-f393-4473-a59e-e5fe7c9111ca,marine-environmental-data-information-network
1a307a0e-4185-4ab3-a08c-c37e0d39a9af,https://ckan.publishing.service.gov.uk/dataset/3cfeface-cec4-440a-922c-a2e4e008f7af,marine-environmental-data-information-network
1a3874a82383f8afeb9dc64d29889bca,https://ckan.publishing.service.gov.uk/dataset/5a41c68c-4188-4bfc-9d57-aed3fde65f34,marine-environmental-data-information-network
1aa10397-8576-4c23-a3d4-63324fb4ed31,https://ckan.publishing.service.gov.uk/dataset/b36e926e-4d7b-4dc5-8f7c-4659d48e5ddb,marine-environmental-data-information-network
1aa297bc0606a9d4d31e3bb958b434b2,https://ckan.publishing.service.gov.uk/dataset/6ecf6167-3183-48db-b597-106868114058,marine-environmental-data-information-network
1ae189760159795b5567b0964e98c54c,https://ckan.publishing.service.gov.uk/dataset/db1c7294-5e58-404a-911d-a52bcbd6c0cd,marine-environmental-data-information-network
1b2294baf92c4ff49b885e8def1f5212,https://ckan.publishing.service.gov.uk/dataset/b399243d-49be-42c8-9ef8-10259f85b656,marine-environmental-data-information-network
1b4c8b78-ff37-40b8-9a69-8fb0cdf6b253,https://ckan.publishing.service.gov.uk/dataset/8a29d622-fe81-4ff8-a10e-fa97323c0f99,marine-environmental-data-information-network
1b58a7e97be4fe12827552ffe4d893f8,https://ckan.publishing.service.gov.uk/dataset/420884f3-9928-4766-88e1-0922cf7c5c66,marine-environmental-data-information-network
1b74afbe65b3b17727b753cd88c2db00,https://ckan.publishing.service.gov.uk/dataset/e854ad23-35d3-4765-8c86-45bf4ffa899f,marine-environmental-data-information-network
1b769e095fce67be2163fb413e1f3c9c,https://ckan.publishing.service.gov.uk/dataset/7bb2e6bf-97e2-42b2-91f7-bcb2611cbede,marine-environmental-data-information-network
1b8c1dc1-7c30-4d40-a00b-2e42ea132f51,https://ckan.publishing.service.gov.uk/dataset/f0c70373-1372-4edb-9a01-044941111496,marine-environmental-data-information-network
1bce408b-692e-4250-b99d-821b1a8908e8,https://ckan.publishing.service.gov.uk/dataset/8959a5ef-9f11-4bf7-aa90-bd53df1f7573,marine-environmental-data-information-network
1bf1e517-b013-4a8b-a40e-f8d339d615a6,https://ckan.publishing.service.gov.uk/dataset/b711f3a3-036e-40b2-904b-0fe601d95256,marine-environmental-data-information-network
1bfd746662c154848769aebedab87522,https://ckan.publishing.service.gov.uk/dataset/43f60f85-014a-42b8-8d59-b962f7af8e77,marine-environmental-data-information-network
1c2cef2af51fd2ddb58a866898cc707e,https://ckan.publishing.service.gov.uk/dataset/a3b23171-78e0-434a-8a80-3a61001ad5be,marine-environmental-data-information-network
1c3638f77937ab9f9d46291d96bc378d,https://ckan.publishing.service.gov.uk/dataset/7d17b0fd-1252-428c-9fa3-2ba1571f5490,marine-environmental-data-information-network
1c512178-f2b0-4eea-a6bc-ca2de02291a6,https://ckan.publishing.service.gov.uk/dataset/5fc011eb-4f55-4660-96d3-7c114e750307,marine-environmental-data-information-network
1ca67d104f226bd80b9fe876a01fc427,https://ckan.publishing.service.gov.uk/dataset/33f5cd1a-65e3-4e7c-8968-aab80a217aa0,marine-environmental-data-information-network
1ce135e40f9178b5099f9f8f3039c236,https://ckan.publishing.service.gov.uk/dataset/194f5b1b-751f-4c2f-bda2-af1320c21cc7,marine-environmental-data-information-network
1cf7f9fd-8f79-43fb-aab6-d3c1e7c7335b,https://ckan.publishing.service.gov.uk/dataset/e46fb82e-89ad-41d1-99d0-e2a901581f74,marine-environmental-data-information-network
1d1b9df772c6de90ee8aef11afa39ba2,https://ckan.publishing.service.gov.uk/dataset/e4443058-3305-4ee1-8a1b-eeaa1b13ddc7,marine-environmental-data-information-network
1d1bb5ec-749b-4f48-bf13-02cba375027f,https://ckan.publishing.service.gov.uk/dataset/6807c68f-c916-4845-af51-c13546a461aa,marine-environmental-data-information-network
1dd07bc1-e0ec-452e-bc27-cce2c7ff0523,https://ckan.publishing.service.gov.uk/dataset/00200c0c-753a-4bc9-a8ed-056cbf78ae66,marine-environmental-data-information-network
1dd30996-73f5-42da-9974-aed8ceb94787,https://ckan.publishing.service.gov.uk/dataset/c4591c0a-c5e3-4528-a0c8-f350b0916afa,marine-environmental-data-information-network
1de38761-531e-4c6c-8743-55a07187fbcf,https://ckan.publishing.service.gov.uk/dataset/a3075680-5bd4-43d9-8fe1-35d561bcb1dc,marine-environmental-data-information-network
1deac895-19aa-49ed-8f56-d529ebc7419d,https://ckan.publishing.service.gov.uk/dataset/0b330983-c5f7-4afd-8ca8-f4cbde2b18bb,marine-environmental-data-information-network
1dfdd65d-9089-4663-92cb-dbdd1309fb72,https://ckan.publishing.service.gov.uk/dataset/cd76cfd3-c717-4c8b-8cae-2df4ba2be418,marine-environmental-data-information-network
1e43b27e-52bb-4a87-8519-2ae0535e2392,https://ckan.publishing.service.gov.uk/dataset/e13d6063-2cf2-4ebc-b98b-9a96bdecd931,marine-environmental-data-information-network
1e63be3f-f2de-448e-9f75-d66b324d996a,https://ckan.publishing.service.gov.uk/dataset/4042cfba-3eee-4a99-8dea-3acafd154d2c,marine-environmental-data-information-network
1e92b57a-7c94-46a0-b296-68683ff52087,https://ckan.publishing.service.gov.uk/dataset/c7abbd15-c776-420f-81ff-06b0142220b7,marine-environmental-data-information-network
1ea3d86d4c203eb2bb3a4b914c711e90,https://ckan.publishing.service.gov.uk/dataset/559c3077-cd45-4294-9cbe-a2b28ae0b56f,marine-environmental-data-information-network
1efcf684-6a84-4d32-aa14-fe15f09a7e82,https://ckan.publishing.service.gov.uk/dataset/e3475dbb-07c4-4f9a-8b18-5e5708fa27fd,marine-environmental-data-information-network
1f25d12f-691b-40e0-86d2-16c90ebb1172,https://ckan.publishing.service.gov.uk/dataset/3bdfc6f9-1ce0-4600-a3f6-44f71c7f9761,marine-environmental-data-information-network
1f4e0812e8484979c82649bfff912e60,https://ckan.publishing.service.gov.uk/dataset/2746c6e2-4909-450a-85ed-8c66a2b68227,marine-environmental-data-information-network
1fa007f1-3a90-4d9b-94c5-2e78f87b73c4,https://ckan.publishing.service.gov.uk/dataset/813cdb72-33ab-4fc6-be3c-56b1522641be,marine-environmental-data-information-network
1fd5ef31-c3fa-4bec-9ff9-85c08b4e9fc0,https://ckan.publishing.service.gov.uk/dataset/b1a86cc1-d4d2-4fca-abff-46877a906d7a,marine-environmental-data-information-network
2008997a-bac0-43c9-b55f-e59bd3261f92,https://ckan.publishing.service.gov.uk/dataset/eb1ab597-7462-4375-b425-f58164d47889,marine-environmental-data-information-network
20187c0e-6f66-4040-8946-7f23a3ee02a6,https://ckan.publishing.service.gov.uk/dataset/d99a8cd9-67af-42e7-b685-8a24fb2439a5,marine-environmental-data-information-network
2042e32e981bc9c6e610e992a653fa82,https://ckan.publishing.service.gov.uk/dataset/067aa42f-9558-4c81-a79e-59d5ce727a8c,marine-environmental-data-information-network
20463e454c86840b74a7a7cf4b07e266,https://ckan.publishing.service.gov.uk/dataset/ad6ee65c-6a11-4304-99ad-8509e5db837c,marine-environmental-data-information-network
2048fb7cb63b34a89054f7078126cbd5,https://ckan.publishing.service.gov.uk/dataset/a6ba1e01-aecc-4e17-8713-8b107df8deb2,marine-environmental-data-information-network
2051bdf4-6d60-46fc-b8ab-01cf6cd5c44f,https://ckan.publishing.service.gov.uk/dataset/c12dbb0a-dba3-4639-bd51-819c75a93d24,marine-environmental-data-information-network
2062fcc22d3a2dd42af57744f15c9c6c,https://ckan.publishing.service.gov.uk/dataset/6336b2f6-3e6d-448f-bbdb-aaf1465ff274,marine-environmental-data-information-network
2066d793-b42a-4a3f-85ec-036f1b691cf1,https://ckan.publishing.service.gov.uk/dataset/2b02f2c4-0274-4c51-af46-c1afe2fc65dc,marine-environmental-data-information-network
20811e4b-5ae9-4692-9bf5-94e37761aa1f,https://ckan.publishing.service.gov.uk/dataset/bb4afff3-d7e5-4c8a-b363-14c38313f3bc,marine-environmental-data-information-network
2095c63da8f512065c5d683a07b428c3,https://ckan.publishing.service.gov.uk/dataset/1715013b-e47a-4c83-9e17-7c6429283a85,marine-environmental-data-information-network
209a01947801e0fd6827989231181993,https://ckan.publishing.service.gov.uk/dataset/428007e7-5175-4532-a0b1-1bd185a8a2f8,marine-environmental-data-information-network
209a3fa5-7d40-48d3-a352-d151148b26da,https://ckan.publishing.service.gov.uk/dataset/19084e4c-1da8-4515-b3e7-3e703a3a5d55,marine-environmental-data-information-network
20b5390d-a575-47e7-979f-d829e70da553,https://ckan.publishing.service.gov.uk/dataset/b1c9f9d2-8967-42ef-b861-dd7db156f28d,marine-environmental-data-information-network
21affc43259ae7c0f5925583c4cbd508,https://ckan.publishing.service.gov.uk/dataset/068b10ce-27c4-4277-9445-10c3d1ec7f47,marine-environmental-data-information-network
21f3c7329a6b764f6182deb7afae4bb0,https://ckan.publishing.service.gov.uk/dataset/c71fcc8a-643d-4fdd-8070-eee9aba2f962,marine-environmental-data-information-network
22118cb3-cad4-425e-b8aa-eac4424e49b1,https://ckan.publishing.service.gov.uk/dataset/05f8abd5-8bc5-4cf3-81ff-7018c040ea6e,marine-environmental-data-information-network
223e01202660319926c19c2d9341ba67,https://ckan.publishing.service.gov.uk/dataset/b4365bb3-ec6d-44fb-a395-b583afeaa2bf,marine-environmental-data-information-network
22444a9f83c96d7b855b365f680e505a,https://ckan.publishing.service.gov.uk/dataset/eb40d578-3db2-4716-98cb-e79f669d613c,marine-environmental-data-information-network
2244549aea025dc89f759709ec0bd2d5,https://ckan.publishing.service.gov.uk/dataset/6340c72f-7447-4fdf-9fbc-ce4f6b137436,marine-environmental-data-information-network
2252de20-070f-4957-a1aa-de11956d12d5,https://ckan.publishing.service.gov.uk/dataset/15382ee0-fc76-4c67-8cd7-dbe54b487b9c,marine-environmental-data-information-network
229bdd48-429d-4f02-8bf7-7c76e20a145d,https://ckan.publishing.service.gov.uk/dataset/4d23762a-db81-4a2c-98a9-b90d7cf3f0c1,marine-environmental-data-information-network
22c11e09f4056a15c2cb8f6ebba40df5,https://ckan.publishing.service.gov.uk/dataset/33375c65-36aa-4f17-adc8-f4e9bcc9b832,marine-environmental-data-information-network
22d4fdc4563778011d3dde9b0a4d2ea1,https://ckan.publishing.service.gov.uk/dataset/b1a398f9-6fc2-4fa9-b14b-9727f5abeb3e,marine-environmental-data-information-network
22dfc0a4-30d9-499d-805a-04206a8ccbf0,https://ckan.publishing.service.gov.uk/dataset/b2f616ba-64ac-4666-8249-1e78e27597b6,marine-environmental-data-information-network
22ebaa1f-8311-4385-aeb8-fcd3c1776b40,https://ckan.publishing.service.gov.uk/dataset/0fee2ce2-1870-4bb2-8675-64f6df3f7f7b,marine-environmental-data-information-network
230142626e9797b3aee7127e4f276c1c,https://ckan.publishing.service.gov.uk/dataset/655c4bdd-d99c-4e18-816d-b8834144e6e4,marine-environmental-data-information-network
230d3e6f-27a0-4fec-9652-335a4b9cda7b,https://ckan.publishing.service.gov.uk/dataset/e9ba8fbe-6204-4521-88c2-25b5573ad6f7,marine-environmental-data-information-network
2313de00-a4d8-4d90-96e4-ed327d8ebb0c,https://ckan.publishing.service.gov.uk/dataset/b5b4e272-dba2-44da-b2aa-fc64f5d8ab11,marine-environmental-data-information-network
2381495f-26f0-46b7-a113-ef01065ade12,https://ckan.publishing.service.gov.uk/dataset/66874f7e-1eb8-49fb-aa24-80880838971b,marine-environmental-data-information-network
238c93876fc5a94f976d49bf8ebeb660,https://ckan.publishing.service.gov.uk/dataset/6c3c0674-9cf1-4e5b-a63a-6608348978b2,marine-environmental-data-information-network
23aebceea41a51f5a84cef7935990455,https://ckan.publishing.service.gov.uk/dataset/d7ecbc7b-85c7-4044-9f44-bdc66d5ba122,marine-environmental-data-information-network
23b77a0dd06e5e88b74969880c27be30,https://ckan.publishing.service.gov.uk/dataset/b54936b0-1c6e-44bb-bff0-d2b1e2edb995,marine-environmental-data-information-network
23baf18d-f7b5-44d8-beb8-4b61b3fdbaa3,https://ckan.publishing.service.gov.uk/dataset/18374f58-184e-4336-b802-bf489d3824ae,marine-environmental-data-information-network
23c6a897c7f163ec43a8416b5cb3b730,https://ckan.publishing.service.gov.uk/dataset/69e0cc80-9b95-4933-a1a0-2980a5d91abd,marine-environmental-data-information-network
2403a58ef4e30fa9d761588264476f96,https://ckan.publishing.service.gov.uk/dataset/5d0684ff-efd9-4db5-bfe4-47dd3f2fd189,marine-environmental-data-information-network
2443dce1-07db-4f44-acce-de0b77850ee8,https://ckan.publishing.service.gov.uk/dataset/7ca02099-963d-4e22-92fb-651ce30055dc,marine-environmental-data-information-network
2444225a-179f-489d-a13a-321e094e3575,https://ckan.publishing.service.gov.uk/dataset/44944960-b371-4304-8d19-6cc0f9a9e8cb,marine-environmental-data-information-network
244dfb8e75395b41acc0e5460d636499,https://ckan.publishing.service.gov.uk/dataset/327e6dbf-e57f-4b3b-b86e-0be3a9303fc1,marine-environmental-data-information-network
24aa1c0f-5e91-4c5d-8412-da9133236d8d,https://ckan.publishing.service.gov.uk/dataset/f0063547-20d0-4943-afdd-3773b06d2385,marine-environmental-data-information-network
24f595618047ec3b33217917ba0be6c0,https://ckan.publishing.service.gov.uk/dataset/f289d4bb-412f-4719-a87e-77e1b4f69bd6,marine-environmental-data-information-network
2500a40ca87b566ea4b7deaefc9b6c3c,https://ckan.publishing.service.gov.uk/dataset/ff76d5a4-07b1-4585-b0b1-3bbd6c471afa,marine-environmental-data-information-network
2514ca59-04f7-4f32-a8bc-f461279eabd7,https://ckan.publishing.service.gov.uk/dataset/1782e949-130b-4057-921e-09bff633f604,marine-environmental-data-information-network
2518b8e4-be8d-4db3-bede-6f357c7e6073,https://ckan.publishing.service.gov.uk/dataset/a68b0af8-dc0b-4454-b704-49c86913d78c,marine-environmental-data-information-network
251fa87be4fef70ec9a3a60f5d4cd979,https://ckan.publishing.service.gov.uk/dataset/99f8b177-a4c1-401a-bdf3-b442e69d6f53,marine-environmental-data-information-network
2525114275825e58849d2cd38e02d78d,https://ckan.publishing.service.gov.uk/dataset/91d6ddc2-69cc-4ea6-8f7b-ff788dc15521,marine-environmental-data-information-network
259d15ca422e9a6a6669106a683918e6,https://ckan.publishing.service.gov.uk/dataset/4d6c90d6-5e83-4d9b-8a1c-b743d633a259,marine-environmental-data-information-network
25c493fd-3859-42bb-9b03-2c4ff55434d7,https://ckan.publishing.service.gov.uk/dataset/35af596e-2295-415a-9587-c001d1b6b5d0,marine-environmental-data-information-network
262b75bb-29c6-4334-8926-f2291be8cc4c,https://ckan.publishing.service.gov.uk/dataset/aaeec826-6f9d-473c-a974-65d6ce08aed9,marine-environmental-data-information-network
2630ed654a928841dfbffaab2141aed6,https://ckan.publishing.service.gov.uk/dataset/f417c938-e5c1-4df9-a0f9-0990242c79ac,marine-environmental-data-information-network
26716734-54cd-46ec-944b-d2b7d587f496,https://ckan.publishing.service.gov.uk/dataset/e23f1258-255f-4b15-8a93-7d6a6879f2ae,marine-environmental-data-information-network
267c8208ab05e1e69add632b8a62fc45,https://ckan.publishing.service.gov.uk/dataset/d563e78b-f1d5-414d-bef2-3eb80b68653a,marine-environmental-data-information-network
268b1f84-fea5-4d78-b85b-2eb31c53cdd9,https://ckan.publishing.service.gov.uk/dataset/1f1a39d9-9b1a-4b6d-b687-1d89261af21f,marine-environmental-data-information-network
26925b2309eec0d4ddb5588533ed6e0d,https://ckan.publishing.service.gov.uk/dataset/356e937c-ea74-4da1-98b4-a512888abf5c,marine-environmental-data-information-network
26c24ab2-39e5-4765-849a-4c8c24cd3bd4,https://ckan.publishing.service.gov.uk/dataset/d185b644-e9ab-4b78-90c4-cc5b66623107,marine-environmental-data-information-network
26d6fce44e95d4516c0016420f4130f2,https://ckan.publishing.service.gov.uk/dataset/82699fa1-cfd8-45e6-a97c-50f69f15996b,marine-environmental-data-information-network
26dee2f510202899e51ae2e5c876a51c,https://ckan.publishing.service.gov.uk/dataset/c0d7d0d9-2424-4f82-8e00-0afbd0368702,marine-environmental-data-information-network
27090df7-ebc0-4abe-99d8-59f694db2933,https://ckan.publishing.service.gov.uk/dataset/737d8039-8142-459c-9ce3-e4c9738e1227,marine-environmental-data-information-network
2721f2a2-e86a-4fea-86be-ca431346626f,https://ckan.publishing.service.gov.uk/dataset/a042245f-81e4-42bd-b7a9-ff434921847e,marine-environmental-data-information-network
27290972d979e1fb0fe32f0ba5adeedb,https://ckan.publishing.service.gov.uk/dataset/90649ff6-96fc-44a2-9086-5f78b919101b,marine-environmental-data-information-network
275545a3-97ba-4b6c-9953-17bdbbc4135d,https://ckan.publishing.service.gov.uk/dataset/ca518b28-0b5a-4fe5-8100-e0849a267241,marine-environmental-data-information-network
279baab3-fbe3-4d4d-a7e2-753a6c7fd8fd,https://ckan.publishing.service.gov.uk/dataset/8478aef0-6939-4034-9295-80f8eeaae874,marine-environmental-data-information-network
27ce6d34-b2b6-4ece-a70d-ab6f0419d82f,https://ckan.publishing.service.gov.uk/dataset/f150f4d4-a232-47b1-8255-e11a29aae2ff,marine-environmental-data-information-network
27dc3b1a6359704992843b44b59b90de,https://ckan.publishing.service.gov.uk/dataset/a65fa0e8-b6f4-44cb-a155-06d05589ca2c,marine-environmental-data-information-network
27de4ee70ee6fa80911b15caf6af27dc,https://ckan.publishing.service.gov.uk/dataset/e17ffb1c-eeeb-40b0-a5c9-4272062796e9,marine-environmental-data-information-network
2824efd5-05c3-4c29-9d0c-c98b708cef97,https://ckan.publishing.service.gov.uk/dataset/89321517-640b-4b03-8569-22662b6337bb,marine-environmental-data-information-network
2866b2b7-8ac0-4c00-bb5b-d3a2530722c7,https://ckan.publishing.service.gov.uk/dataset/0acd37bc-e998-4569-b319-3c37b1f91697,marine-environmental-data-information-network
28a524ec540d9776dc403e39866e3d98,https://ckan.publishing.service.gov.uk/dataset/64e03d9a-9cdf-4ab2-9e5e-a91d6950a50b,marine-environmental-data-information-network
28c3628bd40a9615f5bfb9a7b1dbd98d,https://ckan.publishing.service.gov.uk/dataset/2cb47f8e-2e58-4c20-9a1a-0482c4768e93,marine-environmental-data-information-network
28fb74eb70d68879534bfbecb294d78d,https://ckan.publishing.service.gov.uk/dataset/65ba97fd-aec6-49d7-80de-c1a1348177ff,marine-environmental-data-information-network
290b6e63b56942cac13370b500c9b034,https://ckan.publishing.service.gov.uk/dataset/3a5cc77d-65c6-4925-b04b-b536519bc71b,marine-environmental-data-information-network
2932a639-1a63-48ac-99b7-0781b332a608,https://ckan.publishing.service.gov.uk/dataset/ef155928-648f-4b36-a41d-496240c23687,marine-environmental-data-information-network
296a7518-be1a-4121-b78f-5e6e397ec40f,https://ckan.publishing.service.gov.uk/dataset/c4becea9-6c6e-400c-b906-e9b72a86a691,marine-environmental-data-information-network
298df7aea909dc318901600cc1cfea12,https://ckan.publishing.service.gov.uk/dataset/da234cd3-969f-43d4-ab01-429cc9758ae2,marine-environmental-data-information-network
29af37700a41bbb801250d143ada2e0f,https://ckan.publishing.service.gov.uk/dataset/8172bfc4-5092-4124-935e-c126a7628871,marine-environmental-data-information-network
29e4ac3e32dbe26ad61293fac7061490,https://ckan.publishing.service.gov.uk/dataset/5e12da2d-4321-42fa-8a34-f8f37b6677be,marine-environmental-data-information-network
29e7d830-9abc-48c3-96ab-e8013aef5993,https://ckan.publishing.service.gov.uk/dataset/d0d1ab65-168f-41be-923c-1c4a42668d00,marine-environmental-data-information-network
2abe396539572c4c9b0ef0d98bf75ab7,https://ckan.publishing.service.gov.uk/dataset/176f51e3-b849-42fd-9d5e-3e8549889968,marine-environmental-data-information-network
2aec44a8-fe9e-4020-afdf-8a18da2a3bed,https://ckan.publishing.service.gov.uk/dataset/6cc98179-7e99-46f8-aebe-925da73cc9e7,marine-environmental-data-information-network
2afe7065-cc92-45af-9ca8-b9b518168b29,https://ckan.publishing.service.gov.uk/dataset/962a31fa-bc6f-48f9-9052-95e87fca0c60,marine-environmental-data-information-network
2b27a4949615eec50ded211c5744a9d4,https://ckan.publishing.service.gov.uk/dataset/f7e07fb2-4065-47d4-ad53-01ae553f8510,marine-environmental-data-information-network
2bc37b65c9aacb8cad7016a870f22c4f,https://ckan.publishing.service.gov.uk/dataset/59b0852b-5944-47c6-a7cb-e6ed9496d1b1,marine-environmental-data-information-network
2bc39b98f46b7adbec78c9f1e81d7cf4,https://ckan.publishing.service.gov.uk/dataset/c104e50f-9c73-42f7-af46-fd3f30e2e8e0,marine-environmental-data-information-network
2bcc65eeb22c0783ac7bcd8f96b1c0cf,https://ckan.publishing.service.gov.uk/dataset/2aab8ffb-150e-4439-974d-02430e843d2f,marine-environmental-data-information-network
2bee7c39e01fac96cab36e8742ad51db,https://ckan.publishing.service.gov.uk/dataset/e8696a91-5ea2-47ce-ba26-237e96937fee,marine-environmental-data-information-network
2bf67b94-c602-4095-96f6-92711c4d3038,https://ckan.publishing.service.gov.uk/dataset/b6da44b7-9bcb-4faf-8bf5-2ebd3eaa5e39,marine-environmental-data-information-network
2bf973e3bde7266d91b5952df96efd85,https://ckan.publishing.service.gov.uk/dataset/7c5e9ab9-f523-4381-a088-49a89543909a,marine-environmental-data-information-network
2bfef6b6-e293-4874-916c-8fa60e954c6d,https://ckan.publishing.service.gov.uk/dataset/6763de79-4881-444d-9e36-85cfb0a6f195,marine-environmental-data-information-network
2c12f6ea-4e9f-4ad4-ace8-da40028c8a59,https://ckan.publishing.service.gov.uk/dataset/1c075072-9fb3-4216-9a81-3ec887a6e15a,marine-environmental-data-information-network
2c4006f500eb6c7b8e184977b1fce5d7,https://ckan.publishing.service.gov.uk/dataset/29ce1872-a444-4bc9-9f5f-d7f072061a63,marine-environmental-data-information-network
2c4a0ca8-0e13-404b-8abd-03149c75ed8b,https://ckan.publishing.service.gov.uk/dataset/8ab73d72-9c05-41e5-acde-75d697a9db45,marine-environmental-data-information-network
2c553e93ae5f60c7f0a09e9a0927ae2e,https://ckan.publishing.service.gov.uk/dataset/7ab7f4ba-8ab6-4cfc-8eb4-46aabefcf006,marine-environmental-data-information-network
2c5dbe0b-0cc6-4c4c-b0f8-5848ff1b3806,https://ckan.publishing.service.gov.uk/dataset/84bdeedb-4ac8-42aa-9e20-d0f7ff8c8a4d,marine-environmental-data-information-network
2c87b4d3a05204d75f6717e4a4dbce06,https://ckan.publishing.service.gov.uk/dataset/363d1b5e-a082-4dfa-9af7-4820a8602b05,marine-environmental-data-information-network
2c9d1411fab94a3572b0ca452a778ca7,https://ckan.publishing.service.gov.uk/dataset/95c6ef02-1fb8-4e07-b184-3f2d40c6bc50,marine-environmental-data-information-network
2ca128e3-d6bc-4f2f-862b-83d1a89b99f8,https://ckan.publishing.service.gov.uk/dataset/93770e32-92d8-44f5-a37b-2a9c1c117a51,marine-environmental-data-information-network
2cdcb769-a046-465f-86ae-8e0408e01984,https://ckan.publishing.service.gov.uk/dataset/1cf6ae25-1fa3-4247-8ed2-64b1fc1be491,marine-environmental-data-information-network
2d58c3521b6ed7f0b73b4b69f96af043,https://ckan.publishing.service.gov.uk/dataset/0622814f-d0fb-4682-a573-1a0ebaa5bc95,marine-environmental-data-information-network
2db5f2457d0f51f086781e4534ebfcc1,https://ckan.publishing.service.gov.uk/dataset/59eba148-6113-4353-861f-d4c79c2eae38,marine-environmental-data-information-network
2dbd5aba-675d-468a-bc00-f370bf14cc5d,https://ckan.publishing.service.gov.uk/dataset/74a6b5e9-90d1-44cd-96ea-4c46b11f5656,marine-environmental-data-information-network
2dbde63a-c83d-428d-a0e3-6cb9dfb8ded9,https://ckan.publishing.service.gov.uk/dataset/a7a0abfb-f9d0-455f-8156-79c1d806ef15,marine-environmental-data-information-network
2dc30ee179b81a1a217a28194afb4d9d,https://ckan.publishing.service.gov.uk/dataset/3b633911-3181-4156-8849-bd4f98167f7a,marine-environmental-data-information-network
2dd06223fc1a3cd490f0a6914851f117,https://ckan.publishing.service.gov.uk/dataset/89ff25dd-9b6c-4c6a-ad34-bf7d428bedbb,marine-environmental-data-information-network
2e3bb701-aaaf-4900-8cc3-042445d7704a,https://ckan.publishing.service.gov.uk/dataset/55e4b2ff-7cc1-4a21-af58-c21f2ea922c3,marine-environmental-data-information-network
2e42814a-f886-404f-8bbd-8288eb5731f8,https://ckan.publishing.service.gov.uk/dataset/4e839a92-02aa-4b9c-98cc-463eacf7cbaa,marine-environmental-data-information-network
2e479b6c50d94a7182694386dc92d7da,https://ckan.publishing.service.gov.uk/dataset/2f772fca-cac0-4bd5-9246-278c711bf46e,marine-environmental-data-information-network
2e5b0a5e-7095-4ecd-a37d-f4dc7e614a71,https://ckan.publishing.service.gov.uk/dataset/dab42654-bbd8-4c41-b80f-bfb92f7dc531,marine-environmental-data-information-network
2e613234-b3b4-4990-af62-74581c1d9401,https://ckan.publishing.service.gov.uk/dataset/6853e40c-aa3f-4601-962f-da85fad278e3,marine-environmental-data-information-network
2e6827c5-f456-49a7-8cf4-7a97f409a8c6,https://ckan.publishing.service.gov.uk/dataset/d701d70e-816b-4acb-a3ae-54e7fee41a87,marine-environmental-data-information-network
2e95e359-1c39-4c57-b9ac-d1f77d549ec3,https://ckan.publishing.service.gov.uk/dataset/471c0c08-550e-4ea1-ab69-0f7f99bb9c91,marine-environmental-data-information-network
2eab3032-669e-430a-85e9-8953145e865e,https://ckan.publishing.service.gov.uk/dataset/ec34ee00-1823-42e6-be69-1f8f53c3c0c3,marine-environmental-data-information-network
2ee467500e7459e4ae0db83367f40c2a,https://ckan.publishing.service.gov.uk/dataset/2c4456d6-032a-4ca5-957a-94d7ab87cdad,marine-environmental-data-information-network
2ee94fad-c122-4dde-af13-951112b698eb,https://ckan.publishing.service.gov.uk/dataset/0348c0af-9071-492f-8757-4475a72da55e,marine-environmental-data-information-network
2eeac5a8-e943-41a6-b13f-c9ac89996102,https://ckan.publishing.service.gov.uk/dataset/13e970ae-d201-4a40-92e2-e7239ff48142,marine-environmental-data-information-network
2ef541931a4851ff7363c165268a58d6,https://ckan.publishing.service.gov.uk/dataset/718129b3-5a6c-454b-96f5-218aeb9df402,marine-environmental-data-information-network
2f2798b6bf50122f8d5441245df53936,https://ckan.publishing.service.gov.uk/dataset/dd33cbb5-2137-4690-b764-cb76c2b64834,marine-environmental-data-information-network
2f37f73c22c097b0de380d2f9ff59de8,https://ckan.publishing.service.gov.uk/dataset/189ea02f-d151-4607-894f-bfb2f494b2b6,marine-environmental-data-information-network
2f5f0c05-59a0-4d1d-a982-5e94755851c2,https://ckan.publishing.service.gov.uk/dataset/6cc48dbf-9995-4302-9b06-2bac1f9c0f44,marine-environmental-data-information-network
2f606b39d32ea58830a1bd405b92af01,https://ckan.publishing.service.gov.uk/dataset/7dd0a9f1-2ce9-4db1-a613-0b15669d90fb,marine-environmental-data-information-network
2f61213f5e2b47a2c6723a3c094dedbd,https://ckan.publishing.service.gov.uk/dataset/a772bbc9-6214-47d6-a0de-de2d2c2e4b5c,marine-environmental-data-information-network
2f6b81f6-6913-44c4-8f95-30220c2b7b96,https://ckan.publishing.service.gov.uk/dataset/8fcc90ee-ae4c-4bba-bc3d-b29478d959c3,marine-environmental-data-information-network
2f992ee89b988cf4f43e492c49ed0967,https://ckan.publishing.service.gov.uk/dataset/8424d442-e941-4906-8d5a-ba5a12e3bbe0,marine-environmental-data-information-network
2f9eb4fb190283de514376832bfe6d81,https://ckan.publishing.service.gov.uk/dataset/b47e45ec-f619-4540-8afb-65aa06b3f93a,marine-environmental-data-information-network
2fc4d6e8de2cf06687d7f81463b97375,https://ckan.publishing.service.gov.uk/dataset/3c6ff763-280c-4b33-bc9e-5d3faa36d56f,marine-environmental-data-information-network
2fd970bce0d98968d0c9017bf049571e,https://ckan.publishing.service.gov.uk/dataset/693a1987-df2b-4532-84c5-47df63498714,marine-environmental-data-information-network
2fda4fd9-7bb0-45a5-bc47-e5f1e391f7f4,https://ckan.publishing.service.gov.uk/dataset/31629d1a-b33c-4af4-b61a-35c2a7e6b8aa,marine-environmental-data-information-network
2fe9b252-eb00-40b8-80bd-8155ac1315ba,https://ckan.publishing.service.gov.uk/dataset/c4cfb411-840f-45db-9183-c6ad5ab83c5c,marine-environmental-data-information-network
301f2c6f-a3ae-4ba7-84c5-a2279240116f,https://ckan.publishing.service.gov.uk/dataset/55ea2df0-352d-406d-b268-8837fa925169,marine-environmental-data-information-network
302a306f-3330-4eba-884c-006ac9ea867d,https://ckan.publishing.service.gov.uk/dataset/daa30901-f00e-41e2-9c2f-31bc0fa6b2f6,marine-environmental-data-information-network
306f3f9105d32ae0fad6e73199d3b67e,https://ckan.publishing.service.gov.uk/dataset/98542933-0f3c-48ee-8413-686ce5dc6314,marine-environmental-data-information-network
30838364b85716760379c8824341ffdf,https://ckan.publishing.service.gov.uk/dataset/ec2b5854-f817-4fc4-ae26-d334ffed7f81,marine-environmental-data-information-network
30995e27b7fbdc937a7f3aeb93125af6,https://ckan.publishing.service.gov.uk/dataset/258cbbf6-aa5b-4938-bd0f-c1873a706157,marine-environmental-data-information-network
30d14865260fdb708358d553b8aeffca,https://ckan.publishing.service.gov.uk/dataset/dc8e90df-6b65-4b02-b073-3959352667ed,marine-environmental-data-information-network
313f47463fc78c53771443cf270342f3,https://ckan.publishing.service.gov.uk/dataset/eed38f97-1cf3-4657-8195-c96bed961990,marine-environmental-data-information-network
31580501-cfdb-40a7-92ca-7b12313db401,https://ckan.publishing.service.gov.uk/dataset/b8072bff-19c0-45cb-8216-38df9af9a955,marine-environmental-data-information-network
317b4ab7-7f84-4523-a168-841439fddc64,https://ckan.publishing.service.gov.uk/dataset/b9e53038-6133-464f-b608-bfe5daa84a5d,marine-environmental-data-information-network
317c46bc-275e-4c7b-9f12-8a0626de3311,https://ckan.publishing.service.gov.uk/dataset/bb3f7fd1-0731-4b98-8f44-276210cac186,marine-environmental-data-information-network
31ecf58b-505f-4efd-a1c2-ebb9c18964a0,https://ckan.publishing.service.gov.uk/dataset/a5ea82ac-cb47-4d17-b55c-69e4c6cdfddd,marine-environmental-data-information-network
321f627e70f53466ca07f6804e393ecc,https://ckan.publishing.service.gov.uk/dataset/b3b01859-ad74-411c-8aea-53b196ff12d7,marine-environmental-data-information-network
327407d8-7b69-4473-8cfd-ead9e37136f6,https://ckan.publishing.service.gov.uk/dataset/e5fb9da5-a3c4-4ab0-bb23-8c6eb11bca0e,marine-environmental-data-information-network
32e73b5ac23a11d8e60cbdadf1ebf41d,https://ckan.publishing.service.gov.uk/dataset/b15ff148-2ec4-4ec9-bd88-323c1a73d79d,marine-environmental-data-information-network
3350ca0044188134499298891b906d91,https://ckan.publishing.service.gov.uk/dataset/7043ef23-9345-4868-9e16-318372f4787d,marine-environmental-data-information-network
338a3513-55cd-4d71-9a9f-7cb67a4ebcd8,https://ckan.publishing.service.gov.uk/dataset/61e68dcd-eb41-4f65-9ce5-3583485ffdb5,marine-environmental-data-information-network
33af2fd6e1f155ba97ec626bbcde0998,https://ckan.publishing.service.gov.uk/dataset/108ea571-51db-4154-86fa-118ac12447ff,marine-environmental-data-information-network
3477ad69-a36a-46ab-9e6e-da062a8077e8,https://ckan.publishing.service.gov.uk/dataset/e584730e-6cd8-4f73-96bd-4456e6552331,marine-environmental-data-information-network
349e1dc80c346ff3c5f4eeaa6fbf5db7,https://ckan.publishing.service.gov.uk/dataset/b0e2a29b-7409-462e-90f3-003e668bc7a4,marine-environmental-data-information-network
34c8090c79e155264f23a6644d4a96fb,https://ckan.publishing.service.gov.uk/dataset/c7c10cf4-0d11-4113-a4ce-a266e0715878,marine-environmental-data-information-network
34d750ea-d6c6-49cc-a3ac-6b3558dc2913,https://ckan.publishing.service.gov.uk/dataset/89541604-f382-4aad-ad29-d5f214f3cda9,marine-environmental-data-information-network
34e81c3c-0cc0-41a9-9077-ab54f29a67ee,https://ckan.publishing.service.gov.uk/dataset/b77870dc-6956-48bb-a6b0-7c1ddb7b3fa5,marine-environmental-data-information-network
350be385-6dfb-4a77-971f-e5fc5ea2a435,https://ckan.publishing.service.gov.uk/dataset/697ed86a-6599-4ce6-ad70-8d14c9960d78,marine-environmental-data-information-network
3515c6ed-53f2-495b-9164-8505cda6903d,https://ckan.publishing.service.gov.uk/dataset/e8d2534e-b7bf-4f74-8ed6-6b6dfeab3ece,marine-environmental-data-information-network
351af8638b61bcb87122436a2db27ea3,https://ckan.publishing.service.gov.uk/dataset/db37d3c6-d01c-422b-9b84-b93983d5059b,marine-environmental-data-information-network
359da784-3e07-4bfd-9571-aa470ebdea2a,https://ckan.publishing.service.gov.uk/dataset/5437c128-3e6c-4fbe-bb2e-036d15ac9b66,marine-environmental-data-information-network
35a9fa3d85c1571e97b89ea2e8a599ec,https://ckan.publishing.service.gov.uk/dataset/e4d36507-7a31-43c5-9f94-0804bd9778f8,marine-environmental-data-information-network
35b5df0b40486c158ca83a454f753ba9,https://ckan.publishing.service.gov.uk/dataset/199b865d-4879-4061-bb75-293b0a49fa1e,marine-environmental-data-information-network
35b9585a-ffd0-4dd8-8257-abad239bd088,https://ckan.publishing.service.gov.uk/dataset/cec56fc3-5156-4933-af80-37fb013eafee,marine-environmental-data-information-network
35d9bfff-7808-43a6-9362-0213a8b03b29,https://ckan.publishing.service.gov.uk/dataset/16678bf2-b66f-41e0-806b-41476ad81105,marine-environmental-data-information-network
35e398cb-35f2-4782-b483-788f4e81db6e,https://ckan.publishing.service.gov.uk/dataset/c03ffd32-e05b-4ed3-820d-a5dc6cea4529,marine-environmental-data-information-network
3620dc053c002e25aaebb0beb2b2143b,https://ckan.publishing.service.gov.uk/dataset/98de3d9c-eef8-4648-abb0-b05e66f0f3e6,marine-environmental-data-information-network
365654f3-df6c-4a79-9baf-0ab16238e5f5,https://ckan.publishing.service.gov.uk/dataset/1523cf70-5165-4564-9fcb-706b139fe2c7,marine-environmental-data-information-network
36703c12-116c-4b10-aa0f-cf4373ebdba3,https://ckan.publishing.service.gov.uk/dataset/920cca81-734d-4b0d-8e5d-18a74a94e9f5,marine-environmental-data-information-network
367d8143-4b6d-4975-804e-e1755c7e13ef,https://ckan.publishing.service.gov.uk/dataset/701f0475-bc60-40eb-9292-320eb70d49ff,marine-environmental-data-information-network
3732f8e1-51d1-472f-9e03-ce344bcefde7,https://ckan.publishing.service.gov.uk/dataset/caa21ddc-17e3-48ee-83de-a27d5d5635e3,marine-environmental-data-information-network
3760f3ec-a9bf-4258-a444-93f81574efa3,https://ckan.publishing.service.gov.uk/dataset/d662742a-040b-46e0-8f6a-f39c658c740a,marine-environmental-data-information-network
3770386de4ddb72452f718b1bf4732c5,https://ckan.publishing.service.gov.uk/dataset/587b3857-4c01-41aa-bd2e-6f36d2871380,marine-environmental-data-information-network
377b1975-f1b3-46be-b03d-15855886e813,https://ckan.publishing.service.gov.uk/dataset/016de9f9-dd50-4bdb-8e59-c939a0248513,marine-environmental-data-information-network
37a225d347ce723c584567816a98d5d9,https://ckan.publishing.service.gov.uk/dataset/d787c3b5-5424-48b6-81c2-62e585ab9b59,marine-environmental-data-information-network
37c1fdfc-0349-4be0-a233-44afc0e15a22,https://ckan.publishing.service.gov.uk/dataset/f1116e89-bb04-4444-9659-5f206b8278e3,marine-environmental-data-information-network
3819d26d-0883-42e9-bcc1-23e3042a1a96,https://ckan.publishing.service.gov.uk/dataset/637cbb1a-4208-4148-a810-6bdb1a529180,marine-environmental-data-information-network
381a7e0c-3e25-4704-bf7f-8e433b7fe9fb,https://ckan.publishing.service.gov.uk/dataset/45886487-f06c-4c20-afef-e859dc6a2fd9,marine-environmental-data-information-network
382a77c1-ac5a-4634-843b-78854845d45e,https://ckan.publishing.service.gov.uk/dataset/11d54555-28e2-4c94-a601-a0f9e4dbdb4f,marine-environmental-data-information-network
3849376c6ea858c380258401dc224e68,https://ckan.publishing.service.gov.uk/dataset/1408d7e3-2023-440a-93ca-6a3f9e26b424,marine-environmental-data-information-network
388ae1ee31e175c00c209de50ed4b433,https://ckan.publishing.service.gov.uk/dataset/233eb6a1-59d4-4c92-8912-69dada9aae4d,marine-environmental-data-information-network
38af8fb3-aad7-4645-81f6-627d85a8eb1c,https://ckan.publishing.service.gov.uk/dataset/66dd653f-cf41-4832-ad27-fa35b9683de9,marine-environmental-data-information-network
38c5c8cc-455c-4db7-bf2d-a16f8e2c773f,https://ckan.publishing.service.gov.uk/dataset/83637744-7ebe-4a6e-bab7-b9780dea8b73,marine-environmental-data-information-network
38c8d806e3d1f274d565a77e16122217,https://ckan.publishing.service.gov.uk/dataset/1060b7f3-7290-4c77-8dcd-a4103ff39d20,marine-environmental-data-information-network
3940e3af8c1c3dba5807a23d7899b547,https://ckan.publishing.service.gov.uk/dataset/4efed5b7-7db0-4d03-acaa-ab612446608d,marine-environmental-data-information-network
39969fdea58f04c24ef84f24eb9b962f,https://ckan.publishing.service.gov.uk/dataset/1f464927-6b7a-4f12-83a9-df15745b25ef,marine-environmental-data-information-network
39d1409d-3950-4c25-9789-956fda6a661d,https://ckan.publishing.service.gov.uk/dataset/cfe1c175-8dbf-4111-8154-1763234d1eee,marine-environmental-data-information-network
39d9061d174422624d10476beffe3db7,https://ckan.publishing.service.gov.uk/dataset/d9d2a191-58cb-499d-a7f9-349cf01ceb4d,marine-environmental-data-information-network
39e87977d48da1968b3f6eac49c620cf,https://ckan.publishing.service.gov.uk/dataset/73a0638e-6092-4d57-aabc-da5c2ffef3e2,marine-environmental-data-information-network
3a3b89eabeb01f1e978c013d0074a292,https://ckan.publishing.service.gov.uk/dataset/9ad00930-f4a3-424f-9b55-2aa4486a600b,marine-environmental-data-information-network
3a464058a65772cb3ebc4688b1cc004d,https://ckan.publishing.service.gov.uk/dataset/ba330b29-ec9c-4f94-af2a-a36e3a396bf9,marine-environmental-data-information-network
3a565a32bbb0da9f30dd8d235fca449f,https://ckan.publishing.service.gov.uk/dataset/cad4e3ad-63ac-462b-b768-f3c171e12f85,marine-environmental-data-information-network
3a579206-f703-439e-aa68-5d6366962256,https://ckan.publishing.service.gov.uk/dataset/799f0cc6-d24f-46fd-a664-a3fdf631e653,marine-environmental-data-information-network
3a5ae7b9-2b8f-47d2-bd3b-e77f5697e53f,https://ckan.publishing.service.gov.uk/dataset/49dc0544-44e0-48e2-84f4-d626ec4cc736,marine-environmental-data-information-network
3a67d8140e3bd8c91cc0842979b86a15,https://ckan.publishing.service.gov.uk/dataset/303286ab-c207-4de2-85e4-7af08b91bb85,marine-environmental-data-information-network
3a78674f4968d6dc4fa32381dd249521,https://ckan.publishing.service.gov.uk/dataset/14743303-cc6a-466a-a0f2-4a91f42058a6,marine-environmental-data-information-network
3aa2bdec-cc2e-404c-8da4-a10d672031bc,https://ckan.publishing.service.gov.uk/dataset/2fb64226-5b84-4084-81bf-0087c993a555,marine-environmental-data-information-network
3aaab28e1f0711b2514692be38e06c10,https://ckan.publishing.service.gov.uk/dataset/4105a7db-7699-4754-a2d6-05118cd04d51,marine-environmental-data-information-network
3ae4b5f2-b395-4860-b143-23c4be6d39d1,https://ckan.publishing.service.gov.uk/dataset/dcebc252-ac4a-4ea9-ab2c-870445333904,marine-environmental-data-information-network
3ae7bca5-95dc-4910-a650-6b5def7e1ee7,https://ckan.publishing.service.gov.uk/dataset/dabf2eb2-c1bd-4ce0-9519-f4a1aa368f1d,marine-environmental-data-information-network
3af500b7b40ab5e7bc2a59e2c34c61a7,https://ckan.publishing.service.gov.uk/dataset/794933cf-ba1a-4dc1-a0d5-b083a8a81ee8,marine-environmental-data-information-network
3b56cd88c135ee126324fbc07380eb03,https://ckan.publishing.service.gov.uk/dataset/1f32e0f8-dbdb-4cfa-a260-8abbc4baaa2e,marine-environmental-data-information-network
3c0ac88a6a626e712e2ee979174e3aa5,https://ckan.publishing.service.gov.uk/dataset/160fbdb1-1ddc-473d-807b-b9f1500c9eb7,marine-environmental-data-information-network
3c40ad819ae0815642c1bebec473a19f,https://ckan.publishing.service.gov.uk/dataset/f3af99d9-7414-49b9-a0da-20ceae059f44,marine-environmental-data-information-network
3c4f8ee3cea0754f196db768c8ed419b,https://ckan.publishing.service.gov.uk/dataset/1d0199b2-06cd-4367-aae3-8d876c7287f1,marine-environmental-data-information-network
3c568c8d6be671ef191a53fef7b5e500,https://ckan.publishing.service.gov.uk/dataset/bd3e5771-d87b-45db-9df4-6189f4887553,marine-environmental-data-information-network
3c6e1c3c830b51f21eb74c2a672a2da6,https://ckan.publishing.service.gov.uk/dataset/8072dc1f-acb0-4575-b4e4-555c42eecb53,marine-environmental-data-information-network
3c7db244-2119-438d-89e5-0dca7f67a438,https://ckan.publishing.service.gov.uk/dataset/a4ba4bfb-d3fd-497f-9383-f443f231d245,marine-environmental-data-information-network
3ca92e1c-fed1-408f-887d-1d45e755bf50,https://ckan.publishing.service.gov.uk/dataset/5977ea38-00a5-4461-8b15-ba91eed9ccbb,marine-environmental-data-information-network
3ce12a1b-ea47-4a03-933a-718076cf5cdc,https://ckan.publishing.service.gov.uk/dataset/6f35317e-129e-4976-bbbe-118620a73294,marine-environmental-data-information-network
3cfb2b90a442527599201a1fe05fd90f,https://ckan.publishing.service.gov.uk/dataset/272e3185-2c34-448d-b0a1-61cb701edce3,marine-environmental-data-information-network
3d2e0722a0ef8d3c35379ea166acad04,https://ckan.publishing.service.gov.uk/dataset/eb1a2cfb-c5cf-4c42-ba7d-7883e56b05fa,marine-environmental-data-information-network
3d47d225-02b2-4693-8767-c8fd7068c902,https://ckan.publishing.service.gov.uk/dataset/d4a2512d-b536-449c-a279-046b4a5bdcca,marine-environmental-data-information-network
3d928ffe4df801393bf63f8c0a06e7f3,https://ckan.publishing.service.gov.uk/dataset/730560fc-2f02-46ca-bad6-055749b1f99a,marine-environmental-data-information-network
3da0b249-b5e7-410e-8284-45e2520ba07e,https://ckan.publishing.service.gov.uk/dataset/29b9e86e-4644-4380-abf3-0519a0e66399,marine-environmental-data-information-network
3def37bf-16df-490d-9923-32a271438a94,https://ckan.publishing.service.gov.uk/dataset/cd0f680d-61de-4cfd-b898-dcea32a6c3f2,marine-environmental-data-information-network
3df33f30e3b59221d41b810386470e3d,https://ckan.publishing.service.gov.uk/dataset/0a53c4a9-0ac7-444c-be40-d566a08cecbf,marine-environmental-data-information-network
3e107854-6748-423e-ba66-a1cc708ee2e1,https://ckan.publishing.service.gov.uk/dataset/8968ef63-bc65-4a4b-9d45-fb58b585d52f,marine-environmental-data-information-network
3e346711-74b4-4cf3-81dd-98a8549182b7,https://ckan.publishing.service.gov.uk/dataset/4515845b-43c0-4a91-b0ba-c02e60c70161,marine-environmental-data-information-network
3e4fcc390ac55204a1aae2ff1d405247,https://ckan.publishing.service.gov.uk/dataset/c909bb2f-8a65-43b4-82f9-a91349b94ed0,marine-environmental-data-information-network
3e50b93f-632e-413b-a4c2-2786c1505191,https://ckan.publishing.service.gov.uk/dataset/fe7c2f54-33af-45fd-a18f-97b0500be128,marine-environmental-data-information-network
3e7bb55f45ff520a884f5f47845643a2,https://ckan.publishing.service.gov.uk/dataset/467b91b3-91c6-42ec-974f-d9498aed6baa,marine-environmental-data-information-network
3ebe4327-d360-49ce-a651-be2d45c182fa,https://ckan.publishing.service.gov.uk/dataset/58942705-d1c7-4128-af68-64d091748948,marine-environmental-data-information-network
3f025c2c-dc77-4af6-8750-3e63992b98d5,https://ckan.publishing.service.gov.uk/dataset/b54ef74c-10fc-48c4-84e5-ea0c5d0e8a9b,marine-environmental-data-information-network
3f0b9bc71f51c0c6fb7fd93993e09016,https://ckan.publishing.service.gov.uk/dataset/47fcd24d-d6e4-4c67-82ea-ba0dfb72b5e2,marine-environmental-data-information-network
3f11f7ff4521b72ba6e960374fbc8a0c,https://ckan.publishing.service.gov.uk/dataset/71822f9e-6f1e-4f21-9b26-9b1212433dbb,marine-environmental-data-information-network
3f2f125855455384827fa05d4e37aaca,https://ckan.publishing.service.gov.uk/dataset/853ca80b-47eb-449c-b5ea-316a90edee4a,marine-environmental-data-information-network
3f7776fb409ec2edb3c1a7eec8cb6a4f,https://ckan.publishing.service.gov.uk/dataset/8688c441-90ad-478b-b4f3-ed830c755d45,marine-environmental-data-information-network
3f891157464e09e8419612572a26bedc,https://ckan.publishing.service.gov.uk/dataset/bd32ee18-2bfc-414b-97d5-eed8a35eaa5d,marine-environmental-data-information-network
3f9f8554-5925-43a7-abac-6308fb395d4a,https://ckan.publishing.service.gov.uk/dataset/53215986-bf94-4f2d-b5f6-5454c75115cd,marine-environmental-data-information-network
3fb90d43-ad6c-4fea-8816-538bda1db6c3,https://ckan.publishing.service.gov.uk/dataset/7a5f0cec-73db-4b99-bb50-7b4e9e902c1d,marine-environmental-data-information-network
3fb9da4b-38d5-445c-a404-ec6c20797b92,https://ckan.publishing.service.gov.uk/dataset/9863c303-09a7-4eb5-84f2-cf2c9d2aa28e,marine-environmental-data-information-network
3fc3609677db5ac18a0fc34d2acde422,https://ckan.publishing.service.gov.uk/dataset/2b6729e3-ec61-4466-868c-d1dbcb30bf69,marine-environmental-data-information-network
400dd63b-67e8-4579-a029-7dd7f8da5e50,https://ckan.publishing.service.gov.uk/dataset/d351b8c8-831b-4224-998d-ee00657fd56a,marine-environmental-data-information-network
4036384c-87a1-4468-a312-03cc3ede7b3a,https://ckan.publishing.service.gov.uk/dataset/2995542f-58bd-4ab7-b9e5-d8c0d2eccde1,marine-environmental-data-information-network
403fb65b12e6393a6473cf604d02b2c8,https://ckan.publishing.service.gov.uk/dataset/f67e3f81-109a-4686-84c4-6ae6fb5b2971,marine-environmental-data-information-network
404f47f109d124e4929ef57dd57c3f6f,https://ckan.publishing.service.gov.uk/dataset/591e79e6-7275-4eff-a846-73ac7b898f84,marine-environmental-data-information-network
4072063e-3f99-4c06-b10e-14c9c2932cca,https://ckan.publishing.service.gov.uk/dataset/02d86f32-da51-4ff5-b5f3-9a2ca1d1ffab,marine-environmental-data-information-network
4083ce8c-f813-4cc8-ab1d-9c55673b53a3,https://ckan.publishing.service.gov.uk/dataset/3cad7985-0fbd-400f-b00c-b65e26aee0c2,marine-environmental-data-information-network
4091b3024b2d9045db850c0bef42cb21,https://ckan.publishing.service.gov.uk/dataset/b280aead-ba52-4393-b873-98cb4b1e5a62,marine-environmental-data-information-network
4098457798c938d67ed5fe54ee388cfc,https://ckan.publishing.service.gov.uk/dataset/10d54535-00c7-4e9f-a01d-18d81dfd89ce,marine-environmental-data-information-network
409bf42e3e59238bc9cf6e74577f8fff,https://ckan.publishing.service.gov.uk/dataset/77aaf759-a86a-4af6-be70-ae44f2856ae6,marine-environmental-data-information-network
40b8f247f6df2db1cd0d6ea63dcc08da,https://ckan.publishing.service.gov.uk/dataset/5a56f99e-e5ec-4a85-856f-a2e65447d569,marine-environmental-data-information-network
40cfc1e450a4f53f1f1fa2f783794568,https://ckan.publishing.service.gov.uk/dataset/38d947f5-d8f0-4f9a-b615-2e004219051e,marine-environmental-data-information-network
417e5e24793648d1f8b856b71aca7055,https://ckan.publishing.service.gov.uk/dataset/b61aebec-f746-4b78-ba47-3d1ddbd67b73,marine-environmental-data-information-network
4183ae575c1d1f5f60e6d6dd528f1287,https://ckan.publishing.service.gov.uk/dataset/30dbeccd-2055-43cc-8563-853af13241ec,marine-environmental-data-information-network
41bb7135-f4bc-4fd0-8fa9-6cf93aedf777,https://ckan.publishing.service.gov.uk/dataset/45bbd977-8b79-49d6-b85e-733b01ac6f60,marine-environmental-data-information-network
41e96108b863771b6a032f7c9158436f,https://ckan.publishing.service.gov.uk/dataset/8d6066f8-528e-4389-b603-dbae5ada2c7e,marine-environmental-data-information-network
4204a05afab6a5b6501e18ce4c7931e8,https://ckan.publishing.service.gov.uk/dataset/114b1301-4172-4305-a6b3-358f97211e14,marine-environmental-data-information-network
4217e71e-a2a5-4b94-bc22-e800b5ad2f42,https://ckan.publishing.service.gov.uk/dataset/6e231644-1900-49c3-a40e-f084e76c2d2a,marine-environmental-data-information-network
428c8fa2-ada1-4c8c-aada-609259621f01,https://ckan.publishing.service.gov.uk/dataset/0bcde738-8e8f-4ebf-81fd-fe4296f94398,marine-environmental-data-information-network
428ddccbd59a36a920c5bbfa06b2b921,https://ckan.publishing.service.gov.uk/dataset/c678c635-761f-4300-988b-8770c0ee52f1,marine-environmental-data-information-network
42c51b38da9083f447efe6b63b1aba10,https://ckan.publishing.service.gov.uk/dataset/6102c86f-3ab2-4adf-89c5-f23252105ce1,marine-environmental-data-information-network
42d79758-9234-4ae7-91ff-dedf686bd716,https://ckan.publishing.service.gov.uk/dataset/fb8387ec-4fbc-498e-a778-3d928b172035,marine-environmental-data-information-network
42f0528a-b260-4967-a2be-cde7e4fc1db6,https://ckan.publishing.service.gov.uk/dataset/c9aa9357-944f-4634-843e-3dbbdc772dbc,marine-environmental-data-information-network
431c51fd81ce5a3285979fe3cb2668f5,https://ckan.publishing.service.gov.uk/dataset/223547aa-46e0-466a-9247-f2af2f0151af,marine-environmental-data-information-network
43269fb7-9801-439e-b795-5b8faee362b8,https://ckan.publishing.service.gov.uk/dataset/6a7a9d6e-d07f-47d1-a015-94fc07c2c7be,marine-environmental-data-information-network
437503d7127d20c00d308444e1125842,https://ckan.publishing.service.gov.uk/dataset/f22427db-f7ee-41c6-9e97-2f4c307dcd3e,marine-environmental-data-information-network
43975e4d9bb558f0c6f7bfc6b92935b8,https://ckan.publishing.service.gov.uk/dataset/fd5fdf38-5e86-40f6-9eef-9bd371136760,marine-environmental-data-information-network
43b32083-e64b-4476-b574-81a06f5de7bd,https://ckan.publishing.service.gov.uk/dataset/3f9759fa-3486-4e77-8775-717a91bf8c38,marine-environmental-data-information-network
43dad67d35bf72a0666ead0cfbaa2cf3,https://ckan.publishing.service.gov.uk/dataset/755cc1bc-221c-42e3-b830-9e8f6f6f084e,marine-environmental-data-information-network
43e8260bc4fe36179a9ca1002bf42dd8,https://ckan.publishing.service.gov.uk/dataset/9817d0aa-c3b1-443c-ba72-ff2d266bead3,marine-environmental-data-information-network
43f439da-5902-480f-9fda-0e59645ae9c4,https://ckan.publishing.service.gov.uk/dataset/86b239e6-9e98-48d5-b863-0b1ab78160c7,marine-environmental-data-information-network
43fe5743-5bbb-43ce-ac62-f70301cb97d7,https://ckan.publishing.service.gov.uk/dataset/a94634f5-7f35-4fb4-afec-6029b00f42f4,marine-environmental-data-information-network
443a92c6-52f9-4f85-95d4-91317c057413,https://ckan.publishing.service.gov.uk/dataset/83054d4e-6a1b-49ca-8a21-887a4ac68a5c,marine-environmental-data-information-network
445982df-df65-4c02-9246-78dd569ac240,https://ckan.publishing.service.gov.uk/dataset/df1377d5-ed21-4a24-848b-1d6551215a2f,marine-environmental-data-information-network
446e9eebcb86c68ea1fde2ee01b75ef1,https://ckan.publishing.service.gov.uk/dataset/136136cb-525e-45ca-b4c2-063e517efbc7,marine-environmental-data-information-network
44789a49-0c9d-4b7c-88a1-55ccbaaa552e,https://ckan.publishing.service.gov.uk/dataset/5fac2ce3-ac78-4d30-b9f3-79ab73d990a7,marine-environmental-data-information-network
44911a04618c5cf9843e846111db68bc,https://ckan.publishing.service.gov.uk/dataset/564cebb7-6425-424d-9456-d2f015c47b83,marine-environmental-data-information-network
44a2bddd9a2a4d15b388541785219e23,https://ckan.publishing.service.gov.uk/dataset/614093e7-6590-4368-b303-37db972ca14a,marine-environmental-data-information-network
44ba754d5bb251e18ae4cbec79f59bec,https://ckan.publishing.service.gov.uk/dataset/591b31c5-56e1-4062-85ae-5de8b1b6f3fb,marine-environmental-data-information-network
44fc3e45-4e1b-4aac-a90b-def050a46cb8,https://ckan.publishing.service.gov.uk/dataset/1691f086-4931-43e4-9324-215ccc7eaba9,marine-environmental-data-information-network
450b57f1-a00c-4fdb-ba14-36e81fb95313,https://ckan.publishing.service.gov.uk/dataset/3e2b3404-7dff-4f38-b05b-88c99f52fdb2,marine-environmental-data-information-network
450e8a84-6b4a-47e5-b62e-d15f401b0680,https://ckan.publishing.service.gov.uk/dataset/03073bf5-d1f4-43b8-800f-9771f36966c6,marine-environmental-data-information-network
4566ee0d-7dcf-419f-baab-86b86b5f3f70,https://ckan.publishing.service.gov.uk/dataset/2e90649e-52b5-4690-9e98-5ea4a3e6dbde,marine-environmental-data-information-network
45b4d8e7-c890-46cc-8960-e8c2e284405c,https://ckan.publishing.service.gov.uk/dataset/b985714d-f7e2-4061-9ed8-fcacc4de272f,marine-environmental-data-information-network
45cb99c8e5c2549ee955ed2d8098986d,https://ckan.publishing.service.gov.uk/dataset/a7a3e054-5e44-4d83-ac8a-a98940a22ca2,marine-environmental-data-information-network
45fc95de-54c7-47e0-a1e6-5fd17637cbe5,https://ckan.publishing.service.gov.uk/dataset/8bc108e1-980d-47fd-8539-7d53fb9e8517,marine-environmental-data-information-network
4630bb6d-7936-4d73-bedd-0b32e067ef67,https://ckan.publishing.service.gov.uk/dataset/cf732ba8-257e-42ff-aae0-3fa849dbd82f,marine-environmental-data-information-network
4634295b-3691-4b1c-95d9-47afdfb4bc31,https://ckan.publishing.service.gov.uk/dataset/14c67b6d-5263-4ae3-a17d-11e122e0a514,marine-environmental-data-information-network
464c0410-6fbe-40f6-bdb1-50d8e0a46dd8,https://ckan.publishing.service.gov.uk/dataset/12546649-1f37-45e0-93a8-6f69043edaf2,marine-environmental-data-information-network
46a4c1b9-2976-4cbc-83e0-092897a65c68,https://ckan.publishing.service.gov.uk/dataset/55c23b6e-c959-45e7-8b00-f4fc2482ceeb,marine-environmental-data-information-network
46c7399f26665b9ca8756e556404fa19,https://ckan.publishing.service.gov.uk/dataset/4baf7504-d064-415e-99af-b3bd3e5539b9,marine-environmental-data-information-network
46e378350de7364bac9b82b269e813fc,https://ckan.publishing.service.gov.uk/dataset/3c02c7ce-6b89-43a0-a68b-b9c25ec5e4d6,marine-environmental-data-information-network
472b8f114adb707e00307d99968643e3,https://ckan.publishing.service.gov.uk/dataset/badcad69-a560-4ad3-88ab-590194d03e9a,marine-environmental-data-information-network
4766ae6c8202bb2771208375ec328d89,https://ckan.publishing.service.gov.uk/dataset/ffba3bd3-e6ea-400b-90e6-e878f754da22,marine-environmental-data-information-network
4780ab22-5899-4f5c-b51a-d5269f3adf80,https://ckan.publishing.service.gov.uk/dataset/b10f514c-0f52-46dd-993f-0c23decbdfe2,marine-environmental-data-information-network
48201c949d52bb971d6985abda18a19f,https://ckan.publishing.service.gov.uk/dataset/f9c97c1f-e82c-4e25-b254-0ad415f690da,marine-environmental-data-information-network
4859a18e5737afc6b59977deaa400a5f,https://ckan.publishing.service.gov.uk/dataset/5d2c9e93-755e-400a-a5aa-bd93c75a9cc8,marine-environmental-data-information-network
4861a3279e5021881c300a2a18472ef8,https://ckan.publishing.service.gov.uk/dataset/505b04dc-324d-46be-add6-c3900edee820,marine-environmental-data-information-network
487b99488e06a9871ce6cfec3d7ee329,https://ckan.publishing.service.gov.uk/dataset/9107c062-9972-4b07-8e50-dd6c41f44f41,marine-environmental-data-information-network
48a39a2e-6c88-4094-8257-bf1d23432fc3,https://ckan.publishing.service.gov.uk/dataset/115351a0-b0b9-4769-a566-12577d67036b,marine-environmental-data-information-network
48cb3ec4-58b2-48c3-9ddc-6649e3560bc0,https://ckan.publishing.service.gov.uk/dataset/5b4e85ab-d06e-4408-b475-336133f18e40,marine-environmental-data-information-network
490636f096ad583d823c626393ffbd7a,https://ckan.publishing.service.gov.uk/dataset/f0eb72a3-1a95-4044-809a-7e3c61a585d5,marine-environmental-data-information-network
49680218ad1928ec1d7566c14ba99c3e,https://ckan.publishing.service.gov.uk/dataset/9773205a-d8b4-4865-b63a-c7391e50a1ee,marine-environmental-data-information-network
4972dd7d727f70ef96240ca0106642de,https://ckan.publishing.service.gov.uk/dataset/3d745248-9dc7-4374-ad3f-275f2496b752,marine-environmental-data-information-network
4973940c07ba5e5ab320c8d06747b8c9,https://ckan.publishing.service.gov.uk/dataset/65638278-14fe-42c5-af61-abc94cb5681a,marine-environmental-data-information-network
497eea48-2d32-4967-8b98-11306742fa69,https://ckan.publishing.service.gov.uk/dataset/c917bf88-a0a1-417b-841e-0a92353f00f6,marine-environmental-data-information-network
4987691c-103c-4c74-807c-fba0a1fe7959,https://ckan.publishing.service.gov.uk/dataset/93c262a0-dd42-4b77-840b-d46688b6631b,marine-environmental-data-information-network
4ac97b5e-e2c5-4135-981b-34245fb57864,https://ckan.publishing.service.gov.uk/dataset/b59a80c4-3329-493e-a1bf-8250b605c6c4,marine-environmental-data-information-network
4acc266fb20be990aa3823185b49a6cd,https://ckan.publishing.service.gov.uk/dataset/fe4652b1-e056-4a1b-a30d-e62d277a65ff,marine-environmental-data-information-network
4afc5bf6c85e0f3368994eebe3249a8f,https://ckan.publishing.service.gov.uk/dataset/d4c9522c-8488-44fc-8cba-7b999a67dab7,marine-environmental-data-information-network
4ba26537-d58b-4d33-82b0-9b6fa91f0175,https://ckan.publishing.service.gov.uk/dataset/cf9eebb8-8be7-4569-acc2-f2b638280e6f,marine-environmental-data-information-network
4c1dcde8e0e5943ca7f645643bb323b0,https://ckan.publishing.service.gov.uk/dataset/7112fe7a-ae9a-49f1-be1e-28a1720f42c2,marine-environmental-data-information-network
4c29a962f9761f48e2d30d3231ec399d,https://ckan.publishing.service.gov.uk/dataset/448e9517-012d-455f-9952-fccbece75ea7,marine-environmental-data-information-network
4c3f85979870002dd36997a877df1b3e,https://ckan.publishing.service.gov.uk/dataset/fbde7c79-ca4b-4c94-9fb0-c54d9aac32de,marine-environmental-data-information-network
4c40d7d62c6c6528a6dd11761b6b1982,https://ckan.publishing.service.gov.uk/dataset/849aec7b-0835-48cf-bdd5-a328151c852d,marine-environmental-data-information-network
4c8cae76-3c72-4876-b9d4-ccdd832e9a35,https://ckan.publishing.service.gov.uk/dataset/8f786486-1e6f-470f-9f81-ae8d958702fe,marine-environmental-data-information-network
4ccbcc0f-eccb-4af2-a7f9-b61a048bf295,https://ckan.publishing.service.gov.uk/dataset/57d7ddc9-98bb-43c0-852b-7e2b57e0b701,marine-environmental-data-information-network
4cdb937b40875b0da7111876fb44d481,https://ckan.publishing.service.gov.uk/dataset/4cdf6956-b283-4eac-8471-b279e77287ad,marine-environmental-data-information-network
4cf781c82f9f6c45e93fee1534a648ed,https://ckan.publishing.service.gov.uk/dataset/f350dd32-fe5f-44af-8e7e-3fbfdc9c6564,marine-environmental-data-information-network
4d47cd1bf9967b2730d4111f50f05579,https://ckan.publishing.service.gov.uk/dataset/c90cf9ce-f3a5-486c-9c02-0111e6d86c53,marine-environmental-data-information-network
4d90a359ec4f58178b21ffb49e74fbec,https://ckan.publishing.service.gov.uk/dataset/cc8b8574-0ba2-48c2-b85e-03e4b67b6507,marine-environmental-data-information-network
4d9f9ea5-4c5d-4cab-a2cd-b2e8740f9393,https://ckan.publishing.service.gov.uk/dataset/7037b746-b449-4b77-8c97-14b2f4465d94,marine-environmental-data-information-network
4dbe6789-73e4-42e9-a08c-12bd3781af53,https://ckan.publishing.service.gov.uk/dataset/676bf13f-a8d7-4eb0-b206-5b44a934c295,marine-environmental-data-information-network
4e0c84c0-6fb5-413e-8389-379d49eca6c1,https://ckan.publishing.service.gov.uk/dataset/0177ff62-5361-4058-b95b-2c25fcb07d63,marine-environmental-data-information-network
4e5a97b1-cfd5-48f6-b95b-bb2900cc0c4a,https://ckan.publishing.service.gov.uk/dataset/568eaf29-7674-41dc-ad40-69f78c9a834d,marine-environmental-data-information-network
4e7ac9190cdf7890472923c246e0c572,https://ckan.publishing.service.gov.uk/dataset/45dac08b-5ecd-4019-b6bb-a90c64c80ed9,marine-environmental-data-information-network
4e8c8a5a-f798-4090-af5c-26b01e890c2b,https://ckan.publishing.service.gov.uk/dataset/f5d751c1-feab-4603-9293-56da9e3105a3,marine-environmental-data-information-network
4ec13a7dce11040af9bd9f710047679b,https://ckan.publishing.service.gov.uk/dataset/3ce9ca6e-ce4d-433e-a2d8-392a8ee5fb81,marine-environmental-data-information-network
4ec30d4785067c6e274ed0647720e4ec,https://ckan.publishing.service.gov.uk/dataset/361a01a4-7960-4a98-a680-1c266ace3fc1,marine-environmental-data-information-network
4ee8a344-b0d9-473d-bfbf-2f51534957fc,https://ckan.publishing.service.gov.uk/dataset/4a22f152-5148-4d2a-bb74-8d849ce227e3,marine-environmental-data-information-network
4f0d076a-c796-47e4-a222-13674a7697af,https://ckan.publishing.service.gov.uk/dataset/cc978fac-5574-42fe-bec1-c48322c224ad,marine-environmental-data-information-network
4f7f57c4-c7c4-40ac-91d6-9e81867670e2,https://ckan.publishing.service.gov.uk/dataset/6fc54119-3c6f-440b-af50-2603f18e5b10,marine-environmental-data-information-network
4f99ddf45c5a8af58d8aacaee130aaf0,https://ckan.publishing.service.gov.uk/dataset/5b88e77f-a62b-491e-97cf-71c516ea11e6,marine-environmental-data-information-network
4fb52c39-0d53-48ea-918f-bcae5f0a6fa8,https://ckan.publishing.service.gov.uk/dataset/f14b83ea-9af3-4bfb-989c-555052e6cbe7,marine-environmental-data-information-network
4fd16bfab6fffa9e4260c3406620a870,https://ckan.publishing.service.gov.uk/dataset/042026a5-5c08-46fc-8a92-0796dd216db0,marine-environmental-data-information-network
500f520c706b2133e1d04bf3cdafc0b9,https://ckan.publishing.service.gov.uk/dataset/ebb39282-0bfc-46b7-a91d-fb6b7dde8386,marine-environmental-data-information-network
502d4ca219b76f8635135e4e5d72a5b8,https://ckan.publishing.service.gov.uk/dataset/ac81f46b-d33b-4400-8542-199d67b36627,marine-environmental-data-information-network
50a9b359-46a2-4023-bf8f-afb77529438f,https://ckan.publishing.service.gov.uk/dataset/aa3605b7-0fff-452e-9be4-6c3456a3b60a,marine-environmental-data-information-network
50aa1f9901937de4899dfac3cf34d53e,https://ckan.publishing.service.gov.uk/dataset/c8814f68-0d86-4cbd-9e1d-5b71b5bce21c,marine-environmental-data-information-network
50c227e844f5647bb787bc6608b5fbee,https://ckan.publishing.service.gov.uk/dataset/95776b95-aebc-488d-bb37-ccc542c82d3a,marine-environmental-data-information-network
50fc2247df800d2312a6d3809d327466,https://ckan.publishing.service.gov.uk/dataset/b36b6a74-3784-44a5-be0c-a8a730eebbba,marine-environmental-data-information-network
5140d24f9d78d2750acaa83753832b0a,https://ckan.publishing.service.gov.uk/dataset/a9f91c86-6ca2-4146-96a7-c13a4bc74a81,marine-environmental-data-information-network
51a2146304581ea33856d92ebe90542d,https://ckan.publishing.service.gov.uk/dataset/e9558555-fa98-41fb-8a1d-e684700cef76,marine-environmental-data-information-network
51e7f3e694f6cc3992fb9f45de895916,https://ckan.publishing.service.gov.uk/dataset/0971b4a8-25e0-4bf5-9b82-6ee8c28b6180,marine-environmental-data-information-network
51f623653b101753f0d92afce7faca6b,https://ckan.publishing.service.gov.uk/dataset/a8cbfc8e-f84c-4892-958c-25c27ad89b1b,marine-environmental-data-information-network
520deb51ee5b8ed4f8e1f143500b5ef0,https://ckan.publishing.service.gov.uk/dataset/06893bf3-0b6b-49a5-b6ae-3364396f8c2a,marine-environmental-data-information-network
5228835f4cb8473f38cdd6540b387258,https://ckan.publishing.service.gov.uk/dataset/202f19e3-de64-4821-b88c-f23d195630b6,marine-environmental-data-information-network
523f1e94c36257909df22a40b22cdcbe,https://ckan.publishing.service.gov.uk/dataset/7f562ea6-42c7-453b-9e91-3043d3e012d8,marine-environmental-data-information-network
52482b23-2aed-440d-8690-d8b6531b0a29,https://ckan.publishing.service.gov.uk/dataset/5452678c-d94f-48dd-8557-bb22473186a4,marine-environmental-data-information-network
52a0ec95-1b48-4ec3-819b-9cde068da5c2,https://ckan.publishing.service.gov.uk/dataset/d1dd826f-58bc-4209-86d3-d85ec2595f8e,marine-environmental-data-information-network
52a4972e-b99c-461c-b2ed-db97aa82a886,https://ckan.publishing.service.gov.uk/dataset/14f43db7-472c-43cd-9d77-52c35259d7ab,marine-environmental-data-information-network
53152fc6-c47a-4610-a12e-d5cc486d14fd,https://ckan.publishing.service.gov.uk/dataset/c1023886-23ad-457e-b476-5e459dabc357,marine-environmental-data-information-network
536658bb59de4f5ad2d0a2627a414cbe,https://ckan.publishing.service.gov.uk/dataset/7c78df64-7ae2-4b40-bde7-0900bfff1df7,marine-environmental-data-information-network
5381a5c6-3b71-40e8-8b68-172b00ab5027,https://ckan.publishing.service.gov.uk/dataset/5e88aecc-6828-400f-a4e5-cf2e52fa712f,marine-environmental-data-information-network
53832a0b04991f3b30f45e1b61688c25,https://ckan.publishing.service.gov.uk/dataset/db3233af-93fb-4f08-b9ed-9ac17257bdb3,marine-environmental-data-information-network
53941509-f13b-4af2-88ab-e5a736d5753e,https://ckan.publishing.service.gov.uk/dataset/317719c4-8d39-44d1-b009-c18dc1a3d7fa,marine-environmental-data-information-network
53bb909b-bf27-49f6-89a1-ac41fed06bc8,https://ckan.publishing.service.gov.uk/dataset/f589bc7f-edc3-4cda-80be-a574a5dd53d7,marine-environmental-data-information-network
53d67d85-7c2d-467c-a556-a6ea1a6d56b4,https://ckan.publishing.service.gov.uk/dataset/d72c5043-f38d-44e1-ba40-a3f6b92a0e47,marine-environmental-data-information-network
5427545b-bc92-477f-85aa-34ad87801d19,https://ckan.publishing.service.gov.uk/dataset/64a4c276-05d4-4736-9373-895d1bf7a8b4,marine-environmental-data-information-network
544d089c-cf1b-4eb2-b0a1-4b4c4a42b708,https://ckan.publishing.service.gov.uk/dataset/a7d78fea-4bca-4b6e-b6da-6a298550eca6,marine-environmental-data-information-network
5479eec366d6b1a8ce6b943fddd98908,https://ckan.publishing.service.gov.uk/dataset/2313b0b4-0f95-4d62-a9fc-39b8dc9be169,marine-environmental-data-information-network
5494e6a3ba6460c7be51b7a3a2f576c5,https://ckan.publishing.service.gov.uk/dataset/471a74b3-618c-4972-a699-69243b15ec90,marine-environmental-data-information-network
54b3ac92-a9f0-4a99-8a46-a8123e99ccdd,https://ckan.publishing.service.gov.uk/dataset/0c4e4c58-7a21-4001-8111-4956f5dc07d7,marine-environmental-data-information-network
5515ef68-2541-477e-9b7f-4d536ea7c33b,https://ckan.publishing.service.gov.uk/dataset/6567d5ad-05b6-4505-b5e1-92e3357f5b3d,marine-environmental-data-information-network
555838c76f0f2ee00684ee7f76458657,https://ckan.publishing.service.gov.uk/dataset/dd026a4d-7c44-4a60-9e96-b59abf28c952,marine-environmental-data-information-network
556a2d28-6a9a-4740-98f8-a331d3b335f9,https://ckan.publishing.service.gov.uk/dataset/f302732f-513b-4c7e-be41-89aa80d24b4c,marine-environmental-data-information-network
55730250c14ddbb66d331b3c69b53d17,https://ckan.publishing.service.gov.uk/dataset/c33393b9-2b71-4572-8e25-8b7b1a20f728,marine-environmental-data-information-network
55a9cc6a-bd80-4b3d-8859-2f3e26985d21,https://ckan.publishing.service.gov.uk/dataset/3ab3bded-7daf-454e-8b04-4458ca2d9f17,marine-environmental-data-information-network
55ececdd-deef-4840-ab37-58a9ca44436a,https://ckan.publishing.service.gov.uk/dataset/f25d4c1c-0ae3-409d-b673-84d15cbe549f,marine-environmental-data-information-network
55f06b54779d5d0c9756aa5f0ddebbc0,https://ckan.publishing.service.gov.uk/dataset/428c1b51-28fc-4067-94bb-267f40ea7a45,marine-environmental-data-information-network
55fbe4c9-bbc9-4398-9a69-8e037758cab8,https://ckan.publishing.service.gov.uk/dataset/20dead27-5902-4d02-8899-2e9fedd434af,marine-environmental-data-information-network
55ff7033-8545-4e1e-b7ac-ef5dd3024830,https://ckan.publishing.service.gov.uk/dataset/4f5d924c-942a-4de3-b19c-76a7921c6e1f,marine-environmental-data-information-network
562b2bc0219d593d49a5e4b74143c81b,https://ckan.publishing.service.gov.uk/dataset/5a171bf6-7d88-4586-8131-e0185c5ce9fd,marine-environmental-data-information-network
565f3929-5610-4c27-b1f3-66d7cbb4db09,https://ckan.publishing.service.gov.uk/dataset/cfeadcef-4f0a-47bc-973d-f6e9038c39c5,marine-environmental-data-information-network
566e7c81-4d3d-417b-aaef-bf6a7f7f64fd,https://ckan.publishing.service.gov.uk/dataset/660a21ac-b1cc-4e9f-ab42-d96fe86929b1,marine-environmental-data-information-network
568042a4d446640452db60af9a6d7a5b,https://ckan.publishing.service.gov.uk/dataset/fc5c021f-f20b-4c50-8ecc-24064bf72176,marine-environmental-data-information-network
56b06c9f-fe27-4bc8-8f03-8452755ac654,https://ckan.publishing.service.gov.uk/dataset/a8ff55ca-83fb-40ae-b609-f49a3013121e,marine-environmental-data-information-network
56b71ce0b341df264125e6deaa06c233,https://ckan.publishing.service.gov.uk/dataset/0b039ad2-51b3-4a67-9ebc-5abb4de07917,marine-environmental-data-information-network
56c941a2-6635-4b0a-bb46-8584ae0afb7e,https://ckan.publishing.service.gov.uk/dataset/ca772e6f-5eb8-42ec-9260-1426a3abf1b8,marine-environmental-data-information-network
5700b5ecdfb2a31f38d2e2eaa43eb9c8,https://ckan.publishing.service.gov.uk/dataset/64aca6b7-4a69-4c27-9f4f-b50f6c9da9b1,marine-environmental-data-information-network
5756fe4d6f7462f1c48debc58b6bffc0,https://ckan.publishing.service.gov.uk/dataset/07a5ddfc-27c7-49f5-944e-67765ad24d01,marine-environmental-data-information-network
5795e7992bc0d63e4f1e0023a33217f3,https://ckan.publishing.service.gov.uk/dataset/4a461ac8-e6bf-4104-8eb0-46feaac9bc6f,marine-environmental-data-information-network
57b8315ecb7beb3586f586f4d4599b23,https://ckan.publishing.service.gov.uk/dataset/a2165914-28db-4f06-bd5b-b7d0fc011ad8,marine-environmental-data-information-network
57ca9861db8d2123eeb2d87468acabe6,https://ckan.publishing.service.gov.uk/dataset/b58b4ea3-af46-48c2-bdea-c5d7849dd82a,marine-environmental-data-information-network
57d2946f19015b2e28da64e8da39f4a5,https://ckan.publishing.service.gov.uk/dataset/734f8835-755e-4b4e-b634-07485ffdaba6,marine-environmental-data-information-network
57e1215a7a8bb1b67e04448cb82d7db9,https://ckan.publishing.service.gov.uk/dataset/12ecb01f-5c26-4591-aa80-60f3587c39e0,marine-environmental-data-information-network
5820ab5ed20e077023925213ea9f4614,https://ckan.publishing.service.gov.uk/dataset/0ea772b6-4a5e-4604-84e2-843de822af26,marine-environmental-data-information-network
583ec891-c726-4bee-8b4a-da38ae0c4ed4,https://ckan.publishing.service.gov.uk/dataset/597a9a79-9db4-4716-983f-b271fb7ce374,marine-environmental-data-information-network
584d8e73-68f1-469d-9b86-16ba56fb48c0,https://ckan.publishing.service.gov.uk/dataset/d491f3c0-f039-47a0-bfe9-d19ab4df0244,marine-environmental-data-information-network
588e95f7396e12d884288f9ce4eafa58,https://ckan.publishing.service.gov.uk/dataset/f9d4d87a-66d9-4af3-b968-560e5f1e9705,marine-environmental-data-information-network
588f73493ef94f10a6a846ce8d3514c2,https://ckan.publishing.service.gov.uk/dataset/42420f7f-9030-45d9-8413-c86e664a2fe9,marine-environmental-data-information-network
58cb94e7a749eaaeda6c4d924b1cd88b,https://ckan.publishing.service.gov.uk/dataset/3bad1689-a702-461a-aa7b-e43f83b4e428,marine-environmental-data-information-network
590c8480a86e29c78cbc8f5818a4ac9c,https://ckan.publishing.service.gov.uk/dataset/2ee07622-5948-401a-8056-97ad370d7098,marine-environmental-data-information-network
59214881da7ea7c85083f00faa6386f8,https://ckan.publishing.service.gov.uk/dataset/6dcef62a-3a0f-4214-9403-f97aa28bc893,marine-environmental-data-information-network
592362c2-b09d-4fb5-ba3c-350d33d0b4fc,https://ckan.publishing.service.gov.uk/dataset/6066b409-49a4-4177-a4b9-1e03532d6d12,marine-environmental-data-information-network
5932c2e5-70e3-41f8-8aaa-15c4e9814725,https://ckan.publishing.service.gov.uk/dataset/bca9c830-8495-49e3-9a9a-73827121f49e,marine-environmental-data-information-network
5944850a-d171-4ac9-9966-360f9c6b0cd5,https://ckan.publishing.service.gov.uk/dataset/77b1942f-f2c9-4d10-b815-faa0e1ac2a71,marine-environmental-data-information-network
595ec347-8a07-4d5d-9821-4ec6d1c246fb,https://ckan.publishing.service.gov.uk/dataset/de041c2d-84b0-46ca-a23e-0fb8242e4c10,marine-environmental-data-information-network
599e0c73-db91-4358-b1ff-87fd25fa581c,https://ckan.publishing.service.gov.uk/dataset/34c585ee-95a0-499d-81f5-e2fe360b2d3a,marine-environmental-data-information-network
59b15f067a9056ee14ad3986f35d55db,https://ckan.publishing.service.gov.uk/dataset/7b80f4a7-41fa-44d9-a186-21e93c227124,marine-environmental-data-information-network
59c55960-8e85-4add-8be4-ab2a3c89a0cc,https://ckan.publishing.service.gov.uk/dataset/8449a3b3-81c1-42e0-962c-4f343c8eb260,marine-environmental-data-information-network
59db783b-7089-496d-bc9e-d01c3d8f026b,https://ckan.publishing.service.gov.uk/dataset/f2aeca8f-e605-433a-9347-62af3d09ee19,marine-environmental-data-information-network
59e066cf0bbdb59e5816a7671a06ec47,https://ckan.publishing.service.gov.uk/dataset/0b64d634-d3f7-4996-88e9-0df4f873fa9b,marine-environmental-data-information-network
59fcdc8a-8edb-4bb1-88f6-9d16cc92a53a,https://ckan.publishing.service.gov.uk/dataset/784bb526-e49e-4aaf-ad1d-145f6266beef,marine-environmental-data-information-network
5a07ceb1-a153-4ea9-ad1f-ff622112592f,https://ckan.publishing.service.gov.uk/dataset/cc95d09e-00ba-4063-844a-bf94aeeb0653,marine-environmental-data-information-network
5a6842afd0992462c94efbe7ec4dede7,https://ckan.publishing.service.gov.uk/dataset/afea3734-5f56-4a23-88c4-6c123c9b1c2b,marine-environmental-data-information-network
5abd6dfe-6761-4dda-b45c-b77a4b87bdd1,https://ckan.publishing.service.gov.uk/dataset/c02bab0f-b8d9-49ff-bd18-825ed7e71e77,marine-environmental-data-information-network
5acde7ff-8c20-43c4-a962-2d6c8b08f9fe,https://ckan.publishing.service.gov.uk/dataset/5118d77f-ed3f-4527-b0ed-37cadb391ba4,marine-environmental-data-information-network
5ad09ee80d018270d7ac0c05046c8a73,https://ckan.publishing.service.gov.uk/dataset/7045e9da-d48b-4bef-b2f3-6efb2f32c8e1,marine-environmental-data-information-network
5af208d9-a808-4d67-b730-25e1d7b7badb,https://ckan.publishing.service.gov.uk/dataset/258a077a-f24c-4fcb-8d37-91c1cc7853c5,marine-environmental-data-information-network
5b234a24e7aff97ad742a7741d4d6699,https://ckan.publishing.service.gov.uk/dataset/cb12bb07-752e-420b-b42d-e9d212a7590a,marine-environmental-data-information-network
5bc1b405-5147-4361-8d74-8d366bbc3299,https://ckan.publishing.service.gov.uk/dataset/b360fab4-6889-4668-9368-ece2e95675c4,marine-environmental-data-information-network
5bcddaf2-859a-410f-9566-1897b433ae96,https://ckan.publishing.service.gov.uk/dataset/413d7b1f-4d45-4cad-bf16-e7a88aeb63b6,marine-environmental-data-information-network
5bd3f59e-fb67-4095-bbae-327cfad8477c,https://ckan.publishing.service.gov.uk/dataset/daa1b24c-fdde-4d2e-bb1c-5d83c3ea922b,marine-environmental-data-information-network
5bdffa94-8721-43db-9d1c-560b2022c2d0,https://ckan.publishing.service.gov.uk/dataset/a458e8ea-18b3-4ed7-ae8c-d95b881f0f64,marine-environmental-data-information-network
5be13b67-111b-4443-bb99-b2e6eb216103,https://ckan.publishing.service.gov.uk/dataset/ff15f2a7-147e-4e90-985d-0a79ae084be3,marine-environmental-data-information-network
5c51c97a-f29d-4660-965b-3a5800f8cab2,https://ckan.publishing.service.gov.uk/dataset/e418f2d8-99b8-401d-a847-fecd73237b30,marine-environmental-data-information-network
5d44b797-6e11-4615-b510-2dcf75ce65cd,https://ckan.publishing.service.gov.uk/dataset/061dc092-0ad0-4493-be86-11894fae7172,marine-environmental-data-information-network
5dc8a0c6b007204367da80bae37064f3,https://ckan.publishing.service.gov.uk/dataset/5b927aac-7fba-4d48-bbfe-47f83b0bdde4,marine-environmental-data-information-network
5dcda8f0-3afe-4a55-b912-da1ea59f9e52,https://ckan.publishing.service.gov.uk/dataset/42c83558-2e82-4abb-baad-a4638c873f63,marine-environmental-data-information-network
5e3e02e25c182688aa67e0f945b55b45,https://ckan.publishing.service.gov.uk/dataset/d0496d01-9865-4984-b2cc-00e0b31789fc,marine-environmental-data-information-network
5e414676aeef769b31b07b9dea88b132,https://ckan.publishing.service.gov.uk/dataset/44b8fbfd-d598-4d10-bd27-b5fe937c13ca,marine-environmental-data-information-network
5e4c5539-1486-43ae-a778-ac161612f0d6,https://ckan.publishing.service.gov.uk/dataset/f2bdcb55-9270-48f3-9c8c-7dd602a9a196,marine-environmental-data-information-network
5e612d8bbcf00896f71bcd8a67fab180,https://ckan.publishing.service.gov.uk/dataset/fcbf48bb-2059-4057-a9e3-e0d21589b176,marine-environmental-data-information-network
5ebab494aee93d2e7a21bceff1910389,https://ckan.publishing.service.gov.uk/dataset/ab240b9e-fad9-4c55-bd37-a71beb9a4379,marine-environmental-data-information-network
5ece5b665f54b695af874c31464f83bf,https://ckan.publishing.service.gov.uk/dataset/f8912ffd-decf-4c10-b0d4-e3d1a027d01e,marine-environmental-data-information-network
5f2938b88c3f5ff0fb4ce2dff8d6de8f,https://ckan.publishing.service.gov.uk/dataset/ccc23070-e22f-42d9-9241-7f865195a07d,marine-environmental-data-information-network
5f5c911fae1197ed87f2ad65dba2ea11,https://ckan.publishing.service.gov.uk/dataset/3404a64e-e393-41ac-9cad-2018491f087f,marine-environmental-data-information-network
5f7df13c08e61d9c8457d89963c848cb,https://ckan.publishing.service.gov.uk/dataset/15b654dd-1227-4c6e-8b30-8fde957de1df,marine-environmental-data-information-network
5f81d290-3738-4637-aedb-0544c3e3974c,https://ckan.publishing.service.gov.uk/dataset/b1b6ead3-6024-4da2-aafa-fd21bd3171dd,marine-environmental-data-information-network
5f9a1884-16fc-4710-9e3f-23937b0523ed,https://ckan.publishing.service.gov.uk/dataset/b1844d90-1130-4f2e-b4e7-1dc3f9305484,marine-environmental-data-information-network
5faab293-18f6-442b-8ba6-5a2ba7502c47,https://ckan.publishing.service.gov.uk/dataset/eac67dce-0aee-4955-8f6e-0ea5544524c2,marine-environmental-data-information-network
606e48d1529fd9712209ae4889769edc,https://ckan.publishing.service.gov.uk/dataset/6cca96ab-3c09-4881-a0bc-c5d734f11151,marine-environmental-data-information-network
608583fba6cd5589512b3c077195d4cd,https://ckan.publishing.service.gov.uk/dataset/a8dd862f-76d1-44b8-aeb6-9be44730bc87,marine-environmental-data-information-network
608bc6ca345bc90847dd26245ddfe36b,https://ckan.publishing.service.gov.uk/dataset/e85585a8-ee2a-47f4-bdba-7d249aade720,marine-environmental-data-information-network
60a8373faccd0547200374397a269e7c,https://ckan.publishing.service.gov.uk/dataset/9c404361-fc11-48bd-9d7b-5ff486d940a5,marine-environmental-data-information-network
60d906a7-b079-43c5-b51e-cb837a44d930,https://ckan.publishing.service.gov.uk/dataset/32368ca7-dc12-4edc-8cf8-357cd18e7b8d,marine-environmental-data-information-network
60f9411cf60caf9e9bbe1b7b4b9bc875,https://ckan.publishing.service.gov.uk/dataset/4757452e-4b8c-45ce-bec4-1695b15782e9,marine-environmental-data-information-network
610e89419849db8409b25a680e346fee,https://ckan.publishing.service.gov.uk/dataset/c61c3e6b-aab8-43c6-86c2-e1759ce64259,marine-environmental-data-information-network
612cb706-c115-4c2a-8ee7-9578a5b1a5ba,https://ckan.publishing.service.gov.uk/dataset/74ef40e8-f3e6-4b0c-b2ea-954def6b0ce6,marine-environmental-data-information-network
6130efd27ff8b65525e29ecdb79586e4,https://ckan.publishing.service.gov.uk/dataset/bbf46280-6151-4d29-99d7-f2c952943ada,marine-environmental-data-information-network
616e034a58f85b419b93528a0105d2c6,https://ckan.publishing.service.gov.uk/dataset/c5cdae7e-73f9-413f-b3bf-fa69a343cf1c,marine-environmental-data-information-network
61844b97-b4a3-4897-86be-80b2ceb12d73,https://ckan.publishing.service.gov.uk/dataset/ecbfae2a-27b3-4647-9f8f-c4d9c5dba261,marine-environmental-data-information-network
618c514e80ea1060487342e8921c6796,https://ckan.publishing.service.gov.uk/dataset/5a848572-7266-48a1-ac3d-feb39aa4bc61,marine-environmental-data-information-network
61909cae-ed32-4ea6-bf1e-fc4b7d57c2a2,https://ckan.publishing.service.gov.uk/dataset/85f60f78-adc8-40ce-a193-6532f6c2a1a5,marine-environmental-data-information-network
61a03119cd482292a6379c0224750c15,https://ckan.publishing.service.gov.uk/dataset/0f112a3b-e723-4599-87c1-6e62608ce97e,marine-environmental-data-information-network
61a436a7a029309d2cfbdd6f593ba5d0,https://ckan.publishing.service.gov.uk/dataset/3a6bafb5-46c0-4ee7-9cbd-2c10335b5e51,marine-environmental-data-information-network
61beb2d9-c4f7-4f3b-aa92-e73adea1761a,https://ckan.publishing.service.gov.uk/dataset/4b19f5bd-da0e-465a-9990-df0f42293098,marine-environmental-data-information-network
6209358e-b2f3-44e1-812e-407995674390,https://ckan.publishing.service.gov.uk/dataset/4b82291e-9490-4529-aea8-18c3c6c9c035,marine-environmental-data-information-network
62750b50-0589-42a0-bbc8-13a04b1ed7c1,https://ckan.publishing.service.gov.uk/dataset/0929b72b-42e7-4586-9e10-98031735074b,marine-environmental-data-information-network
6290d7eb13d9c67ac56bfa41dd9b6371,https://ckan.publishing.service.gov.uk/dataset/3c69baa9-8e10-4b89-b244-1a1eb15a6bd0,marine-environmental-data-information-network
62c52e4a164b3c79d2c3dd746134661a,https://ckan.publishing.service.gov.uk/dataset/9edc72bd-1478-4fe4-a0a4-d27f8d863713,marine-environmental-data-information-network
62d1ca9b-00e7-40a2-bb90-cb263dc7d56e,https://ckan.publishing.service.gov.uk/dataset/a9f05a2c-6cbc-40da-ae3c-27eff4cd7642,marine-environmental-data-information-network
62e88f35-9f75-4f61-a21b-c70984beef4b,https://ckan.publishing.service.gov.uk/dataset/a52822d1-07b2-4208-b9a6-d6aa15076ae8,marine-environmental-data-information-network
631408f8e58e5c96b86bfaa21206950c,https://ckan.publishing.service.gov.uk/dataset/1f2fe78e-2eac-4ff3-8432-ee8f0fcbe087,marine-environmental-data-information-network
6344862e9bdd089f31f9a0077fde7c2f,https://ckan.publishing.service.gov.uk/dataset/f3bad532-5a54-4003-b48c-fb8b6171c659,marine-environmental-data-information-network
63ead5bc-790e-4fac-a299-611ee8f64ed2,https://ckan.publishing.service.gov.uk/dataset/69b2e43a-37c1-4622-bf1b-542cd4dcc0ee,marine-environmental-data-information-network
6404873baa0236be79839d408031b447,https://ckan.publishing.service.gov.uk/dataset/b38a1d98-77eb-4fb5-a01b-6ff30e61873c,marine-environmental-data-information-network
6411ef2a9ed12d5958ff5383159f3f9b,https://ckan.publishing.service.gov.uk/dataset/4172476a-76b6-4e95-8985-1d79d08cc00d,marine-environmental-data-information-network
64311c65-1014-4653-af9d-ebea059a2a96,https://ckan.publishing.service.gov.uk/dataset/0d8486b4-a729-4631-bb18-32e183a6e02d,marine-environmental-data-information-network
647971b6cc15559707f6701d99c0f50b,https://ckan.publishing.service.gov.uk/dataset/f61adbef-17fa-4a21-8639-15fe9d9b0ad0,marine-environmental-data-information-network
64c8493d6bd95d93b7e04fb868fd568e,https://ckan.publishing.service.gov.uk/dataset/c4e6c4f4-0791-4ee6-ab88-10d5b8adf093,marine-environmental-data-information-network
654b5c2f-1732-42a5-a62e-16b5e9128188,https://ckan.publishing.service.gov.uk/dataset/7ae80b42-cd42-456b-8e08-2c17c2a369e9,marine-environmental-data-information-network
654f49bf7267fc7afcbdc7aff59d3bdf,https://ckan.publishing.service.gov.uk/dataset/84aabe17-0161-4557-abc3-449c5f219a13,marine-environmental-data-information-network
655acca5d2855c239b21b45d035b3633,https://ckan.publishing.service.gov.uk/dataset/5b061146-1201-4814-922c-10d8353fee78,marine-environmental-data-information-network
6562f1cf-f9cb-476a-a2bd-540ab02d2674,https://ckan.publishing.service.gov.uk/dataset/d4619a35-0064-410e-93e2-cd408081c4dc,marine-environmental-data-information-network
658b4902-460f-45ab-923f-15fa4d55030e,https://ckan.publishing.service.gov.uk/dataset/9f05c1bf-e3b0-4a38-9ccb-7ef8721efe93,marine-environmental-data-information-network
65def24ac67255432ca9608af50a970b,https://ckan.publishing.service.gov.uk/dataset/470c01e7-20b2-4c19-a5dd-7defdd53bf38,marine-environmental-data-information-network
65f16d16-edc0-4df4-8aee-e10c79da0306,https://ckan.publishing.service.gov.uk/dataset/d5be1861-8ebf-4553-89a0-33aae78e273e,marine-environmental-data-information-network
66093e9add9abc2c1f06beb3d04907dc,https://ckan.publishing.service.gov.uk/dataset/75b2c615-5035-482f-afff-b2739ad42d56,marine-environmental-data-information-network
661bc4fe-3d47-4861-8152-8b06fe27b261,https://ckan.publishing.service.gov.uk/dataset/dfe13fe8-e7a6-46b7-8d0f-72cf88189f52,marine-environmental-data-information-network
662d8627-3269-41f6-8e3f-d886cabeab84,https://ckan.publishing.service.gov.uk/dataset/0ca76db8-120d-4081-a57a-6ae1b1f8fbff,marine-environmental-data-information-network
6649fead4aa3bfe158238f3ae942c593,https://ckan.publishing.service.gov.uk/dataset/9509fe04-4d11-4f63-a8cd-14c80bca7f88,marine-environmental-data-information-network
6669ebe127a1acfecebc1cd481338b88,https://ckan.publishing.service.gov.uk/dataset/c297f487-180c-4ca0-a1f7-ea68cbbbb47c,marine-environmental-data-information-network
668a9202b542d969179e82d1c916d5e2,https://ckan.publishing.service.gov.uk/dataset/443b02c2-c915-439b-bcf0-6306e03b7464,marine-environmental-data-information-network
6699709b-dc33-4bc3-bf51-f58cbf3d6a1b,https://ckan.publishing.service.gov.uk/dataset/1ca111e6-e6ab-4ff1-a378-7c1b1bcf1aca,marine-environmental-data-information-network
66b2a535-04ad-4f77-ad92-d6ed6f5f73b3,https://ckan.publishing.service.gov.uk/dataset/61bec345-037a-44d1-be48-6d3bfdf60cde,marine-environmental-data-information-network
66b38400-2450-4e8a-b0cb-ce127f9ba092,https://ckan.publishing.service.gov.uk/dataset/95ee3705-0592-48eb-9db1-11092ed05164,marine-environmental-data-information-network
673df15a-b5f2-4dae-a532-b707d0d6cc2c,https://ckan.publishing.service.gov.uk/dataset/edb5a671-16f1-43dc-afe1-50500ece0559,marine-environmental-data-information-network
6764413c-8935-4565-a441-4d73e14f91e7,https://ckan.publishing.service.gov.uk/dataset/b75cc4e0-4856-48b1-b3d7-86eb983bdbea,marine-environmental-data-information-network
678c7c1ecf9a2fe1e784c26bb1575152,https://ckan.publishing.service.gov.uk/dataset/7a10a151-4cb4-4990-950e-2cdc96f1e8cf,marine-environmental-data-information-network
67a052f2-264d-4b49-9522-b722d95170b4,https://ckan.publishing.service.gov.uk/dataset/136e3c14-47ac-4472-9c4c-176cb4427c85,marine-environmental-data-information-network
682c610b-cb9c-498b-afc7-6cc0e3bceec2,https://ckan.publishing.service.gov.uk/dataset/bf57503d-3c24-4d73-9bf4-92142030556c,marine-environmental-data-information-network
686fcbf6-e21d-4dc8-8d23-8d7b6a7c5528,https://ckan.publishing.service.gov.uk/dataset/1831d85f-7cf6-47c8-b33c-10ed437074ec,marine-environmental-data-information-network
687181ec-59fe-4e44-b067-4d242f212607,https://ckan.publishing.service.gov.uk/dataset/75f04466-8e89-4ad1-bfc1-b4e99e320347,marine-environmental-data-information-network
688a1f8de5e0da165fc5702644cae9c2,https://ckan.publishing.service.gov.uk/dataset/bf13e481-b2f4-4fa4-988c-4c2b0ab41d19,marine-environmental-data-information-network
690e2c5808e4a1d65dba49fc52e9f0b7,https://ckan.publishing.service.gov.uk/dataset/41a083d3-4066-4065-906a-c8966c508f31,marine-environmental-data-information-network
6977b73c5364ce4baf797a4c59f6d5ba,https://ckan.publishing.service.gov.uk/dataset/27c52e5d-91cd-4298-82e4-924775e2cf9d,marine-environmental-data-information-network
6990a11a-8c74-43e8-bfaa-a615f523ea52,https://ckan.publishing.service.gov.uk/dataset/4e8dfdc4-c3f3-4446-94d4-a5a463078046,marine-environmental-data-information-network
6a0b0514-3f44-48b0-96c6-1ae2c6b36bce,https://ckan.publishing.service.gov.uk/dataset/ca935d0b-f489-4c37-acdb-5229fb78dd43,marine-environmental-data-information-network
6a2f6093-8d70-4bd9-9aa2-7f21adf8fa8c,https://ckan.publishing.service.gov.uk/dataset/76a6de09-b3ba-4d3e-a5d0-cd252bb46953,marine-environmental-data-information-network
6a7ae196091dadb6e3d591712f19dbbc,https://ckan.publishing.service.gov.uk/dataset/e8d60423-24b7-44a2-b543-015853a1ddb5,marine-environmental-data-information-network
6a942629bff8a595c396a4cb3fb94ec6,https://ckan.publishing.service.gov.uk/dataset/99ea3668-eaec-4faf-b379-c4fb53afbda4,marine-environmental-data-information-network
6a9b19430cfb274ea38cd19b125d33ba,https://ckan.publishing.service.gov.uk/dataset/c87a02c4-81ba-461f-9da5-284e3b22e83a,marine-environmental-data-information-network
6aa35138f97081a89e8bdf75d0a3bb13,https://ckan.publishing.service.gov.uk/dataset/b25a10b2-a1e3-4274-9d9a-7352ba552e72,marine-environmental-data-information-network
6abc6408ad88364495e4a0451913a286,https://ckan.publishing.service.gov.uk/dataset/b8c784a9-5db7-434a-85f2-0bc1389b122e,marine-environmental-data-information-network
6ad85d69ac36e752bc1e1b94d6f48255,https://ckan.publishing.service.gov.uk/dataset/c1bdc3ba-572a-411e-97a9-0349a9a68442,marine-environmental-data-information-network
6aff3149f6267b5d389fd81b801ca1fc,https://ckan.publishing.service.gov.uk/dataset/6aa064bb-9105-4fa5-a359-cd8d10eb4177,marine-environmental-data-information-network
6b0300edc214ad14d6ff3a935573741f,https://ckan.publishing.service.gov.uk/dataset/7a7d1543-a49d-46ed-9d96-ba4b9a8bb069,marine-environmental-data-information-network
6b4605e23f26d32f4f5ba8e77dfac00a,https://ckan.publishing.service.gov.uk/dataset/3f6c2d15-10fa-47b4-acbe-1894f6f3f022,marine-environmental-data-information-network
6b9ed4e3c49a9afc8f1ff5f1309962e7,https://ckan.publishing.service.gov.uk/dataset/8b3f7f55-4752-4d7e-9631-d9de24c64ccc,marine-environmental-data-information-network
6bd10a94a6a31bd8bad0c4b35f725f6d,https://ckan.publishing.service.gov.uk/dataset/3d946366-2f9e-4368-af27-4f70c35645b9,marine-environmental-data-information-network
6bef6863-f210-4c6d-a5d9-fa5f34428c26,https://ckan.publishing.service.gov.uk/dataset/ba4a0572-39a8-420c-a4fc-a91d6cbbdc08,marine-environmental-data-information-network
6befe61e47a25785c7157b92e364eaa0,https://ckan.publishing.service.gov.uk/dataset/986f8891-9c46-4d64-9677-79cbbd980e6c,marine-environmental-data-information-network
6c0d5aa65f8bf7946fced9cc77bb635c,https://ckan.publishing.service.gov.uk/dataset/4a53ad3f-1f6d-4dad-9ae2-1bfef5eeaa13,marine-environmental-data-information-network
6c481a304f41698a7abe66d045f5f6a3,https://ckan.publishing.service.gov.uk/dataset/9cdbe167-3453-4e76-af62-d129353f0203,marine-environmental-data-information-network
6c899599-afd1-4b50-8e8a-0383e0886511,https://ckan.publishing.service.gov.uk/dataset/5f461763-4d0b-49d9-a201-b137fd49b7a1,marine-environmental-data-information-network
6d08dbd6d0940ed9bced9d1891854a74,https://ckan.publishing.service.gov.uk/dataset/871f9ec1-f9b0-4133-81bd-a69886d26c52,marine-environmental-data-information-network
6d76272d66dfd48ef776926afc3b691e,https://ckan.publishing.service.gov.uk/dataset/6d35a96b-e8b8-43d2-a1ca-1d1abc30e5a4,marine-environmental-data-information-network
6d88a6ee20fe1f4a0a1462ad6022005a,https://ckan.publishing.service.gov.uk/dataset/3688e594-509d-4cb6-bc5e-2be6cfea0eee,marine-environmental-data-information-network
6d8b03289fdf496b0fe4713c0f31f178,https://ckan.publishing.service.gov.uk/dataset/0935703d-5c1a-4ede-a655-16ede10e63f3,marine-environmental-data-information-network
6e1021ce-e187-4281-8da6-9c4d8a9ebd7e,https://ckan.publishing.service.gov.uk/dataset/adda4177-f22c-4ddf-b12b-48ee4dfef9dd,marine-environmental-data-information-network
6e1168fee5487712904cb5a43050fa7b,https://ckan.publishing.service.gov.uk/dataset/2af4921d-1caa-4273-9c22-e584142344b9,marine-environmental-data-information-network
6e1eaa16-d952-48e8-a0af-c163606a801a,https://ckan.publishing.service.gov.uk/dataset/629fbc2f-61ee-455d-b30d-cd811e1a40d6,marine-environmental-data-information-network
6e227ee2df6a44db076c192b86f18401,https://ckan.publishing.service.gov.uk/dataset/7baecd26-dc36-4a0b-80ab-85ec6c4ddad1,marine-environmental-data-information-network
6e5987cf-acc1-46b7-a733-d75b1e41c4cc,https://ckan.publishing.service.gov.uk/dataset/de2226e0-50a1-4985-952a-e25b3dce0e1d,marine-environmental-data-information-network
6e74445f-83e6-45e0-bf87-0b5f978d4b16,https://ckan.publishing.service.gov.uk/dataset/3dd6bc73-3155-4242-ae74-01d53640f71f,marine-environmental-data-information-network
6e7d61bf475d0d8bd9c9d8ba827e2784,https://ckan.publishing.service.gov.uk/dataset/5e460e96-14df-4f64-8fc6-1deb83f2bfcb,marine-environmental-data-information-network
6eb89ccad178a23e48df73df4b9a7dfe,https://ckan.publishing.service.gov.uk/dataset/85c255b4-513d-4b0a-9ac4-98bee55923c5,marine-environmental-data-information-network
6ebcd1962972493a55f0c290915e45b3,https://ckan.publishing.service.gov.uk/dataset/1bf46e83-d9f4-447a-8a89-0b1e2dedf250,marine-environmental-data-information-network
6eec20b3-b63f-41ba-8bd4-8b4bdf001aca,https://ckan.publishing.service.gov.uk/dataset/d452d71e-b788-46d8-8acf-ab2b1c990e90,marine-environmental-data-information-network
6ef6bac0-49ef-415c-b2b0-ac439a037fed,https://ckan.publishing.service.gov.uk/dataset/b57363d4-47c6-4f9b-a085-a5ca76404e0f,marine-environmental-data-information-network
6f0b29536d9d421873628a87457bd589,https://ckan.publishing.service.gov.uk/dataset/bcb02ae0-34d6-4cd3-9bff-dcb73fd66d61,marine-environmental-data-information-network
6f0f6d31-5d39-42a5-8d32-f78bc6223d71,https://ckan.publishing.service.gov.uk/dataset/808b5350-0dfc-492f-b75d-986d8195b183,marine-environmental-data-information-network
6f23acb42fc942ffa1c235cb733de09f,https://ckan.publishing.service.gov.uk/dataset/54cf3955-1cd7-4efc-9939-6bde36ea875e,marine-environmental-data-information-network
6f6f309d04cd00036fbd0ff1e1535500,https://ckan.publishing.service.gov.uk/dataset/c2f0cd6a-181a-4d3f-859f-e1cf554634cf,marine-environmental-data-information-network
6fa135be-1057-47ff-8ae2-e3329596896d,https://ckan.publishing.service.gov.uk/dataset/be9951c6-e4e8-45c5-a21b-f420a9db3c99,marine-environmental-data-information-network
6fe00f80de934fceef1cd468b6966a40,https://ckan.publishing.service.gov.uk/dataset/e07a391d-bc2f-4500-a566-5eafb5bbc3cb,marine-environmental-data-information-network
6fecdac88a5f015bfaef2ae0f99d7f9f,https://ckan.publishing.service.gov.uk/dataset/294f63f8-1cb0-4ff1-8aa0-3e204eca2e15,marine-environmental-data-information-network
70209945-0daf-41a1-8d4f-40fff508a4b9,https://ckan.publishing.service.gov.uk/dataset/159472a5-b3e7-4272-b914-a0ff732724b9,marine-environmental-data-information-network
70226714-11e5-4983-bd86-b2fbf5d4ea31,https://ckan.publishing.service.gov.uk/dataset/8506c127-5852-49c3-9498-9efe5eb80f84,marine-environmental-data-information-network
703b018cae3156e1a45e2f3c0690a272,https://ckan.publishing.service.gov.uk/dataset/f3058902-573d-49cc-aa52-3b841769e395,marine-environmental-data-information-network
70437712751636b7c0e06664a8292347,https://ckan.publishing.service.gov.uk/dataset/9d2c6154-717c-4bad-929a-22eff8750ba5,marine-environmental-data-information-network
70d432e0-a448-4ba7-a694-55d600e6ffd4,https://ckan.publishing.service.gov.uk/dataset/516f1ff4-0594-486a-ad05-ec6f62bfea06,marine-environmental-data-information-network
70db7ad06bb8bd33dbfa09157ba28137,https://ckan.publishing.service.gov.uk/dataset/b10de4a1-c883-40c7-8e49-39b388a4210e,marine-environmental-data-information-network
70f70f45-7d9a-4881-9d75-e2ba95870610,https://ckan.publishing.service.gov.uk/dataset/84658ada-b406-4326-ac1a-7c7e5341d511,marine-environmental-data-information-network
7115840c-562f-4904-9137-57459c662ef0,https://ckan.publishing.service.gov.uk/dataset/80a49385-9ebc-4dec-a788-4e93dc7b0a65,marine-environmental-data-information-network
7140b404-8c48-42d1-a4d0-063ca2f1d044,https://ckan.publishing.service.gov.uk/dataset/602d1b06-7991-4fd0-b3dd-454e6f94a675,marine-environmental-data-information-network
716f57ec-2c27-475e-ac0c-874f9ea9c77e,https://ckan.publishing.service.gov.uk/dataset/85f98890-8963-4fd9-9c0a-65cfa9c995d1,marine-environmental-data-information-network
71a02145fae5466afe757cd48b999ded,https://ckan.publishing.service.gov.uk/dataset/1e2d9761-244c-4271-8f59-21040346bf41,marine-environmental-data-information-network
71c45b8e-b478-4d68-82fe-569d045b221d,https://ckan.publishing.service.gov.uk/dataset/663af1e1-4093-4810-ba26-520d7631c458,marine-environmental-data-information-network
71d0addc-385f-4011-902f-fb676602813a,https://ckan.publishing.service.gov.uk/dataset/771e4aa5-6d13-4183-ae5c-d95688af684f,marine-environmental-data-information-network
71eacca9bb08dfb5ab39a9e023d257a3,https://ckan.publishing.service.gov.uk/dataset/dadae81f-dcc4-46fa-ab6d-aaa5c805cd52,marine-environmental-data-information-network
71f97bcde11ef373c131217f283c8ceb,https://ckan.publishing.service.gov.uk/dataset/46fcea84-999f-4278-af87-d46dca48f1fb,marine-environmental-data-information-network
7215995a212f8d91e7ca2b24e5a90206,https://ckan.publishing.service.gov.uk/dataset/ba4e888c-29af-4602-9bbd-7a0131a8d996,marine-environmental-data-information-network
725a043a-09d0-43b6-999f-2736b0134eae,https://ckan.publishing.service.gov.uk/dataset/93408715-df74-40a6-aedf-6a10b1dc9d38,marine-environmental-data-information-network
7287c50e-c240-4a98-a7c2-44524b78d5a4,https://ckan.publishing.service.gov.uk/dataset/ef9b8eb8-5d5c-45ff-8bbf-a2ad659d63cc,marine-environmental-data-information-network
728f46f3c128b6b7277b5e7f111fe7f3,https://ckan.publishing.service.gov.uk/dataset/44a7d441-7ce7-4965-b530-4642adec9a20,marine-environmental-data-information-network
7299233b-7979-4933-8c15-c7a66d0c5712,https://ckan.publishing.service.gov.uk/dataset/9932204b-c4f6-4df1-a253-522cce6bf994,marine-environmental-data-information-network
731c4185-58d9-4ad5-a99b-8a5ea315c69b,https://ckan.publishing.service.gov.uk/dataset/580a6512-56d0-4394-91a4-1449c187edd5,marine-environmental-data-information-network
735b27778bd8e607bac9b020125e6daf,https://ckan.publishing.service.gov.uk/dataset/bd9825f6-e26f-4f41-833c-b27a9be453d3,marine-environmental-data-information-network
735d6893-cb59-45dd-867e-f9e1c3198006,https://ckan.publishing.service.gov.uk/dataset/364b6cf0-c30a-4cbe-84e3-e85b84d7ee7b,marine-environmental-data-information-network
735d85a60c4c60e8d1cb69f352cdded1,https://ckan.publishing.service.gov.uk/dataset/2b827dd1-e686-4f20-ab62-4999d8797089,marine-environmental-data-information-network
735d8ddd-22a5-4975-8bc7-782b8614fc05,https://ckan.publishing.service.gov.uk/dataset/87a60833-57ab-4a0b-9249-1a75a58d6e06,marine-environmental-data-information-network
735e564b-10b9-426f-911f-dce2ea55aff2,https://ckan.publishing.service.gov.uk/dataset/9c0d023f-d17a-42c8-adeb-9b475b83bdc0,marine-environmental-data-information-network
7382bcb5-c02d-47bd-92c1-1a3bfa92fb97,https://ckan.publishing.service.gov.uk/dataset/b7837a6d-c046-421e-8bd2-669c170c9003,marine-environmental-data-information-network
74356e0cb2c3197cd37b40fa3572326d,https://ckan.publishing.service.gov.uk/dataset/b5fcd63b-5af5-4110-a647-0b54768926db,marine-environmental-data-information-network
752f87721f421608bb9bc4667ced5bff,https://ckan.publishing.service.gov.uk/dataset/2a419ab5-5733-4044-a4e4-2fcfe4bcaba1,marine-environmental-data-information-network
75a37d6b682a00c471689a457cd323c9,https://ckan.publishing.service.gov.uk/dataset/90726a1f-9a2a-4147-b70b-b52d7f1f9d5b,marine-environmental-data-information-network
75a630a17ed85cc684738182c8d12ad1,https://ckan.publishing.service.gov.uk/dataset/0b81c311-8866-4a34-b5e3-ef1898ae2180,marine-environmental-data-information-network
75f5e8d0-aa78-45c4-a1f3-272f0854d867,https://ckan.publishing.service.gov.uk/dataset/510bff78-eb21-4d06-a791-5124b4ca5e85,marine-environmental-data-information-network
762d3fb7-0e1b-4537-8024-e8a4ac052726,https://ckan.publishing.service.gov.uk/dataset/87b662a9-f41c-4b3d-b8e0-7a7088dcaa29,marine-environmental-data-information-network
7647b50a-1862-408f-88c1-9120527e9d08,https://ckan.publishing.service.gov.uk/dataset/30cabb24-b710-4e9a-a688-be4114f121e1,marine-environmental-data-information-network
76545b0c2f3b550239d5e68f64af7974,https://ckan.publishing.service.gov.uk/dataset/678211e7-a548-444a-ae50-c633268559ae,marine-environmental-data-information-network
7667c1e2-8021-49d2-8687-88f4cf38f503,https://ckan.publishing.service.gov.uk/dataset/db30d0f7-fceb-497b-8920-5a41698e27ac,marine-environmental-data-information-network
76695c654ffa0e5d5ce42c667148506c,https://ckan.publishing.service.gov.uk/dataset/7b110bc0-9048-44b9-b3f2-50b159b556a5,marine-environmental-data-information-network
7670aa45-6419-4891-9bc8-6290504d4a52,https://ckan.publishing.service.gov.uk/dataset/a54e1cd7-3bc8-4def-91a4-e07736cebad6,marine-environmental-data-information-network
76e739218c5051428a1d2839691361e2,https://ckan.publishing.service.gov.uk/dataset/bc860338-440b-4216-a2bb-06705fd5e18e,marine-environmental-data-information-network
76ef94a00e755b86af162f5e3c314d90,https://ckan.publishing.service.gov.uk/dataset/5cbd8cbd-f719-47b8-b197-1b2f60be8701,marine-environmental-data-information-network
772c8a0f-8dec-48ce-a440-290753495af7,https://ckan.publishing.service.gov.uk/dataset/b73361bd-5b77-4343-b2e2-5ffab346a97d,marine-environmental-data-information-network
773c3b6a-e93e-415c-85b2-3c304ff093c3,https://ckan.publishing.service.gov.uk/dataset/2bd4f9a6-55a5-4055-ba79-60aac2b67fda,marine-environmental-data-information-network
77a448d5551b4b8da6f9d11e931bcd7e,https://ckan.publishing.service.gov.uk/dataset/4307c4b9-c9ef-4d8a-bc95-219cc6a42360,marine-environmental-data-information-network
77d9b75eda139b7c71662a2fca1ea2d9,https://ckan.publishing.service.gov.uk/dataset/c2c68824-a033-4f1f-90a6-c35d629ba4bc,marine-environmental-data-information-network
77db0b2e19943ca0f0ff2234511cb947,https://ckan.publishing.service.gov.uk/dataset/3f42d5d4-e94f-4de0-9a28-67d93b057249,marine-environmental-data-information-network
77e3a66be4e92a1070988de40de8106c,https://ckan.publishing.service.gov.uk/dataset/bd79469a-8fc8-4381-9701-fb8d0466638c,marine-environmental-data-information-network
78213d8f9fa83c10cad5b9ed2cf9b1ca,https://ckan.publishing.service.gov.uk/dataset/66bf7176-620e-48b9-9fa4-97effaf38f14,marine-environmental-data-information-network
7824ba8cc3487aea5987410c83c9e362,https://ckan.publishing.service.gov.uk/dataset/5958fb4d-585e-4913-a9dc-3a7f60fb36a2,marine-environmental-data-information-network
782d4c4d-5b92-4f4f-ba40-eba8ccf76dbe,https://ckan.publishing.service.gov.uk/dataset/6732cc53-70b6-415e-8efe-0e95fcbef2b9,marine-environmental-data-information-network
783aad99-a777-4be0-beaf-4a8565158541,https://ckan.publishing.service.gov.uk/dataset/3be61679-a24a-4985-b5ad-4bc2b3b90e0e,marine-environmental-data-information-network
783cb720ebe7fc11f0f0f85769907d64,https://ckan.publishing.service.gov.uk/dataset/4be4e5ea-494b-4a64-a871-e1fdb310984d,marine-environmental-data-information-network
784c1d3a-2783-448e-aad6-a20782d3bf62,https://ckan.publishing.service.gov.uk/dataset/2a154c32-0c8a-432c-8378-1eec1f140ccc,marine-environmental-data-information-network
787d5dc68f40b8c8587b6e07806f3b07,https://ckan.publishing.service.gov.uk/dataset/68139bc7-6726-4d37-978f-ccc68ba21e10,marine-environmental-data-information-network
789106aa-4102-4c28-9c2a-5e526872e8e1,https://ckan.publishing.service.gov.uk/dataset/ab1b7949-067a-4cf6-9ea6-5fdff8cb9907,marine-environmental-data-information-network
7892add4-5d13-461b-839b-76b4a9ae6adc,https://ckan.publishing.service.gov.uk/dataset/991a2622-d097-4470-85d0-bfd3ff57e48c,marine-environmental-data-information-network
78d866c2ed1ed943fac83b1a53587e4e,https://ckan.publishing.service.gov.uk/dataset/90e06b0d-ad06-4411-82be-a49f233ff244,marine-environmental-data-information-network
7901d98e-785a-4ba2-b684-3804275279fd,https://ckan.publishing.service.gov.uk/dataset/17c3aea5-06f4-463f-9e70-f7c962e9d6dd,marine-environmental-data-information-network
7913842a-d133-428f-bc89-910112a9859b,https://ckan.publishing.service.gov.uk/dataset/b536b298-afd6-4322-a5b0-54e197d14649,marine-environmental-data-information-network
7945744dc5fb1e7de5b6fdb485270bf5,https://ckan.publishing.service.gov.uk/dataset/4693795f-822c-426d-ae4b-e1f60238fedb,marine-environmental-data-information-network
79a0868a05d8e125135a23526579c6a6,https://ckan.publishing.service.gov.uk/dataset/1f21b7dc-e92f-4702-9fea-87656b248f93,marine-environmental-data-information-network
79a0fecd-a181-4449-905f-4d7bf5e52ea9,https://ckan.publishing.service.gov.uk/dataset/0641ca34-cfe8-4958-8632-26815a8a2fa0,marine-environmental-data-information-network
7a4ec575-229f-496a-9cc2-6a593770b1ce,https://ckan.publishing.service.gov.uk/dataset/cab117c3-878e-4e17-bac3-205d98e32a91,marine-environmental-data-information-network
7a51561f42a11c4489fb746a6bdf5daa,https://ckan.publishing.service.gov.uk/dataset/bb4143a9-f547-4d0c-bcde-e7c6cc9d5cf4,marine-environmental-data-information-network
7aae6809dfa0f147efafd1a68bcf2488,https://ckan.publishing.service.gov.uk/dataset/74a4584b-adfc-44bf-b1a0-525f2b57274d,marine-environmental-data-information-network
7b0f4b68567ad3d88364363cbc1a47a5,https://ckan.publishing.service.gov.uk/dataset/dcfb7757-fa33-4378-be7f-6e0b79875cef,marine-environmental-data-information-network
7b15248f-efe1-4263-bece-03244c543ab9,https://ckan.publishing.service.gov.uk/dataset/14142d82-cb33-401c-afae-2e54efe63ce0,marine-environmental-data-information-network
7b230719-8bd8-434a-b599-2adadb39d8ae,https://ckan.publishing.service.gov.uk/dataset/b6f18f21-9703-4c88-8f45-de9cd7aecf06,marine-environmental-data-information-network
7b2794aad463e9619bc4d279d4c4bd0d,https://ckan.publishing.service.gov.uk/dataset/6b188d14-0a02-4a7f-bf1d-a81f5bca80b3,marine-environmental-data-information-network
7b3ee16dc2c95f64a1f75cee8a3a7d39,https://ckan.publishing.service.gov.uk/dataset/8151c4b2-a95c-47ea-85c4-76a7491fd965,marine-environmental-data-information-network
7b4bc8adaab4b85c7c6386929a29b7e1,https://ckan.publishing.service.gov.uk/dataset/562c8d65-6533-4534-b931-af45d9b80452,marine-environmental-data-information-network
7b8befdb0c911e4b7f2f986d8bf21ef8,https://ckan.publishing.service.gov.uk/dataset/e8c77a67-226e-4336-b36f-f4d5e2f4d1c2,marine-environmental-data-information-network
7ba3206a-5bf5-4c24-909b-5a860e5c1484,https://ckan.publishing.service.gov.uk/dataset/86e1dec3-ae2c-4412-8467-fdd284e9bc4a,marine-environmental-data-information-network
7bf8ce6dba87224767e0f588897bc562,https://ckan.publishing.service.gov.uk/dataset/e9c1a3b8-5b82-4a8a-9813-50585a3b5b94,marine-environmental-data-information-network
7c049ddc-45e6-4397-935c-625548ff53b7,https://ckan.publishing.service.gov.uk/dataset/3d0dcc6a-05e7-4ba1-ad68-af735f540e13,marine-environmental-data-information-network
7c455dde58bbc3a04691c56455bcf495,https://ckan.publishing.service.gov.uk/dataset/8a9e6284-c585-42bb-87fc-a540d5735bbb,marine-environmental-data-information-network
7c7956a875315f521a4b3d9769dbe5c7,https://ckan.publishing.service.gov.uk/dataset/40022c38-669e-4540-9d6b-8d9406f0fb78,marine-environmental-data-information-network
7c7c3986c976b29e5683d2e7751a3f36,https://ckan.publishing.service.gov.uk/dataset/0cec441b-315f-415a-b9f0-f531059c0adc,marine-environmental-data-information-network
7ca855f8-b868-4378-b58e-e40a4de209a3,https://ckan.publishing.service.gov.uk/dataset/ece4c646-7934-4f75-9db6-0abe050660c0,marine-environmental-data-information-network
7cab576d-6c5b-46e3-8436-a4e9b8454965,https://ckan.publishing.service.gov.uk/dataset/4181aa7a-b112-45e3-b33c-5ff34f10413d,marine-environmental-data-information-network
7d7ce8a8-6ca4-41c9-a85b-594d824db110,https://ckan.publishing.service.gov.uk/dataset/e922215c-5735-4cc4-913a-2b0debb1dfd2,marine-environmental-data-information-network
7dbaca0bf509cebdbdc42c45fee55aed,https://ckan.publishing.service.gov.uk/dataset/90c0d916-3f4d-4ab4-b01e-5c8aeee796d3,marine-environmental-data-information-network
7dc4d520-85ed-4437-a7e1-e5178d32ea92,https://ckan.publishing.service.gov.uk/dataset/f5a44124-d70a-414a-91cc-44cd46669f07,marine-environmental-data-information-network
7de075ba-41a8-4b58-a5aa-4bd8a9252174,https://ckan.publishing.service.gov.uk/dataset/8b7790f0-736e-4c31-a8b8-49f19a684e47,marine-environmental-data-information-network
7de6ada3c254e403dbb0492559645c6d,https://ckan.publishing.service.gov.uk/dataset/a9aa3731-0c3a-4819-b9f5-88e486d804da,marine-environmental-data-information-network
7e0eaae9-f5c6-4703-8fe5-b87d035ac1b4,https://ckan.publishing.service.gov.uk/dataset/66b4912c-b1a7-479b-afe4-e0341b31a7f2,marine-environmental-data-information-network
7e1818984fe4580d8acc26626adf7f95,https://ckan.publishing.service.gov.uk/dataset/b248c549-82ac-46fa-9801-c7a4fee23b8e,marine-environmental-data-information-network
7e3a6549-d06b-4ff7-9e45-90643d9d03a4,https://ckan.publishing.service.gov.uk/dataset/9a095d99-922e-4353-ad50-a4adb248197f,marine-environmental-data-information-network
7e5adebed60d29c458695d3b33f570eb,https://ckan.publishing.service.gov.uk/dataset/2d3e08d8-d607-433c-9cc1-8497ec30f054,marine-environmental-data-information-network
7e69a95defb35a89aee23e176a5b2fa0,https://ckan.publishing.service.gov.uk/dataset/0ab74a1c-050a-4620-a043-0a3ec48fdf1f,marine-environmental-data-information-network
7ec8f4064fe4b73d838ab56160721597,https://ckan.publishing.service.gov.uk/dataset/096609b7-8c46-44c9-b0dc-4b99e5299219,marine-environmental-data-information-network
7ed18a7904f09e75c625e705faf5d0d2,https://ckan.publishing.service.gov.uk/dataset/327c2221-ab7d-46a7-a3b5-ce584e9885c8,marine-environmental-data-information-network
7f01ceb087188bdcbe0aa4a9674feba8,https://ckan.publishing.service.gov.uk/dataset/5191464b-94cf-4f93-824f-401f2151b672,marine-environmental-data-information-network
7f1dae171158e36caa7bac340ebf1cc4,https://ckan.publishing.service.gov.uk/dataset/485de6bf-4178-4c9d-b598-079fa4e016f4,marine-environmental-data-information-network
7f323f9805eeef4edd80f44d081f1b04,https://ckan.publishing.service.gov.uk/dataset/11dfea49-d791-4d03-a8a5-31a2cf832ce6,marine-environmental-data-information-network
7f38d796-066e-4136-8cb9-76ce887bcdd3,https://ckan.publishing.service.gov.uk/dataset/1c92210f-8a5b-4815-9d45-a3943ed586f9,marine-environmental-data-information-network
7f6a0360-8ddc-46a5-bbf4-883ccdd47eec,https://ckan.publishing.service.gov.uk/dataset/6fe8c179-93a1-4882-be57-68f619434607,marine-environmental-data-information-network
7f9aaafb-5766-4a8f-901c-9ea37a2038bd,https://ckan.publishing.service.gov.uk/dataset/83028ca8-0895-4448-af4a-bf30ff1840e8,marine-environmental-data-information-network
7fbe405eada1f12b1f45f80d93c61da3,https://ckan.publishing.service.gov.uk/dataset/3c2356c5-4a86-4e5b-9c8f-1fd43c2417f4,marine-environmental-data-information-network
8017a643-e7dd-4a59-bbc3-30c66f0182e2,https://ckan.publishing.service.gov.uk/dataset/b4066598-90de-45aa-a451-4c3cbc192d18,marine-environmental-data-information-network
801b506620721fc579d1b575263fee1e,https://ckan.publishing.service.gov.uk/dataset/5d5aaf9b-c25a-4afa-b1a9-b93b0160a677,marine-environmental-data-information-network
8089a382-cae6-487f-8407-3a9b75119a00,https://ckan.publishing.service.gov.uk/dataset/a41bedd5-e722-45b0-ae89-1e8f84d29cbe,marine-environmental-data-information-network
815ecbf4af7e62e3fc2a507ae0bb848a,https://ckan.publishing.service.gov.uk/dataset/305fe9ed-b8c9-4d81-9af1-9a8f1d2d92e5,marine-environmental-data-information-network
817144d3-54c0-4cf1-9db4-d14b7848de70,https://ckan.publishing.service.gov.uk/dataset/264cd7e4-8a96-493a-8da5-cbacf4dc0995,marine-environmental-data-information-network
81af4f4d6a75a80a6eda4dfdcb305ea8,https://ckan.publishing.service.gov.uk/dataset/50b0b60c-30a8-4b14-b345-1124581d68a2,marine-environmental-data-information-network
81d899ba-8ebd-4b7d-907b-510bd43e2625,https://ckan.publishing.service.gov.uk/dataset/511ad3e9-00c5-43f4-aaaa-b3d060584a36,marine-environmental-data-information-network
81dbd59dd11307656addde12613dd4c3,https://ckan.publishing.service.gov.uk/dataset/55a777fc-9e4c-427c-8dc7-383a3f1ebd72,marine-environmental-data-information-network
81e4c35004f4e33dff5570fd000a973f,https://ckan.publishing.service.gov.uk/dataset/5805703c-6a09-47d7-b6bf-28a463d0e2a5,marine-environmental-data-information-network
81efb630f603a8de7efaa44e97d956a9,https://ckan.publishing.service.gov.uk/dataset/e1d1f0c5-5201-47ee-b16d-32164ea787ac,marine-environmental-data-information-network
821211c1-b388-4553-a289-a98e747f9a96,https://ckan.publishing.service.gov.uk/dataset/afcfadce-a26e-43c0-9f17-60af3049af3b,marine-environmental-data-information-network
826aae002940825cd3b4e856f57b0731,https://ckan.publishing.service.gov.uk/dataset/1615c6d9-466a-4d41-956b-f7460854223b,marine-environmental-data-information-network
828f7cb2-df66-45e1-b344-ac6228ecde45,https://ckan.publishing.service.gov.uk/dataset/dd00f194-7d62-4230-9d45-80a99b815d47,marine-environmental-data-information-network
8294ea2a-1a68-4a50-bb37-43ff96c6f03f,https://ckan.publishing.service.gov.uk/dataset/dee3543a-f212-497f-a497-b7fbee9ead21,marine-environmental-data-information-network
82b53dc7-28db-421e-be23-a2dbfd2ee22d,https://ckan.publishing.service.gov.uk/dataset/eb7e557e-9838-416c-b27d-cd47d38ce46e,marine-environmental-data-information-network
82b9c523e1945b82df6441dc8d4c4c59,https://ckan.publishing.service.gov.uk/dataset/397823fd-da77-4c4f-b459-b724c831efbd,marine-environmental-data-information-network
82d4b333197f9406abd7729729c2a46c,https://ckan.publishing.service.gov.uk/dataset/8f6e00fd-f442-4357-a450-6b7b2505f9b8,marine-environmental-data-information-network
82da49b86cc64388ef7e77c7e45f5c02,https://ckan.publishing.service.gov.uk/dataset/e9d4edc2-3976-4cc0-bf0c-9a3ce843e4fe,marine-environmental-data-information-network
83190f88-a008-47c1-8775-881437ea7300,https://ckan.publishing.service.gov.uk/dataset/8156fdbf-9079-43b9-bdc5-1ffd798ed408,marine-environmental-data-information-network
831fa9bbcd9d6bb3c6d8fca5400a10a1,https://ckan.publishing.service.gov.uk/dataset/be09ed0c-8070-42c6-92ed-55301dbf628d,marine-environmental-data-information-network
8342e237-a0d5-42ac-a80a-3fdee7b618ad,https://ckan.publishing.service.gov.uk/dataset/c5aa69cf-a072-4ebf-8cb8-f48defc3e204,marine-environmental-data-information-network
836ce812dab58212bc376c2131339bc1,https://ckan.publishing.service.gov.uk/dataset/e3de24b0-5020-44a3-9559-8ea831b92bdf,marine-environmental-data-information-network
836da33635dcf3f12e70f3e94e6e5b6a,https://ckan.publishing.service.gov.uk/dataset/db1f88d5-5552-499f-bfe5-c21acb525273,marine-environmental-data-information-network
83e25a27-2f4f-4045-9eab-cf7075a544a3,https://ckan.publishing.service.gov.uk/dataset/307fd644-7e04-4584-9da5-44a23b70b907,marine-environmental-data-information-network
83f16ff8-8ae8-47e1-a63c-c0f8ccb0fdd9,https://ckan.publishing.service.gov.uk/dataset/e1de267c-af8c-4e83-9d5f-fd6aa6879451,marine-environmental-data-information-network
840edda6-aa53-4fba-a8b7-96ba6d98a56d,https://ckan.publishing.service.gov.uk/dataset/2ad0ce44-71c0-4502-80a3-fea41f29d404,marine-environmental-data-information-network
8416963af577553472188bb726ce7f07,https://ckan.publishing.service.gov.uk/dataset/a4e5862f-f909-4079-9aa4-3878eb95d93e,marine-environmental-data-information-network
842856db-b8e2-47b6-8931-6c8fff2ce503,https://ckan.publishing.service.gov.uk/dataset/0dd70b21-3009-4807-b787-75694068ee5b,marine-environmental-data-information-network
8445e599-15e2-40ab-99b2-b9d2a2be6af7,https://ckan.publishing.service.gov.uk/dataset/4c4975d4-95f1-4160-acc5-f07abda7f195,marine-environmental-data-information-network
844eb3e7-792a-472d-8acf-4da9d58c3c53,https://ckan.publishing.service.gov.uk/dataset/c04e5792-1eb3-48fa-bb1a-11af2bf7cf84,marine-environmental-data-information-network
8453ae41-8c90-4c02-8ae0-8a80ff246dba,https://ckan.publishing.service.gov.uk/dataset/9c9b9954-feb5-4019-aba7-9d67b76936ab,marine-environmental-data-information-network
84823595-8520-432f-bb80-90565ff41cc0,https://ckan.publishing.service.gov.uk/dataset/4e17b6c6-7170-43e3-9c26-fe2707437bbb,marine-environmental-data-information-network
849864aa03b3e04545f0ce7f87d7e92b,https://ckan.publishing.service.gov.uk/dataset/7ac8bd5d-62d9-448d-8a43-a710fe7d314e,marine-environmental-data-information-network
84aebcce-71f0-4698-b07d-ab4c6856f5b5,https://ckan.publishing.service.gov.uk/dataset/5be28c32-003d-49c5-a594-62881b5beff3,marine-environmental-data-information-network
84c9b286311ec68c7d3021779a2b2f73,https://ckan.publishing.service.gov.uk/dataset/a04be54b-ea72-49aa-867e-2136f6f17d97,marine-environmental-data-information-network
84cc20fd-02a1-4d3b-89d7-c9a0d33faff5,https://ckan.publishing.service.gov.uk/dataset/392c976f-5d5d-44ce-9010-22804953e40e,marine-environmental-data-information-network
84eb0fe53eb1ee2a5e70635be1cb595f,https://ckan.publishing.service.gov.uk/dataset/ba494d24-6dcd-436b-b657-41ce55cd242e,marine-environmental-data-information-network
855d72e1-5b39-4897-8153-ead5ed7d8cb1,https://ckan.publishing.service.gov.uk/dataset/af27691d-f365-493f-a05b-5baca6fdb47f,marine-environmental-data-information-network
85654a10-4e38-4768-b81e-117ff4700b9c,https://ckan.publishing.service.gov.uk/dataset/123c393c-2c17-46d9-8b7f-a8edb511c911,marine-environmental-data-information-network
857b3cc7c9647931d4837524162a19cf,https://ckan.publishing.service.gov.uk/dataset/61904ee5-61b4-49f7-b986-41eabe015da7,marine-environmental-data-information-network
8594936bb04b2d505267069f5cb4b471,https://ckan.publishing.service.gov.uk/dataset/217baee8-87cc-4191-8bbf-5a0ea0c551e7,marine-environmental-data-information-network
859e359a286951dbe18efc876204b3b4,https://ckan.publishing.service.gov.uk/dataset/44f3c656-7c4e-4007-a35b-6952b1c1712e,marine-environmental-data-information-network
85b5bade7be167b22162eb8185a7c724,https://ckan.publishing.service.gov.uk/dataset/8e81435a-db62-46fc-8058-1c9161ade90a,marine-environmental-data-information-network
85c5bb5fd4d4804bf4a39bc7903a180c,https://ckan.publishing.service.gov.uk/dataset/d2b01710-fa6d-476f-b52e-95c9764b35d7,marine-environmental-data-information-network
86026eb7-5f92-45a8-9284-0a846d2da0f4,https://ckan.publishing.service.gov.uk/dataset/253a74ea-b81f-4fbf-b902-d1ac5a3135a8,marine-environmental-data-information-network
8609e4da76f71232e3225b2113bd44f1,https://ckan.publishing.service.gov.uk/dataset/d34162d9-6918-44c1-ad61-cec654a770fb,marine-environmental-data-information-network
860fe084-80b7-433b-9483-da22a2f6f991,https://ckan.publishing.service.gov.uk/dataset/b2f62d5c-adf0-44e2-915a-eb461f0b1cc9,marine-environmental-data-information-network
8615967b6a90d1490f8409d18ff2d853,https://ckan.publishing.service.gov.uk/dataset/5df26edf-28ce-453e-9406-7f264b0baa21,marine-environmental-data-information-network
867f5702dcf45a42c00558815b65af50,https://ckan.publishing.service.gov.uk/dataset/12ddb9d9-7204-4b39-86c7-4f0a2840d027,marine-environmental-data-information-network
869cb1cb-863a-42d6-9b45-58e922930fab,https://ckan.publishing.service.gov.uk/dataset/ac539023-c7e0-4b06-a8ed-487d19dd3a40,marine-environmental-data-information-network
86a29527e712a97b2ccfb671431ebaf8,https://ckan.publishing.service.gov.uk/dataset/75e7aaa3-03a3-4b81-a9e1-427c9abc4c51,marine-environmental-data-information-network
86f99529-7665-44ac-a732-a334ede30b05,https://ckan.publishing.service.gov.uk/dataset/d6c2d28c-ebd4-4ee3-aa0b-734c0d53027b,marine-environmental-data-information-network
870be17d-6c4c-4318-8bd8-efe097883adc,https://ckan.publishing.service.gov.uk/dataset/50411671-5889-4e07-9e39-8fe3574f6974,marine-environmental-data-information-network
870fd71330c5450403c1e420d7c8b067,https://ckan.publishing.service.gov.uk/dataset/3bcd4ea0-9c13-427e-b8b1-1adb40235046,marine-environmental-data-information-network
8739e3a00352289ad4f72f24e1f46872,https://ckan.publishing.service.gov.uk/dataset/a94eddcf-60a1-4446-ac23-0f7f6f097a1f,marine-environmental-data-information-network
874ae6ac-6d88-4da5-b53f-41f6c387ce42,https://ckan.publishing.service.gov.uk/dataset/e089b7c0-40cd-4ac5-98a6-beb9b834ad87,marine-environmental-data-information-network
875a47c35a0ef0f6db8a5472f46f7287,https://ckan.publishing.service.gov.uk/dataset/20312b4e-c292-4d92-b8ff-f7de2d4b32ed,marine-environmental-data-information-network
875e13b8841cc6a5a33e0c58447b76fe,https://ckan.publishing.service.gov.uk/dataset/f245c52b-3d39-4fee-a387-645982b81e54,marine-environmental-data-information-network
87648389ac204d849eb6638ad3934b52,https://ckan.publishing.service.gov.uk/dataset/0b03feae-380b-425c-a6fd-5b6cc1f83557,marine-environmental-data-information-network
876ae55bcfde22331dbf2b74509de5cc,https://ckan.publishing.service.gov.uk/dataset/4807c62a-1a8c-46bf-ad27-b6c0606dfdd4,marine-environmental-data-information-network
8793b7e57f4af1e26b776c0ee1ee38da,https://ckan.publishing.service.gov.uk/dataset/9ba854a1-d88e-478a-b002-658b52c86fa1,marine-environmental-data-information-network
87c3f58f-e753-4a6e-ba83-43a914dcfd35,https://ckan.publishing.service.gov.uk/dataset/62dea7d3-edf4-4330-bf86-0acd71153b99,marine-environmental-data-information-network
87de60e1-99d0-4cc3-8e40-c51b7ac4fade,https://ckan.publishing.service.gov.uk/dataset/2de2619e-d087-49a3-ac60-09c97c7c2f0c,marine-environmental-data-information-network
87e6aa7d-df88-45d5-8031-3e36daeb8947,https://ckan.publishing.service.gov.uk/dataset/0d8d5021-8791-45d2-98a9-9dbf0138c704,marine-environmental-data-information-network
883fb3878d8e01a0e170de6f2e2f7bd4,https://ckan.publishing.service.gov.uk/dataset/03839bc3-fe2b-4bd1-8592-616cd20ed84d,marine-environmental-data-information-network
885be58729d42b838c6a1d00adbab48d,https://ckan.publishing.service.gov.uk/dataset/c24b524e-0188-4b49-bcaf-e31996fbb64a,marine-environmental-data-information-network
888f9708-2cb7-4564-b2c6-7befaf9d09ab,https://ckan.publishing.service.gov.uk/dataset/521823de-27ac-48cb-87da-c78c1df9bcc0,marine-environmental-data-information-network
88917f7a-df70-4e9c-ba6a-5b41b23b75f6,https://ckan.publishing.service.gov.uk/dataset/9d633279-d762-4bb0-8a6b-3a9b4690ff02,marine-environmental-data-information-network
88db80c6-f51c-4818-a7f2-186aaf460c4b,https://ckan.publishing.service.gov.uk/dataset/28436c53-859a-493c-9516-33deecf30372,marine-environmental-data-information-network
88ee83f27e054cdf5c464ee8053b5a39,https://ckan.publishing.service.gov.uk/dataset/e9923ece-f535-4c42-a1af-7a9d497462ac,marine-environmental-data-information-network
89786a44-8cf9-4963-8202-8bd2e6deb23b,https://ckan.publishing.service.gov.uk/dataset/e714322f-6825-4285-b145-7a5b472e0a62,marine-environmental-data-information-network
89b11510-78db-4137-a520-239b76297220,https://ckan.publishing.service.gov.uk/dataset/e01b9722-49de-41bc-b604-8a937b728fc3,marine-environmental-data-information-network
89bdae1a90a801306a9fc24ff591fd00,https://ckan.publishing.service.gov.uk/dataset/92815c57-c638-4a9a-b748-ed963521f651,marine-environmental-data-information-network
89dac0f8-6ad3-469c-b328-4800072dcfcd,https://ckan.publishing.service.gov.uk/dataset/9555f667-87ed-4975-b070-ec9bf84f5fed,marine-environmental-data-information-network
89e4a664-17dd-4b94-9ef4-bfa2008bf605,https://ckan.publishing.service.gov.uk/dataset/4c47b8c0-c123-46b2-ac2a-afcb5ea12c3a,marine-environmental-data-information-network
89f3d8f8-3844-4861-b1a2-e779f41ec12e,https://ckan.publishing.service.gov.uk/dataset/177344a9-afc9-467b-ab03-68863b090bf2,marine-environmental-data-information-network
8a49f8180b921c8dab6b6252d02c4b31,https://ckan.publishing.service.gov.uk/dataset/04bfe185-8f46-417c-b7d5-d544e2dd9c43,marine-environmental-data-information-network
8a7669226063108b9de97aa7b3a1867c,https://ckan.publishing.service.gov.uk/dataset/d0b0aee4-5f38-40d4-b2f6-bb5be6ed1751,marine-environmental-data-information-network
8a8ce6568e0c492b3179ba1fbc4b5196,https://ckan.publishing.service.gov.uk/dataset/c6f8e325-b2b6-467b-94b8-c33674807981,marine-environmental-data-information-network
8aadadd4cefe44541bd66c999a53dad8,https://ckan.publishing.service.gov.uk/dataset/f8b7a585-95b9-4ffe-9822-a8fe2475abaf,marine-environmental-data-information-network
8b027beca9f43cb7067d9f4c52138a2f,https://ckan.publishing.service.gov.uk/dataset/d8bf7e45-fa11-457b-9aa0-7dca1ff2c74e,marine-environmental-data-information-network
8b0699a29001d39819550148685330b7,https://ckan.publishing.service.gov.uk/dataset/188bb6d3-1c17-499a-9580-9e57cd0eb1c3,marine-environmental-data-information-network
8b8ab367-43a5-4c49-81b8-cd50bd25b7d4,https://ckan.publishing.service.gov.uk/dataset/c6c4ffdb-d25f-4107-b162-3dc80562818a,marine-environmental-data-information-network
8bfc2575-924d-40a6-af12-297dcc69cd1e,https://ckan.publishing.service.gov.uk/dataset/24c09a94-dc7b-428a-99b7-7f4335954aca,marine-environmental-data-information-network
8bfd1082-6451-4155-bd2d-5570bcd5f098,https://ckan.publishing.service.gov.uk/dataset/f9312223-1f42-464f-a89d-2db12a1136c4,marine-environmental-data-information-network
8c08ac6a031958ebac9b28b63069aba0,https://ckan.publishing.service.gov.uk/dataset/454e6bd7-c7ee-4491-b927-eb3ca671262a,marine-environmental-data-information-network
8c0df590-2a9f-469e-a6c2-6759efce8c63,https://ckan.publishing.service.gov.uk/dataset/a8bf1207-8be3-4987-a609-3e41d376cc06,marine-environmental-data-information-network
8c2be1a8-7b00-4746-b91c-27975f337422,https://ckan.publishing.service.gov.uk/dataset/648e14b1-cb02-4b27-ab56-c246917e637a,marine-environmental-data-information-network
8c5abb41-e505-458b-a035-c33b0fa0e910,https://ckan.publishing.service.gov.uk/dataset/0e861d10-f743-471d-a688-ee5b8939b922,marine-environmental-data-information-network
8cab239c0feccc29178aa33778670089,https://ckan.publishing.service.gov.uk/dataset/1ec2803e-4c20-4cc2-971b-c950f802fc31,marine-environmental-data-information-network
8cd1e986-de59-402b-b1c4-3f743032d50e,https://ckan.publishing.service.gov.uk/dataset/f7713b59-25fd-45db-b9ec-a546d339cfdf,marine-environmental-data-information-network
8ce7818f-ba16-457a-a878-368cd3302299,https://ckan.publishing.service.gov.uk/dataset/cace2f85-dd06-47d7-b092-9b79f94c9449,marine-environmental-data-information-network
8cffd61dd71f2bd6ecedbb945d7c2987,https://ckan.publishing.service.gov.uk/dataset/cc3b7a6c-5814-443b-9fd2-c38ce017f25a,marine-environmental-data-information-network
8d43c2790b3058047fe59b56922f75d3,https://ckan.publishing.service.gov.uk/dataset/4fb829cb-1cac-482e-a8e1-a3311f40828c,marine-environmental-data-information-network
8d505f0ac5eee27a2ab38849a70fe017,https://ckan.publishing.service.gov.uk/dataset/6c85be5d-fa5a-48a3-9b5b-2321ff97e0dd,marine-environmental-data-information-network
8d590153-82a7-4904-b20d-43812761ec58,https://ckan.publishing.service.gov.uk/dataset/2855c1d3-6065-4941-a5d0-8b08a64fb5a5,marine-environmental-data-information-network
8d69da66-ba8d-481c-92c7-40e163ff8ce6,https://ckan.publishing.service.gov.uk/dataset/19f2f08b-9dd6-4095-b1c2-676eb2e3c96f,marine-environmental-data-information-network
8d6ca7f4f37548e3b8a1dcbd7780e30f,https://ckan.publishing.service.gov.uk/dataset/8b63cbd2-e46c-441a-8535-85eeb989ef78,marine-environmental-data-information-network
8d85b494-2aae-40bd-868d-20d2eac93d65,https://ckan.publishing.service.gov.uk/dataset/6da4e597-1be8-4914-892d-5804f50dc254,marine-environmental-data-information-network
8d8d6317-1e13-4800-a0fd-fc76feb6a4bd,https://ckan.publishing.service.gov.uk/dataset/31d2ce8b-40c1-4955-921d-101a1c6f691f,marine-environmental-data-information-network
8dc77b5ee376beec3e0da2b3705cfe46,https://ckan.publishing.service.gov.uk/dataset/696f3ff7-5d0c-4fd8-9a45-0c031c3aeeef,marine-environmental-data-information-network
8dcee8f7843e5743a8597c530a460cb0,https://ckan.publishing.service.gov.uk/dataset/0354da62-5dfb-4d92-9217-c9994ad75c99,marine-environmental-data-information-network
8dde5027-4928-4e3f-a7e4-6de0fc533b68,https://ckan.publishing.service.gov.uk/dataset/bcc41d7e-9cc6-4b4b-8f24-5dc7957f7688,marine-environmental-data-information-network
8e1cd44bf3134363837d47cf38c0ebf1,https://ckan.publishing.service.gov.uk/dataset/d6b011cc-4023-4733-af8c-de8bdb518826,marine-environmental-data-information-network
8e346c9a-4dac-4cf3-9e26-2788bee796d0,https://ckan.publishing.service.gov.uk/dataset/9a2a3d65-c26b-43b3-b6c0-1bfb11b94eb4,marine-environmental-data-information-network
8e474d34-a6fa-4366-9cbf-bbf835814500,https://ckan.publishing.service.gov.uk/dataset/5517b814-4013-403e-873d-cd9f3130a898,marine-environmental-data-information-network
8e67b673a198868d58f38d63b696d838,https://ckan.publishing.service.gov.uk/dataset/08ea2b89-3f6d-4ccb-bca8-bbc7c15355ef,marine-environmental-data-information-network
8e72631a2ff2617666cd59f01e94c803,https://ckan.publishing.service.gov.uk/dataset/bd37aaf3-ee5a-4681-8bd3-8f2e5c06ca3a,marine-environmental-data-information-network
8e833ea12f9aeb50b658119880472ecb,https://ckan.publishing.service.gov.uk/dataset/0ab2d5ab-dd01-4e50-b99a-9eded1634bb0,marine-environmental-data-information-network
8e90f107-73c7-4186-8013-ddc5cb807f55,https://ckan.publishing.service.gov.uk/dataset/832f6523-5f9c-43e3-8402-3bdd54ded945,marine-environmental-data-information-network
8ed2cb80-67a8-4610-bb56-562bafd625d4,https://ckan.publishing.service.gov.uk/dataset/3e3c2c86-150c-4fb3-ab79-5f098b45e5a0,marine-environmental-data-information-network
8eea3733-d39f-4676-8f4e-0f488f8e1952,https://ckan.publishing.service.gov.uk/dataset/7c9d94ae-7cf3-44a4-a11b-cf5ac6d0e54d,marine-environmental-data-information-network
8ef687ce-bb0b-4276-b9b3-24ac0fa147df,https://ckan.publishing.service.gov.uk/dataset/9c6c9b19-3795-449a-9fde-4feecb4518ea,marine-environmental-data-information-network
8ef7c618-7b06-41b0-99ec-c54bd39f2c70,https://ckan.publishing.service.gov.uk/dataset/ac9e648e-78f6-4841-9fff-5b400f6e71e7,marine-environmental-data-information-network
8f006219d83133c7b87f6e0369bc2ec1,https://ckan.publishing.service.gov.uk/dataset/1c0a4b83-622f-4ae4-a951-18f26e31601e,marine-environmental-data-information-network
8f0deb8e97c6803e0d5f49495d48fe4a,https://ckan.publishing.service.gov.uk/dataset/127fec11-38c4-4c44-8032-a27a61fd6042,marine-environmental-data-information-network
8f1661c93c779298280ddc467bc7c5fe,https://ckan.publishing.service.gov.uk/dataset/e8720ab7-56b5-4feb-a79c-ef091ef94748,marine-environmental-data-information-network
8f1de830dcd76ffec1a8a1920654dd73,https://ckan.publishing.service.gov.uk/dataset/a24438be-34fd-44b0-b1ae-0557228b0111,marine-environmental-data-information-network
8f39d837-5646-4fc7-99f2-930b85907da9,https://ckan.publishing.service.gov.uk/dataset/59a46e64-e738-48a8-ae00-c27831aa2ef2,marine-environmental-data-information-network
8f4c95f0-1799-4111-acec-d0fe76e0a322,https://ckan.publishing.service.gov.uk/dataset/e3395780-7f13-4db6-93c7-1887bf6c00ef,marine-environmental-data-information-network
8f984e90-d2cb-4b0b-92f2-e6c2752b6e68,https://ckan.publishing.service.gov.uk/dataset/84e2eeb9-99ab-4080-8620-7ed084e4029f,marine-environmental-data-information-network
8fe3c1233ef222a99f68dda0009d72f4,https://ckan.publishing.service.gov.uk/dataset/4787e2a0-12bb-4c4a-932c-7f30419fa139,marine-environmental-data-information-network
8feaa3d5ca3b6c9b8151c6e72ca709de,https://ckan.publishing.service.gov.uk/dataset/598c9b6b-890d-462f-960c-62de615dce27,marine-environmental-data-information-network
8ff499f8fa28b1e9652c34f45796fee3,https://ckan.publishing.service.gov.uk/dataset/8ccdcf19-96a1-4306-8c5a-cae2bc940e0d,marine-environmental-data-information-network
8fffbb3382f3321b74a7f52910cd10d4,https://ckan.publishing.service.gov.uk/dataset/6191b1c5-9a00-4851-99ca-16e2b840f74d,marine-environmental-data-information-network
9056cfe9-3ad9-4a3b-a4d8-0d46eebd528d,https://ckan.publishing.service.gov.uk/dataset/a3230f90-11ca-418d-94ed-0b86fafacbc3,marine-environmental-data-information-network
9067bf38-ee6f-406a-8d60-e4898be8d1e2,https://ckan.publishing.service.gov.uk/dataset/c9fa5bfd-98c7-42fa-8d5d-9de4e91cbf7d,marine-environmental-data-information-network
916db7299978772771f79b6cc0607b3c,https://ckan.publishing.service.gov.uk/dataset/fc1eb18c-e52e-42bd-956c-09a877882516,marine-environmental-data-information-network
91730509a5830e39c3e34c617808817c,https://ckan.publishing.service.gov.uk/dataset/46437a98-85d8-458f-9d97-6d7b6f9e233d,marine-environmental-data-information-network
91af76bff37269d80c37566304406153,https://ckan.publishing.service.gov.uk/dataset/7f54c519-dc52-4fe7-ad7f-fce4e220e0a3,marine-environmental-data-information-network
91af8abefe65ae4002645a7926afff45,https://ckan.publishing.service.gov.uk/dataset/fc5c561b-2c77-4443-b1e4-0348d3e74487,marine-environmental-data-information-network
91fb7271-cdd3-4f06-a06a-ebcb78429a7a,https://ckan.publishing.service.gov.uk/dataset/6e281669-d408-4cfe-96da-02e67726811a,marine-environmental-data-information-network
921704f375bf7be60faaabf6fcb86cd1,https://ckan.publishing.service.gov.uk/dataset/14452c3b-48c1-4a58-a694-828bd5ce423c,marine-environmental-data-information-network
9253ef44-1b8d-4bf4-bdea-7b3c371e0043,https://ckan.publishing.service.gov.uk/dataset/8e030462-f2a9-4c4c-abcd-b1712311531c,marine-environmental-data-information-network
9293f974-f398-4bd9-83af-c08214242cdb,https://ckan.publishing.service.gov.uk/dataset/2108aaac-4c32-46ca-a265-fa0320804faa,marine-environmental-data-information-network
92b1836a-d0ee-4550-94f9-0a2e2f849b64,https://ckan.publishing.service.gov.uk/dataset/fc21a352-f4df-4ff6-95fc-3cb17356c96f,marine-environmental-data-information-network
92b20103-a9a4-4180-b875-89481f3d3481,https://ckan.publishing.service.gov.uk/dataset/050a5c1e-76dc-4efc-a0a3-ea40dbeb4814,marine-environmental-data-information-network
92be72da9620dd570cd3277b741f0573,https://ckan.publishing.service.gov.uk/dataset/a6e91bec-ca25-4ee1-bb82-2d60158c95bf,marine-environmental-data-information-network
92db5654-406f-44e4-9468-923c4dc86a5e,https://ckan.publishing.service.gov.uk/dataset/6b8bba7f-ad6a-4d41-80f9-d66ec8432769,marine-environmental-data-information-network
92f02d5b-58e0-4c97-903a-c20912fd3a29,https://ckan.publishing.service.gov.uk/dataset/b5f53c12-e836-4ee8-9fd8-850739cd8f4a,marine-environmental-data-information-network
92f9347d70d55742bfadb8969965b8df,https://ckan.publishing.service.gov.uk/dataset/61199c4e-fe09-4e98-87cd-db2155de8db8,marine-environmental-data-information-network
930ea176-a04f-4a19-972d-d56bcddf997f,https://ckan.publishing.service.gov.uk/dataset/2acd1282-700c-4052-8a7f-562df7bfacf7,marine-environmental-data-information-network
938b7aafb7f3d7bbab6e4d6f917be693,https://ckan.publishing.service.gov.uk/dataset/5a171fca-24f2-4e0e-b966-5ed99b78042a,marine-environmental-data-information-network
9399dd40-8e63-4710-adfd-f863d926b457,https://ckan.publishing.service.gov.uk/dataset/64ed768b-40e4-4853-a313-3abe758cc3e5,marine-environmental-data-information-network
943d42dc6307d7cf81691cb449e33805,https://ckan.publishing.service.gov.uk/dataset/d7253dde-4879-43c2-bde8-02cfe98bf446,marine-environmental-data-information-network
945506ae-393b-4d09-adfa-27f9f3c41cd3,https://ckan.publishing.service.gov.uk/dataset/c2a4ad00-c712-4b90-904a-31070953aba5,marine-environmental-data-information-network
94b416f3b80e78a7739af2d8dc837d13,https://ckan.publishing.service.gov.uk/dataset/6f149900-23ca-4ef8-94b7-8a48ac35ad68,marine-environmental-data-information-network
94deeed2-5f25-4d26-8fef-0a0a8f832181,https://ckan.publishing.service.gov.uk/dataset/d6784d6b-8cb6-4776-9d87-db7f8a2b7731,marine-environmental-data-information-network
94ea0521a3404cd45ccf7b0840a21dbe,https://ckan.publishing.service.gov.uk/dataset/3d1fb84b-1293-4309-8a31-2abf5e090c67,marine-environmental-data-information-network
94f55a4b02aa504e8e2114c9f2d5e9ba,https://ckan.publishing.service.gov.uk/dataset/c3545eff-cca7-4064-9a0f-88a7dbf003a1,marine-environmental-data-information-network
950f2777-7015-4697-986e-3b91f135e0e5,https://ckan.publishing.service.gov.uk/dataset/2133ce96-9a45-44b1-b027-5216def56dea,marine-environmental-data-information-network
9534df4d58c4d91d5f0729237442ab02,https://ckan.publishing.service.gov.uk/dataset/84a34c72-5b48-43af-b4d6-75b4a69edabf,marine-environmental-data-information-network
95487246-647c-40c4-92f2-f93123e3feeb,https://ckan.publishing.service.gov.uk/dataset/c978e3fe-a901-47f8-9ecf-083f8e17921e,marine-environmental-data-information-network
955296fd-5ad4-4ee3-9871-ff87d7c67ab8,https://ckan.publishing.service.gov.uk/dataset/acd86219-e8ec-4413-beeb-69a2fde9087a,marine-environmental-data-information-network
95895185-20a6-492a-be66-47fd11ff13e9,https://ckan.publishing.service.gov.uk/dataset/7571f993-595d-4053-8abf-d31043c9353d,marine-environmental-data-information-network
960ff8f2-71b6-4316-bff6-b03a74b537a8,https://ckan.publishing.service.gov.uk/dataset/73c0461e-66cc-4f1d-8bf8-772ff668ffbc,marine-environmental-data-information-network
9613a235-12fc-433a-962d-9ed4c963744a,https://ckan.publishing.service.gov.uk/dataset/920bb541-f946-419b-91a3-904a083827e4,marine-environmental-data-information-network
96287cc08c593be3646f68c87183a22c,https://ckan.publishing.service.gov.uk/dataset/b8f63293-6a72-4805-9bf9-0735d7961217,marine-environmental-data-information-network
964ba5fdddcedbf02f64fa8afcf1b2ad,https://ckan.publishing.service.gov.uk/dataset/b20f1b3c-039c-4fec-8897-7f4d8387f023,marine-environmental-data-information-network
965ccf2a27ad3df8a2db557ee43806ae,https://ckan.publishing.service.gov.uk/dataset/1de3d8b0-2a7e-48cc-ac99-dd638462cb10,marine-environmental-data-information-network
968432cb89c1ec284360be366bf207e0,https://ckan.publishing.service.gov.uk/dataset/25511d7f-bcfb-4a5b-b66f-babc105bbe74,marine-environmental-data-information-network
9692f44aaf9f56628b18c94f029dcd5c,https://ckan.publishing.service.gov.uk/dataset/ff4bf6a7-e283-46ae-a906-d19db862eedf,marine-environmental-data-information-network
96a6b8d8-a9dd-4cce-9fed-7f1fd7204bf5,https://ckan.publishing.service.gov.uk/dataset/60e77966-cba3-4d0c-a479-9a9a78f7b932,marine-environmental-data-information-network
96a85466eb48036483ab9f57b3627c2d,https://ckan.publishing.service.gov.uk/dataset/c0832738-9e84-437c-9627-6477fe1e5ea7,marine-environmental-data-information-network
96cdd935-1f84-436b-8f74-e6b1d959ac58,https://ckan.publishing.service.gov.uk/dataset/cfafbec8-538c-49d6-a3be-2f2dd73c581e,marine-environmental-data-information-network
970899df41732184f7e6f3d8718bb062,https://ckan.publishing.service.gov.uk/dataset/7600e729-babd-430e-bc95-2a82ed26ad7d,marine-environmental-data-information-network
975dd9e7-7c16-40e8-886e-0f5e055af4a1,https://ckan.publishing.service.gov.uk/dataset/0ba84ff9-e5ff-4ac0-99d7-d21a15cfba40,marine-environmental-data-information-network
9788db86ee31875a5189c96ded9ad430,https://ckan.publishing.service.gov.uk/dataset/71b65944-3358-4dd4-8886-8825cf9c020d,marine-environmental-data-information-network
97c238b2-10ce-4e0c-8753-8d107a0a3cbb,https://ckan.publishing.service.gov.uk/dataset/717164ef-f2dd-48db-bc1c-fed58f960a88,marine-environmental-data-information-network
97f35945-3df4-42e1-a38a-6bf6502a0535,https://ckan.publishing.service.gov.uk/dataset/e324cb82-3442-46c4-8afc-61fd243386b2,marine-environmental-data-information-network
98062d941daaa3acb5b301b84db4963a,https://ckan.publishing.service.gov.uk/dataset/7c4594fc-c88b-4841-8d26-f5d252c16902,marine-environmental-data-information-network
984539a3053b908fcc797effa4a02443,https://ckan.publishing.service.gov.uk/dataset/fd6f1370-1599-49f9-a6b8-bca1b4f468b8,marine-environmental-data-information-network
9845a263-acfc-4f9c-87c2-1b42f1f8b820,https://ckan.publishing.service.gov.uk/dataset/2f36dfef-daf2-4389-84f4-0160f50b8bcb,marine-environmental-data-information-network
9851b2b6a6cc47dc82247b04cea0533a,https://ckan.publishing.service.gov.uk/dataset/42ab18ac-60b6-4453-b4da-0679cddecf73,marine-environmental-data-information-network
98722292-1bc5-4a8f-9853-394bb1a454b0,https://ckan.publishing.service.gov.uk/dataset/8f863e6a-0d02-47ec-a6c0-5e6cd94766d5,marine-environmental-data-information-network
988e2a91-66ec-449e-9b3d-eeff778b4e0b,https://ckan.publishing.service.gov.uk/dataset/781502f0-1d1a-4235-89a0-3c1f76509e43,marine-environmental-data-information-network
9896baa8382656f38c0915d89c88e98e,https://ckan.publishing.service.gov.uk/dataset/34d21793-145c-4eff-bf1e-03b932255a88,marine-environmental-data-information-network
989fb336-32c0-4e6e-aebf-7216ace4a8fa,https://ckan.publishing.service.gov.uk/dataset/91e12276-2f9d-44fa-885c-69a64a93ce6d,marine-environmental-data-information-network
98b341bb-3d39-4e99-9c14-0ba46454b2e6,https://ckan.publishing.service.gov.uk/dataset/506f32ff-239c-4eaf-a0e7-c821cb450975,marine-environmental-data-information-network
98b83cc1-4bd9-42c7-99d3-936fc5d10ccc,https://ckan.publishing.service.gov.uk/dataset/a0866333-a651-48df-b310-3733f01af9cf,marine-environmental-data-information-network
98bf7a291e72c49bd1017bf90a0718ac,https://ckan.publishing.service.gov.uk/dataset/a6711004-01e0-4066-8a0b-f8d770c4cdb6,marine-environmental-data-information-network
98d7942f-9054-4fda-9409-8e52ae2ba292,https://ckan.publishing.service.gov.uk/dataset/8a42984a-4ee3-443c-8821-1bb0c8b367a4,marine-environmental-data-information-network
993df4f0b5e33fbe9e9d745fbd019440,https://ckan.publishing.service.gov.uk/dataset/626248d0-6c10-4fcb-ba00-8073ee298d71,marine-environmental-data-information-network
9a545beb-d770-4584-b470-25d569efbb79,https://ckan.publishing.service.gov.uk/dataset/f8cb0bf7-d7d3-4cd1-bbc9-dd24d4d7e11b,marine-environmental-data-information-network
9a8a746c-45e8-4da3-b807-fd34fb805c33,https://ckan.publishing.service.gov.uk/dataset/04506446-1604-4a5c-b2d2-bba16b494c30,marine-environmental-data-information-network
9aa71bec-e8c9-4739-9ff3-a43fa7aa9ce4,https://ckan.publishing.service.gov.uk/dataset/1d19165d-a40e-4ada-93d7-258888b2565a,marine-environmental-data-information-network
9b0a217a-f793-471f-ba15-9c457b34bb88,https://ckan.publishing.service.gov.uk/dataset/549b665f-d9ba-4af3-a45a-68593bbd64ec,marine-environmental-data-information-network
9b40ec7e816b672e10676ddc978ab03d,https://ckan.publishing.service.gov.uk/dataset/9890a633-ecb6-4b8b-b254-252fc63d4188,marine-environmental-data-information-network
9b60e10b-4808-4023-8f98-14fadfcbf8ec,https://ckan.publishing.service.gov.uk/dataset/465e8c84-a8ec-454f-b50f-85ad21816473,marine-environmental-data-information-network
9b8e647f-f4b5-4aee-a87e-4accbb00f25f,https://ckan.publishing.service.gov.uk/dataset/fc808e94-dccc-4450-80e2-0cf869988102,marine-environmental-data-information-network
9bbaf20eca5f88244a76a3cad578597a,https://ckan.publishing.service.gov.uk/dataset/e924fbef-f905-440f-9cff-05762753a157,marine-environmental-data-information-network
9c1f2485b6d54f5cebd55054c19c001c,https://ckan.publishing.service.gov.uk/dataset/4bedb5f2-53a1-448c-ab56-0e72b9c4b4d5,marine-environmental-data-information-network
9c2f1f36e940060560e5098197dcff90,https://ckan.publishing.service.gov.uk/dataset/348ec0d8-f07e-4776-840b-b6424c8c19dc,marine-environmental-data-information-network
9c31373b117a1a23b190f953569f70cd,https://ckan.publishing.service.gov.uk/dataset/3cb3707b-9695-45b8-a850-416496b3d2ef,marine-environmental-data-information-network
9c76d3f6-2b56-459b-b7d1-ec6cfb34b96f,https://ckan.publishing.service.gov.uk/dataset/c6496382-c4b4-49e7-b973-f520839c70a4,marine-environmental-data-information-network
9c993e4d5d70dd2bb8a9c98968fce82a,https://ckan.publishing.service.gov.uk/dataset/e6f67c04-085a-4c1c-8028-ec99c95f733d,marine-environmental-data-information-network
9ca82986-64bb-4817-814c-102f82413c8d,https://ckan.publishing.service.gov.uk/dataset/0698b8dc-71ec-445c-912e-d4c5bfa2d998,marine-environmental-data-information-network
9d19fecba4d3c14cbeb643a062119838,https://ckan.publishing.service.gov.uk/dataset/602977d3-2332-4513-ba60-4ce8f9803f64,marine-environmental-data-information-network
9d2f4d12f33278ccb6875eb009c9c90f,https://ckan.publishing.service.gov.uk/dataset/dbc5d765-a843-43ac-8071-59ac8a0f5075,marine-environmental-data-information-network
9d4cb96450f3302fc7eeabbab70e7954,https://ckan.publishing.service.gov.uk/dataset/a3dd0101-519f-4193-85a0-60f855198dbc,marine-environmental-data-information-network
9d54e24c-8d67-4275-bf77-68c54db2e7f7,https://ckan.publishing.service.gov.uk/dataset/cd04a962-e843-4d9e-a551-8d805d35947f,marine-environmental-data-information-network
9d87c53d3dbb352fa73766b18d9c8420,https://ckan.publishing.service.gov.uk/dataset/0ce75a29-b1f2-4f04-8a08-b3e8bd2b0840,marine-environmental-data-information-network
9d92e1f583495dce87cf1536483e19ea,https://ckan.publishing.service.gov.uk/dataset/c77231ad-1ec5-4ac5-bc41-eefd5d43478c,marine-environmental-data-information-network
9d9d9ed57c599193d5bdcf10d629c556,https://ckan.publishing.service.gov.uk/dataset/427e0b97-9cc5-43b8-8867-14a6749a48c2,marine-environmental-data-information-network
9dc92b6bef38662e458e94d095ea8933,https://ckan.publishing.service.gov.uk/dataset/4fbb30d6-a668-48c9-8d97-831a269c3573,marine-environmental-data-information-network
9dd3a63dd7077b2823a1ac58b9f1934c,https://ckan.publishing.service.gov.uk/dataset/cca71358-6059-4029-bce9-adabd0cccbe2,marine-environmental-data-information-network
9dfaf85d6c3dfafd55000a6c18da6bc0,https://ckan.publishing.service.gov.uk/dataset/e35d7877-c7a8-4df2-adfa-d98062c069f1,marine-environmental-data-information-network
9e127be4-d478-4d55-9f1b-63334c3c6297,https://ckan.publishing.service.gov.uk/dataset/55299c84-d15f-486d-b0e7-779bc723f8b8,marine-environmental-data-information-network
9e3e3a86f3b6f3084b2a2738fba8bb30,https://ckan.publishing.service.gov.uk/dataset/4f8fe582-0a2f-4b63-bbab-12fe004762b4,marine-environmental-data-information-network
9e5fc162bfda7f9663757fa8bc7060bd,https://ckan.publishing.service.gov.uk/dataset/6abc267d-9892-402a-8f11-80c8357388b9,marine-environmental-data-information-network
9ea1bdc8690947ab9be451a8b6314069,https://ckan.publishing.service.gov.uk/dataset/c3e10950-fedc-45ae-b0aa-7ea9595d6e53,marine-environmental-data-information-network
9ed53a278bbac4c2a21c6bb4ba0471d6,https://ckan.publishing.service.gov.uk/dataset/2e8dc280-fa36-4532-a699-4f37fa5feb99,marine-environmental-data-information-network
9f0590f6-4dd5-4226-8d40-cde20bc5509a,https://ckan.publishing.service.gov.uk/dataset/ff3e2df5-96d4-4920-8df8-01510dedb84f,marine-environmental-data-information-network
9f1be8b4da09c1d51dbf23abe7a260e4,https://ckan.publishing.service.gov.uk/dataset/e80e8651-e0ab-4d16-96d2-f7d0e6d24595,marine-environmental-data-information-network
9f27e777ca28c7ad8d1fec66554c604e,https://ckan.publishing.service.gov.uk/dataset/46f0ad23-6ed0-43bb-8a96-460db92fab9d,marine-environmental-data-information-network
9f40f7c6-30dc-485d-bbcc-25033725a78a,https://ckan.publishing.service.gov.uk/dataset/9cb18b93-b291-4085-b1bd-5856c919b43a,marine-environmental-data-information-network
9f6e7c8a-0245-42e1-818b-72bb5c2ceed0,https://ckan.publishing.service.gov.uk/dataset/1363c52b-42aa-4e94-b806-6a0b18621a26,marine-environmental-data-information-network
9f9b7716c2c956818ec3e5f7f95e5172,https://ckan.publishing.service.gov.uk/dataset/a979c346-cd4b-4844-97f4-254e707f1cf2,marine-environmental-data-information-network
9fb8a60f6b91c37139bb370d39adf417,https://ckan.publishing.service.gov.uk/dataset/e7bc6c37-adda-4552-b3f8-be8c6f44e15b,marine-environmental-data-information-network
a03fe584592c40de1aa5a790d73911ac,https://ckan.publishing.service.gov.uk/dataset/5bf89db2-bbd8-4d17-8cbe-3a4b9b7775b4,marine-environmental-data-information-network
a065ac1a-9297-4e9d-9145-b1f0893fcaf7,https://ckan.publishing.service.gov.uk/dataset/14da9f95-89ec-43c0-ab9e-301f597f99a1,marine-environmental-data-information-network
a066de55cf6ae2c4f4d11505f5ba6853,https://ckan.publishing.service.gov.uk/dataset/a11fd04e-e0a4-4e1d-98ce-d43687632397,marine-environmental-data-information-network
a0a5bffa-9535-437b-860f-7befaa7b99aa,https://ckan.publishing.service.gov.uk/dataset/9ede5c4a-a481-4faf-ad7c-eff0cfb010ea,marine-environmental-data-information-network
a1309cf2b99642f96224a3247f39b002,https://ckan.publishing.service.gov.uk/dataset/a6255d2f-ea90-44f6-a9fe-b9e581de208a,marine-environmental-data-information-network
a15c7053a18c32982a885c5b3f7f22d2,https://ckan.publishing.service.gov.uk/dataset/cd59d094-9f50-475c-b910-d42b4342bb21,marine-environmental-data-information-network
a17e58472729162cf67cfbf4350b4008,https://ckan.publishing.service.gov.uk/dataset/38f641ee-c9e4-48d7-9fd0-51361d3e1a65,marine-environmental-data-information-network
a1acb413d2c06b71f8a10bba0a0cfff6,https://ckan.publishing.service.gov.uk/dataset/2028705d-196f-48a8-a6dc-bd6be92679ac,marine-environmental-data-information-network
a1cdf7c9461c46271b0558b4f355389e,https://ckan.publishing.service.gov.uk/dataset/71da1e06-b092-4620-9a95-fc8a3847276d,marine-environmental-data-information-network
a1db74ad6050759c069706bf3be3660a,https://ckan.publishing.service.gov.uk/dataset/3552b519-e63b-4f6a-9c7c-61460fdd439f,marine-environmental-data-information-network
a1e84978ca9e5d12f512323858bff302,https://ckan.publishing.service.gov.uk/dataset/eae053c9-031d-4f05-af4b-fda86f097f91,marine-environmental-data-information-network
a2011a58dc8e9ac38d9ab41954b682e7,https://ckan.publishing.service.gov.uk/dataset/870616b7-b478-4cd1-ae01-098cc36385bd,marine-environmental-data-information-network
a2376af7-1037-4e59-b659-419e110144eb,https://ckan.publishing.service.gov.uk/dataset/b8c7f4c7-eb15-4e43-90a6-7efc92041dc8,marine-environmental-data-information-network
a255e60650ade3f934ed9425303f63d1,https://ckan.publishing.service.gov.uk/dataset/7cc8c36c-0db0-4ba9-a431-ea15f988395c,marine-environmental-data-information-network
a2658cda353666cfb2b418ea4ac99d9f,https://ckan.publishing.service.gov.uk/dataset/a7c5883d-e576-4957-bca7-3ec852620bff,marine-environmental-data-information-network
a299b597-70e6-43ea-8834-8674dfcc6e1f,https://ckan.publishing.service.gov.uk/dataset/b1e73f44-4fb9-49fa-85e4-e610078a5701,marine-environmental-data-information-network
a2a03c02eb51c9c1d8f969cee6d048fc,https://ckan.publishing.service.gov.uk/dataset/adcb1f86-be83-493e-b219-ccd95bde2d4e,marine-environmental-data-information-network
a2d64840-07ab-408c-9341-e4ab388d703f,https://ckan.publishing.service.gov.uk/dataset/83059da1-dd52-4acc-a625-8b7426383311,marine-environmental-data-information-network
a2e0aa72f288f0b23eb997be7de0497c,https://ckan.publishing.service.gov.uk/dataset/ea7f7841-2203-4b89-94a6-7916b956aef9,marine-environmental-data-information-network
a2e14f73-ab35-46be-8d68-f912c89abf93,https://ckan.publishing.service.gov.uk/dataset/cc826ea6-7bb5-4bee-aad5-a491fb89e567,marine-environmental-data-information-network
a3068d0e-2668-489e-a95d-0eeec13cac6f,https://ckan.publishing.service.gov.uk/dataset/61e53cfb-bd70-410f-aa79-93849c2c894e,marine-environmental-data-information-network
a31c12ca-3bc6-4515-bdef-7bbfdbcb2bc4,https://ckan.publishing.service.gov.uk/dataset/f0a36ed8-aa2f-465c-b75c-a4c5e20bf3fa,marine-environmental-data-information-network
a3715dd3-ab40-4d51-8165-a076503cd75e,https://ckan.publishing.service.gov.uk/dataset/1f653902-1d65-4e8b-a2a9-1e307a2c9ca6,marine-environmental-data-information-network
a397cf91-2882-4a77-8f7a-eb76560d748a,https://ckan.publishing.service.gov.uk/dataset/42b6f58b-3900-4e66-abb1-7901cf791232,marine-environmental-data-information-network
a3cd61b3-4435-438b-8188-fc3f121b7f38,https://ckan.publishing.service.gov.uk/dataset/ddce1cb5-6113-4f46-9851-2c08bf99c393,marine-environmental-data-information-network
a3e337436e22aeb788ec24560c05752c,https://ckan.publishing.service.gov.uk/dataset/b783bd00-44a3-4cfa-ba2e-5bbe2b259e66,marine-environmental-data-information-network
a3fa76e2-58d7-4163-bab8-005b345b2c71,https://ckan.publishing.service.gov.uk/dataset/e12df70f-b5d5-4de5-b3ee-4e8cd67a71af,marine-environmental-data-information-network
a3fb35edaab70954d1b59cca77e5907c,https://ckan.publishing.service.gov.uk/dataset/f38081a0-67a4-4316-93b7-32c07c9ecdff,marine-environmental-data-information-network
a4290e5dc0879f3b9e9089bb598501e5,https://ckan.publishing.service.gov.uk/dataset/ee287995-c688-4831-9cbc-5e3e714e3bd3,marine-environmental-data-information-network
a43cf51fade15db5bb7ef76bda47bf74,https://ckan.publishing.service.gov.uk/dataset/020d66f9-8ae0-4579-93f4-969deed53914,marine-environmental-data-information-network
a459eec2-2acf-48b3-9626-518a5cce9f81,https://ckan.publishing.service.gov.uk/dataset/34aaa511-819a-48c7-b95d-cfb788b6a947,marine-environmental-data-information-network
a467857d-a54e-4c38-8ccc-a528fe4f0d90,https://ckan.publishing.service.gov.uk/dataset/8f501a2f-b4eb-4709-9693-0fe0b191a674,marine-environmental-data-information-network
a4bdd42da7bea4a3c30fa81ba6a17596,https://ckan.publishing.service.gov.uk/dataset/c9c43f6b-864c-47af-80d0-b7104ab8c903,marine-environmental-data-information-network
a4c6a391-ca79-4a6a-a383-a8a69cbabd7d,https://ckan.publishing.service.gov.uk/dataset/6406d83c-b7e8-4865-8594-e83a4a2cda72,marine-environmental-data-information-network
a5285916-23ea-4c92-a3f3-af59c73d31db,https://ckan.publishing.service.gov.uk/dataset/dad21566-70f4-4961-958e-28eead4e08ff,marine-environmental-data-information-network
a5457d9e3203168fb0eda31fda212e0e,https://ckan.publishing.service.gov.uk/dataset/13618220-5f6d-42ae-8ed2-90280b37a782,marine-environmental-data-information-network
a550e6c1-059f-45a6-b0ff-fdf732b15033,https://ckan.publishing.service.gov.uk/dataset/3d534ffa-3bc8-4f3d-bf57-706cb0de67de,marine-environmental-data-information-network
a566c1d9-14cb-451e-843c-29a98eb37892,https://ckan.publishing.service.gov.uk/dataset/ab8e5f49-829f-40fa-b6b0-524f054af5f5,marine-environmental-data-information-network
a58ed4cf-5877-4fa9-90f1-27df90984201,https://ckan.publishing.service.gov.uk/dataset/38c6f678-b820-4683-81f4-b37232ebd0d7,marine-environmental-data-information-network
a616fd95f614cedbccbd51a0438de9a9,https://ckan.publishing.service.gov.uk/dataset/2945f75b-d411-4894-9078-37e58127270f,marine-environmental-data-information-network
a61cb514-8292-464b-bc9d-aaf428fbea1a,https://ckan.publishing.service.gov.uk/dataset/0adf5bc7-de2b-4155-bcf5-fafd4940b4fd,marine-environmental-data-information-network
a6294e1d3ceb8a7d62d79597baf449c5,https://ckan.publishing.service.gov.uk/dataset/614a4416-9ac4-466d-9f50-a98e5c4e5b99,marine-environmental-data-information-network
a6448ae17d6f37cab8d68012096eed06,https://ckan.publishing.service.gov.uk/dataset/8eda9aca-5c92-4692-891d-dc9c3af56f22,marine-environmental-data-information-network
a691dc28b8b8e3ff82984f4e234da184,https://ckan.publishing.service.gov.uk/dataset/86a80996-0cb8-4b67-89fb-31d4383fdecd,marine-environmental-data-information-network
a69bf44fad612f92c5c6bb72931e804f,https://ckan.publishing.service.gov.uk/dataset/4487194b-03ef-4c62-935a-f771a8a82056,marine-environmental-data-information-network
a69c40f3f0b9d356293abc7cd046646e,https://ckan.publishing.service.gov.uk/dataset/7195686d-8b7a-46d3-8264-1a4246e0dc12,marine-environmental-data-information-network
a6a19e40fad3f33f3fd70c2a9d9c23e3,https://ckan.publishing.service.gov.uk/dataset/ef6be031-a66b-468e-bfd5-015d98343dca,marine-environmental-data-information-network
a6c62acdf58d49a8a14e54d04241c28d,https://ckan.publishing.service.gov.uk/dataset/a33fae7c-c825-4336-a452-0ca9b47cb4d7,marine-environmental-data-information-network
a7215bd4118c9f70b4c8795dc654f997,https://ckan.publishing.service.gov.uk/dataset/059576f0-9ec1-45c7-bd9e-cd22c05f44e1,marine-environmental-data-information-network
a7533eed-d25f-4509-a9e2-481ec4b7eddd,https://ckan.publishing.service.gov.uk/dataset/894b782e-683e-41d7-832a-3592259be391,marine-environmental-data-information-network
a779d48b6509d8a113b511b6aa3e3c42,https://ckan.publishing.service.gov.uk/dataset/d8ae5ffc-db6b-4ea9-9448-08affd9a981a,marine-environmental-data-information-network
a7993a73-1525-4fa7-90da-829206443ea2,https://ckan.publishing.service.gov.uk/dataset/a0e28d1b-ef1b-4932-ad7f-de6906fd8614,marine-environmental-data-information-network
a7d0d56fc7d04e23b947b16626e564f3,https://ckan.publishing.service.gov.uk/dataset/9f11b3d7-cbd4-41ca-9037-0add62d0e4aa,marine-environmental-data-information-network
a7d59782-47ea-45dd-b520-a1efcf1e6a72,https://ckan.publishing.service.gov.uk/dataset/7db75b6a-38e0-49d4-b20b-9a5d05691f4b,marine-environmental-data-information-network
a7f6da849f93a3b3b9a23dbc3d8e0596,https://ckan.publishing.service.gov.uk/dataset/139d1223-dc55-4673-b5ef-e35a8e78dd7c,marine-environmental-data-information-network
a801a3c0-51b5-49de-8a33-0f2d0ca1b792,https://ckan.publishing.service.gov.uk/dataset/dfa9ab74-704e-4282-a88a-053db9698ee9,marine-environmental-data-information-network
a82d9962dec7270ee1552d70f2b53179,https://ckan.publishing.service.gov.uk/dataset/30aabfb2-2426-4ad1-8eeb-b277e7dea894,marine-environmental-data-information-network
a830b9ad3fa085e56070281d7726faf2,https://ckan.publishing.service.gov.uk/dataset/96a75979-f685-488f-80d5-3ac21848e0b8,marine-environmental-data-information-network
a84c81ed-7b47-4bb1-b5d5-a8a4d1b53e92,https://ckan.publishing.service.gov.uk/dataset/eed381d4-5775-434b-abe3-9e087d68ffd6,marine-environmental-data-information-network
a84d0dc8376764fd0802d8c0d6d40335,https://ckan.publishing.service.gov.uk/dataset/dc63cf04-45f2-4122-90bd-b15650841f44,marine-environmental-data-information-network
a851d2a0-8a64-426c-86bd-b7fe13469ad0,https://ckan.publishing.service.gov.uk/dataset/d0dd6d88-3ef7-436d-b2e8-9b8bb5f0e1b9,marine-environmental-data-information-network
a8c19d3178698e85cda3334dc322973c,https://ckan.publishing.service.gov.uk/dataset/2d30665c-3f85-407e-8e52-17c3bb51539b,marine-environmental-data-information-network
a8ec4ba8-d838-4cd6-b686-b04f1ac69be0,https://ckan.publishing.service.gov.uk/dataset/36eb6abc-422e-44c9-9eee-e7df2935c8c8,marine-environmental-data-information-network
a8f0032e-cb02-433a-b088-c004aaeb5387,https://ckan.publishing.service.gov.uk/dataset/fa27d8b2-77e7-4293-a56c-c09118c80e57,marine-environmental-data-information-network
a913577b-15e5-4c86-9426-221c22bfbb8b,https://ckan.publishing.service.gov.uk/dataset/a83c9bae-ec82-4e0e-8191-a165f72b8014,marine-environmental-data-information-network
a92abd0d-4ff5-4e65-b5f3-7858d0ace7b6,https://ckan.publishing.service.gov.uk/dataset/9395e646-42c0-472f-82e3-ac123f2f4768,marine-environmental-data-information-network
a9465e6e-aaad-4991-8a3d-28d572ed0726,https://ckan.publishing.service.gov.uk/dataset/98281dfb-97c7-4f6f-8108-044fd0b98b1f,marine-environmental-data-information-network
a9a2fa7a7b3cc8262d876d8d1a4b1fbc,https://ckan.publishing.service.gov.uk/dataset/0c6211ae-2c48-4990-a54d-30504dd5213f,marine-environmental-data-information-network
a9ab9acd1e55484e854458e9ea6cf514,https://ckan.publishing.service.gov.uk/dataset/200a8538-e778-4921-a0b6-30f9c526ea27,marine-environmental-data-information-network
a9cf38c7a2ea98e21bb42079ca56af9c,https://ckan.publishing.service.gov.uk/dataset/1bc2ffec-1c07-44af-9ee6-bda4f5cffaf6,marine-environmental-data-information-network
a9edd7f02b0d4e5a49550322b8b49616,https://ckan.publishing.service.gov.uk/dataset/6c96694f-a547-44f4-9287-71b49ef6bb34,marine-environmental-data-information-network
aa34ddee-223f-45db-bac6-ddd19f3b8cd8,https://ckan.publishing.service.gov.uk/dataset/e8458c43-1ad8-453e-9bde-ba38afe4e06d,marine-environmental-data-information-network
aa354d0d63651b606e024713a29d6b66,https://ckan.publishing.service.gov.uk/dataset/d5b8c366-885a-4286-8906-4338853af52e,marine-environmental-data-information-network
aa6bd450-4a27-4efa-9368-1e814a33bc6d,https://ckan.publishing.service.gov.uk/dataset/3ebf5a62-801c-4dc2-b142-4e0859af5282,marine-environmental-data-information-network
aa8836bd-d465-4537-8229-3420c52df8ef,https://ckan.publishing.service.gov.uk/dataset/3f7967ca-4083-4d1e-9cb2-779fabbfa0cc,marine-environmental-data-information-network
aa8beb35-efde-4f8b-b33b-88408c55db4b,https://ckan.publishing.service.gov.uk/dataset/73d63b15-83b3-45dd-b7af-d074425aa2c4,marine-environmental-data-information-network
aacbd2239e225d74b25213ca1ac1df06,https://ckan.publishing.service.gov.uk/dataset/e8ddd41a-311b-489b-ae85-46d333cbac3c,marine-environmental-data-information-network
aad59c69e35621f05ed24c2520b56076,https://ckan.publishing.service.gov.uk/dataset/16444eab-e37e-49ad-bcee-99d8556d4a8a,marine-environmental-data-information-network
aad6db5c304d473a03dbdfeb46a87c38,https://ckan.publishing.service.gov.uk/dataset/577f6baf-e77e-4ab3-a636-bf72a1dcce83,marine-environmental-data-information-network
ab08ce4c0763d266fd0b6ac78ddb9472,https://ckan.publishing.service.gov.uk/dataset/af5147ac-3f58-4cb2-996e-222b777d7296,marine-environmental-data-information-network
ab504602-a3f1-49ab-84d7-66e36aa587aa,https://ckan.publishing.service.gov.uk/dataset/b05ed4e6-da89-4e10-b351-cab9b063f245,marine-environmental-data-information-network
ab69e2b8-80da-465c-9bb4-0de31afe3dce,https://ckan.publishing.service.gov.uk/dataset/88269359-6a9d-486e-b1c0-114f45b181c7,marine-environmental-data-information-network
ab6e5202abeb4193b377373a62c62e20,https://ckan.publishing.service.gov.uk/dataset/2fcf498e-2c20-48c1-a466-7010c06aee26,marine-environmental-data-information-network
ab7c4b7f-8f99-4972-8afb-30cf61459ed4,https://ckan.publishing.service.gov.uk/dataset/95662ffa-7a25-44c1-bdf0-078450f3fd0d,marine-environmental-data-information-network
ab8aeec7446581eb0a0cc21d455888d1,https://ckan.publishing.service.gov.uk/dataset/3052e6a0-4c83-412a-9e81-4cfff17abf28,marine-environmental-data-information-network
ab95e1ed604325580f924f9ed97886ba,https://ckan.publishing.service.gov.uk/dataset/5803cbe5-4b9d-4620-940e-09237dbea80f,marine-environmental-data-information-network
abdbab17-6e82-4c5f-97fc-fd2124d115c1,https://ckan.publishing.service.gov.uk/dataset/82013b77-a913-466a-ba22-5b79912f331f,marine-environmental-data-information-network
abe46db5-bbb4-4d6d-b4ec-eb27aac7a644,https://ckan.publishing.service.gov.uk/dataset/e05f4fd1-761d-4f17-8e02-503a93505689,marine-environmental-data-information-network
ac01268270b68c1dce5eef1795134f51,https://ckan.publishing.service.gov.uk/dataset/74c539cb-030d-4b16-a500-b8c452d1528a,marine-environmental-data-information-network
ac2c4b07-646e-4389-9bf0-ebc1ec5626c8,https://ckan.publishing.service.gov.uk/dataset/c8800044-e57b-4296-8c38-6f85c9e5bfcf,marine-environmental-data-information-network
ac2d1908-e147-44f4-a0d2-837859509384,https://ckan.publishing.service.gov.uk/dataset/6be1ab88-d923-4363-86ec-355532fb7b14,marine-environmental-data-information-network
ac577fd4-307f-4ec7-b524-b6b6853f1132,https://ckan.publishing.service.gov.uk/dataset/4b513130-1f28-4fef-883b-e0b973deb497,marine-environmental-data-information-network
ac591d60-db29-4e73-a75e-d74209cb789e,https://ckan.publishing.service.gov.uk/dataset/dacc3b6f-ad5f-4faf-9dab-f718c47dccdd,marine-environmental-data-information-network
acb008fd-bf6a-487c-b4a6-01bc49a08268,https://ckan.publishing.service.gov.uk/dataset/a4e0d6af-2671-498d-8455-161b4de39477,marine-environmental-data-information-network
ad04bef3e81bdd916c259db25fa63fc7,https://ckan.publishing.service.gov.uk/dataset/e27af4a4-58ca-48e4-a51f-700a05ad4cf0,marine-environmental-data-information-network
ad0c79f7-790d-43d4-94ba-5fb2a617e0fd,https://ckan.publishing.service.gov.uk/dataset/b615dcfd-a798-4796-b368-1bbbb02063aa,marine-environmental-data-information-network
ad3124e3e357151a564505af32b0522a,https://ckan.publishing.service.gov.uk/dataset/0cab0ba2-a7a4-4587-8224-b2a9bffb0c56,marine-environmental-data-information-network
ad34cbe3-532b-40ed-b8f6-fd0d253c61ef,https://ckan.publishing.service.gov.uk/dataset/323365ba-c68e-430f-8eb5-ac0e56874bbf,marine-environmental-data-information-network
ad9d6383a1092a8b27f1a9b3e1468343,https://ckan.publishing.service.gov.uk/dataset/d0517768-c414-43db-96a5-5f9c816022a6,marine-environmental-data-information-network
adc8b100-0191-4f18-9581-a15b8a88ef0f,https://ckan.publishing.service.gov.uk/dataset/78091257-4f03-466e-a77b-0a3105291339,marine-environmental-data-information-network
adc95f18-861e-42dd-bb53-80c4226e8637,https://ckan.publishing.service.gov.uk/dataset/900f205a-0955-4920-a165-e75c16dd3e3c,marine-environmental-data-information-network
adf8df39-e017-44c2-a505-3f40d14d31fb,https://ckan.publishing.service.gov.uk/dataset/c4032e92-3666-4bd2-b323-ed525859c121,marine-environmental-data-information-network
ae184f52f8d88c337d42dcfdae90783f,https://ckan.publishing.service.gov.uk/dataset/a7a54dac-9b20-4bbf-a69f-5e9fc06db634,marine-environmental-data-information-network
ae2313ac-e091-467a-a0de-533258ccedca,https://ckan.publishing.service.gov.uk/dataset/e05a77c0-01a3-4bd9-b482-a1fc26228419,marine-environmental-data-information-network
ae3df6f6af8f13d0fb748eca303b5e2f,https://ckan.publishing.service.gov.uk/dataset/07baba80-f55d-4c63-8cf4-75591f846f8b,marine-environmental-data-information-network
ae6b02aab658854bcce6e43b9785bad9,https://ckan.publishing.service.gov.uk/dataset/b1b75a6f-6f0b-48c4-9ff3-6592db25d02d,marine-environmental-data-information-network
aea6a1b9-aa57-454b-935f-8b2b8a4e5ad2,https://ckan.publishing.service.gov.uk/dataset/0a8a97d7-7a0f-4ef1-a640-655ff3d84017,marine-environmental-data-information-network
aede8dfe78305bc4c15ee8ae9da1d79c,https://ckan.publishing.service.gov.uk/dataset/a4eb903d-69c2-4c80-b4cc-1c9b2b297143,marine-environmental-data-information-network
af0650907ff4c07f28d86cddaee4056a,https://ckan.publishing.service.gov.uk/dataset/c7306ecd-c443-4cbd-9bde-bd1eb33841bd,marine-environmental-data-information-network
af0b6116-8601-4097-963a-911e4f7af168,https://ckan.publishing.service.gov.uk/dataset/db46f6c3-eb6d-4925-8e97-44859c4d1f37,marine-environmental-data-information-network
af253998-e6a1-4986-9e30-c9f24ca57c9f,https://ckan.publishing.service.gov.uk/dataset/3aef750a-39fe-4dc6-b502-ff45d6ad7624,marine-environmental-data-information-network
af28ca77-8f1f-4992-ae30-331b2d5da788,https://ckan.publishing.service.gov.uk/dataset/93593986-bbba-4fb9-8593-256e7a719624,marine-environmental-data-information-network
af4db24fcf9f6933125cecf6ffce04b7,https://ckan.publishing.service.gov.uk/dataset/61cb9979-bb75-4d40-a2c6-1e8aa64e892a,marine-environmental-data-information-network
af70f8f4-3a69-4db7-ae8e-d8a3d9a87290,https://ckan.publishing.service.gov.uk/dataset/2e9abb7a-1721-46c7-b6a5-7ce0422ebda3,marine-environmental-data-information-network
af876d0853a05391a9a756feedb4a14f,https://ckan.publishing.service.gov.uk/dataset/afff4197-930d-4b58-a8d3-832432860804,marine-environmental-data-information-network
afab17510c43fc8866ba3f84a460fd7e,https://ckan.publishing.service.gov.uk/dataset/5883de46-06f7-46d9-b0d6-f4de3b0dbe65,marine-environmental-data-information-network
b09d8204ab70d1fe79ffac5f3114b281,https://ckan.publishing.service.gov.uk/dataset/8a1425f1-fd92-45cb-96a1-36100922197d,marine-environmental-data-information-network
b0b8f30f-84e8-4155-b543-6b3d0ede072c,https://ckan.publishing.service.gov.uk/dataset/89884a29-4591-4a2e-8918-ab7016367b0d,marine-environmental-data-information-network
b0d5bd19-b91a-40c5-b020-a46bac55b54e,https://ckan.publishing.service.gov.uk/dataset/a2212ddc-d7c1-4b32-a4d8-3aca4977aa58,marine-environmental-data-information-network
b0f9ecfd-abb5-4412-95a6-ffb04253bccf,https://ckan.publishing.service.gov.uk/dataset/8990fbbd-8fef-46c3-a4d1-6282a0fedfea,marine-environmental-data-information-network
b1356f159c9d08d4d68dc71524be17f7,https://ckan.publishing.service.gov.uk/dataset/5173aae6-7234-400c-a6ba-02c70765f842,marine-environmental-data-information-network
b1723ec4-0935-4903-bd18-5ac2cf311e27,https://ckan.publishing.service.gov.uk/dataset/c525e9ab-f9bf-4af7-94ec-54623b1eaf6b,marine-environmental-data-information-network
b1d4baca43e31f20922887130b14054d,https://ckan.publishing.service.gov.uk/dataset/979960e5-a3eb-41ea-b2c1-f65c1f0c6b7c,marine-environmental-data-information-network
b1ec923c-5321-484c-a0bc-2aecb60f54a3,https://ckan.publishing.service.gov.uk/dataset/dbfa317c-c08a-4d1b-92f7-ec847d6638bf,marine-environmental-data-information-network
b21a74353b403feb8f0acdd155667ee0,https://ckan.publishing.service.gov.uk/dataset/8baaa05f-b18a-4a8e-966e-c519c0b801ca,marine-environmental-data-information-network
b25270f4e7af5bcbbdea65f8a4c553e8,https://ckan.publishing.service.gov.uk/dataset/2d11c3d7-1f8f-45ca-a173-247283339094,marine-environmental-data-information-network
b27b3e81a511005e6738aa38faf72332,https://ckan.publishing.service.gov.uk/dataset/61bae21b-c32a-4695-b14d-db8ca6148e64,marine-environmental-data-information-network
b29a727c1c43b072c1de8bb746e7e7ab,https://ckan.publishing.service.gov.uk/dataset/afb9ca51-2f42-4bbd-b1a8-dd726fa8d851,marine-environmental-data-information-network
b2c5dd14-09de-4d69-a578-33401befae73,https://ckan.publishing.service.gov.uk/dataset/c503bc98-ad93-4ec8-bb6d-838b128db69c,marine-environmental-data-information-network
b2ca53c39a7f2f29934a233ba5739067,https://ckan.publishing.service.gov.uk/dataset/dc1f935c-4fbd-4085-8fc7-be5695fd843e,marine-environmental-data-information-network
b2d22a25d82f559bb76a74a96e8ec21e,https://ckan.publishing.service.gov.uk/dataset/13e55cb7-8b8d-4faa-9b76-5ee6f40e2dca,marine-environmental-data-information-network
b2d868f2-b753-4cb2-b231-416644280891,https://ckan.publishing.service.gov.uk/dataset/82af4998-aee1-46ce-915a-db15081dbe85,marine-environmental-data-information-network
b2ddad752419e27c0421f74711bcd452,https://ckan.publishing.service.gov.uk/dataset/4dbc1340-7097-4702-881f-530667ad1331,marine-environmental-data-information-network
b2dedf3175690482a1b35bf2557054be,https://ckan.publishing.service.gov.uk/dataset/60f3072e-14f7-408c-8998-a1fd122f2f20,marine-environmental-data-information-network
b3104fcc-afb6-4c30-83df-4390836187b2,https://ckan.publishing.service.gov.uk/dataset/a9082a86-1ac4-4556-9c68-cd6236751cf2,marine-environmental-data-information-network
b3165936116c2f32cc2ff83084081d05,https://ckan.publishing.service.gov.uk/dataset/ad87866d-2ca9-4fed-bb80-f8d3150536d4,marine-environmental-data-information-network
b31d56768f2bd1a453354d6da84b82d2,https://ckan.publishing.service.gov.uk/dataset/b9669085-6d9a-4d72-8eb3-9a1287737853,marine-environmental-data-information-network
b31ee1b9-e3ca-4670-8746-c1f891332949,https://ckan.publishing.service.gov.uk/dataset/4fadf431-1eba-4a73-9dd5-2e5758ed7bc3,marine-environmental-data-information-network
b36b7a905d83d4f8baa2a08dbaed536b,https://ckan.publishing.service.gov.uk/dataset/bbac317b-fe7c-41af-a608-a52892a9fa9d,marine-environmental-data-information-network
b39ada9e-b7d9-43d9-b620-928c62f7c7c1,https://ckan.publishing.service.gov.uk/dataset/5ca758e2-8f84-40e6-904d-ed7eb80d5ac6,marine-environmental-data-information-network
b3f0116f-4c4f-49c3-b47d-a67bae9bcd5d,https://ckan.publishing.service.gov.uk/dataset/4e59341a-15fa-4dd3-8c1a-feddb7f11b3b,marine-environmental-data-information-network
b3f89931b2d6ac88d29e3b52f7592a26,https://ckan.publishing.service.gov.uk/dataset/364c6751-f253-49ae-95b1-85f600d24df7,marine-environmental-data-information-network
b407a5c8-6a24-4b94-be15-57c67164dfba,https://ckan.publishing.service.gov.uk/dataset/ca6913f3-8d8d-4552-96c8-35da4cee9a2c,marine-environmental-data-information-network
b40e3fe3-7a15-46f0-91d8-cc917affcff8,https://ckan.publishing.service.gov.uk/dataset/62a284e7-145b-4a02-af66-a222981c461a,marine-environmental-data-information-network
b41b340344be8e13867c6884e1c33315,https://ckan.publishing.service.gov.uk/dataset/46b6b0d3-9bac-4a93-850a-74f9d76ad6b1,marine-environmental-data-information-network
b41c74b1af4111ae96cef95cc967f8fa,https://ckan.publishing.service.gov.uk/dataset/ef35b043-e9a1-4f75-8679-f04ab3cd3c29,marine-environmental-data-information-network
b44756b2477f190c8e380cbfeb49650e,https://ckan.publishing.service.gov.uk/dataset/980ce48d-cb49-4dca-8b06-dcfd73eb91b6,marine-environmental-data-information-network
b4771a41e7574b6691105afe1db89695,https://ckan.publishing.service.gov.uk/dataset/d4946dbf-f02b-40c7-8239-1da77917ce81,marine-environmental-data-information-network
b4819b6f-b6c9-47ab-80d3-dad00fabf341,https://ckan.publishing.service.gov.uk/dataset/b198211f-94da-44a2-bdd5-b28a133bbc2a,marine-environmental-data-information-network
b50ed25baeefe53e7a8dc699b74139bc,https://ckan.publishing.service.gov.uk/dataset/d105153f-0f4b-4e5d-a33b-ebfaf3a493b8,marine-environmental-data-information-network
b53b5143ebb1711a75c52520cdeccd2e,https://ckan.publishing.service.gov.uk/dataset/b551cbb1-55e0-41b3-9bf8-e5ec22a2bfe9,marine-environmental-data-information-network
b57255ea-bf89-4d6d-b2c2-95f79d268c0f,https://ckan.publishing.service.gov.uk/dataset/c71e1832-7338-4cb8-b012-ba34bbe5521b,marine-environmental-data-information-network
b5af65046f64512f5842cae8890ade3f,https://ckan.publishing.service.gov.uk/dataset/1abc1cf0-55c6-46fe-83fe-469c9282e811,marine-environmental-data-information-network
b5c7831f-cbb1-49b2-b96b-a25070044939,https://ckan.publishing.service.gov.uk/dataset/214738c5-659a-4353-b9c2-3c75babe61c6,marine-environmental-data-information-network
b5d12a13-e29a-464e-b82e-15bf3984a10e,https://ckan.publishing.service.gov.uk/dataset/966728d5-4859-46b4-bc6f-742928108b4b,marine-environmental-data-information-network
b5f0619d70df3bfecd1b231b8d138248,https://ckan.publishing.service.gov.uk/dataset/0f88155d-eb57-4089-b692-280a2cefb8e0,marine-environmental-data-information-network
b604d543-d7d7-46bf-9b41-ca2b2de0f073,https://ckan.publishing.service.gov.uk/dataset/547be935-d62b-4826-8113-14414c439630,marine-environmental-data-information-network
b605d837941bface400c437d7d2d85b6,https://ckan.publishing.service.gov.uk/dataset/a9f017e1-6d1c-431a-ba5e-ea2aa220e988,marine-environmental-data-information-network
b6536cd3-f83f-4cbf-be42-5726ff84bed3,https://ckan.publishing.service.gov.uk/dataset/0708652e-5dac-416c-868e-38c7d56f37a8,marine-environmental-data-information-network
b6687cabcb65f4439834bed2ae9daac9,https://ckan.publishing.service.gov.uk/dataset/b65fe013-6084-4e21-88f5-0db9116b0966,marine-environmental-data-information-network
b669128253b34c6867be68cb9df0177e,https://ckan.publishing.service.gov.uk/dataset/e53873a2-ba74-4c62-82fa-346f807bdb08,marine-environmental-data-information-network
b6764c286e725b236385474f5eafc333,https://ckan.publishing.service.gov.uk/dataset/43172706-ccf2-462c-927c-c71571529fd0,marine-environmental-data-information-network
b67f42403e12fdd3afcf546362ea56f0,https://ckan.publishing.service.gov.uk/dataset/eae88300-3990-439e-8701-89584c7259c8,marine-environmental-data-information-network
b6ad6782-b97a-437e-a805-1331edc0e620,https://ckan.publishing.service.gov.uk/dataset/5a1adaed-a098-4364-98e2-4d233c97dc7a,marine-environmental-data-information-network
b6b8698bd4c18666a80763ba37f340b4,https://ckan.publishing.service.gov.uk/dataset/68d1df4a-706b-4065-aa7f-bdcc415cc1f1,marine-environmental-data-information-network
b6e004be1339d54cd648f850ccaa1036,https://ckan.publishing.service.gov.uk/dataset/a55f807f-4000-4656-8460-70d02a5a3422,marine-environmental-data-information-network
b766106b1bf91211cb04bb6cf31a4cd0,https://ckan.publishing.service.gov.uk/dataset/f2726906-6e15-4e01-a813-22694a3bf466,marine-environmental-data-information-network
b76ab908-f81c-45ba-8e22-e4a143885a29,https://ckan.publishing.service.gov.uk/dataset/532c5fd2-7950-4b91-b46d-7c6b188cfc50,marine-environmental-data-information-network
b76bf02e-a021-43f8-a666-088554ed2b70,https://ckan.publishing.service.gov.uk/dataset/2cea3f7d-e1a6-4d9f-b21f-579ec6b362d4,marine-environmental-data-information-network
b76c55f4-52cc-43f7-af90-ea05bd506fca,https://ckan.publishing.service.gov.uk/dataset/d75e3049-0758-485c-8080-1f31e7649c6a,marine-environmental-data-information-network
b78c520e-eca1-4348-a8f9-543252143c40,https://ckan.publishing.service.gov.uk/dataset/af428709-4f0f-4920-bb7d-21c3cbf43b35,marine-environmental-data-information-network
b793bc1b-136e-4f79-8682-3e5394e64a1b,https://ckan.publishing.service.gov.uk/dataset/75eae4b3-7901-407b-9454-f66be05bb05a,marine-environmental-data-information-network
b7a167a3-5f4c-4799-b44c-301460db806e,https://ckan.publishing.service.gov.uk/dataset/9724a05b-1b2f-4385-bbb1-f2313ae144e4,marine-environmental-data-information-network
b7e38a6e-5f42-406d-9d95-4f47ca87315f,https://ckan.publishing.service.gov.uk/dataset/96a644ba-2630-402c-82db-7ce59f480459,marine-environmental-data-information-network
b825e3c8a5488a9f301bd5e6cb9c0156,https://ckan.publishing.service.gov.uk/dataset/c05b5d23-e400-4bc3-9bbf-1bd11974f4a7,marine-environmental-data-information-network
b828b40d-ec93-4c19-b18b-ffa6b4e20147,https://ckan.publishing.service.gov.uk/dataset/10c45fd6-aff1-4e62-b70d-9eec74ada148,marine-environmental-data-information-network
b8725f50926c1d9d689963de6edb9d55,https://ckan.publishing.service.gov.uk/dataset/afc4008a-1cf6-468d-8d41-6caa0dc013d8,marine-environmental-data-information-network
b873c0a2-c7a8-4c0c-b59b-3ae6a9829f29,https://ckan.publishing.service.gov.uk/dataset/5ea2855a-47ed-4221-a6c5-4be399aa7963,marine-environmental-data-information-network
b885c08a-5263-4c6e-923f-fda865ddfbbb,https://ckan.publishing.service.gov.uk/dataset/79f05ada-5022-4f0f-8fe9-d8836e2087f6,marine-environmental-data-information-network
b92299eb-d47b-4364-be3a-851050609c44,https://ckan.publishing.service.gov.uk/dataset/0cb203fc-b7c0-4cfa-9efb-a0a0782696fa,marine-environmental-data-information-network
b93c2d26bc72b61104deceb3c99d1cb9,https://ckan.publishing.service.gov.uk/dataset/9b74c69f-0b65-41a4-b70f-6c30bb647452,marine-environmental-data-information-network
b968940200cad4135a92c25bf1ae6118,https://ckan.publishing.service.gov.uk/dataset/9b9aed14-e320-4e76-934a-970b5b2767f7,marine-environmental-data-information-network
b97ea36e-6ca0-44c2-9619-c216b044e574,https://ckan.publishing.service.gov.uk/dataset/e073185c-7f4b-403e-ae2e-a1589bb08d7c,marine-environmental-data-information-network
b9815a2a-70ff-4229-9adb-cf9889f94443,https://ckan.publishing.service.gov.uk/dataset/992e84f6-4df8-4917-bd80-835ff609fcbd,marine-environmental-data-information-network
b9a26ff058bf5c48a7ac1d14ea1244fe,https://ckan.publishing.service.gov.uk/dataset/7022f2dd-d6f2-469c-baa2-9b4d2f7f7d56,marine-environmental-data-information-network
b9c29b54ea67359967ecb1ca3167a3f1,https://ckan.publishing.service.gov.uk/dataset/5bd97f6f-e7f4-4754-afe4-0e81c51d5b3b,marine-environmental-data-information-network
b9e63826aa3cc18ada86e01cf5827545,https://ckan.publishing.service.gov.uk/dataset/5af6f70d-0de6-4a65-95ae-34d68cf16ea6,marine-environmental-data-information-network
b9e72476546c3971b11070a71d792a62,https://ckan.publishing.service.gov.uk/dataset/2a57cace-c2d2-4039-b09d-31649b1e6f22,marine-environmental-data-information-network
ba7153258021d989b0b2587206f921a0,https://ckan.publishing.service.gov.uk/dataset/11dba367-2132-4c42-94b1-7f0cb60f6a3d,marine-environmental-data-information-network
ba794784-cb36-48b8-a94b-95a677ce9cf9,https://ckan.publishing.service.gov.uk/dataset/f8536805-906c-4ad5-b92d-e6feab56dd13,marine-environmental-data-information-network
bb099e68003c86b7cea5b6a0a4b39771,https://ckan.publishing.service.gov.uk/dataset/2e4da273-4d13-4edd-a24c-a1d6f497ff59,marine-environmental-data-information-network
bb2e7524783140176aca26f0071fe3a6,https://ckan.publishing.service.gov.uk/dataset/312347e4-f1b9-448d-bcf8-c99f25f0d8ad,marine-environmental-data-information-network
bba5834e-db45-446d-a4a9-18f445da9c94,https://ckan.publishing.service.gov.uk/dataset/c60edf98-b820-4644-b766-2b0231bf974d,marine-environmental-data-information-network
bbada2c5870896e7ad2957443237a41e,https://ckan.publishing.service.gov.uk/dataset/b34895ae-ce4b-4bcd-b54f-bb0fe9f97879,marine-environmental-data-information-network
bbb6ed55-01fd-4d59-85c0-01dc32853b31,https://ckan.publishing.service.gov.uk/dataset/59f167d6-fff8-4880-b6cd-30975b049bb2,marine-environmental-data-information-network
bbe7bf9f-799c-42dd-85bf-94ab6f1d3b5a,https://ckan.publishing.service.gov.uk/dataset/d4da556e-3f52-4178-88ae-af060c27a2d7,marine-environmental-data-information-network
bbf5c219-b629-415a-b9eb-dff9e122932b,https://ckan.publishing.service.gov.uk/dataset/3e39a4f5-c170-4ab0-ab60-a24a9514fe34,marine-environmental-data-information-network
bbfe81ea-af59-4c42-8d3f-a2dca11a2dd0,https://ckan.publishing.service.gov.uk/dataset/e23be17b-be7c-4bf2-9e31-b0db551aea47,marine-environmental-data-information-network
bc06c7b4d86c37f9ea0a2f40a56397da,https://ckan.publishing.service.gov.uk/dataset/0075c452-cfa8-4129-9db5-c55d7fe0c09b,marine-environmental-data-information-network
bc222b1315021b84019f1e1f804c0ccf,https://ckan.publishing.service.gov.uk/dataset/b2a7b9be-2cef-4c42-8877-533f8842ba5c,marine-environmental-data-information-network
bc2f95a7a41ff1753575371bc3e02737,https://ckan.publishing.service.gov.uk/dataset/c9a4f020-5c16-4398-893e-f2dd1e5139ab,marine-environmental-data-information-network
bc3c34cf89c051d8243d6bccffee3780,https://ckan.publishing.service.gov.uk/dataset/9d72f922-837d-40e7-b1dd-ba963f3542fb,marine-environmental-data-information-network
bc56124d-46fc-43b8-b6dd-894dbe5d2b34,https://ckan.publishing.service.gov.uk/dataset/df38a742-bcd9-45ee-857b-c3631af02bee,marine-environmental-data-information-network
bc6003d3491e5853b7a935546f3227a2,https://ckan.publishing.service.gov.uk/dataset/45473e9d-c62f-4d06-9e1d-b76c2ae094dd,marine-environmental-data-information-network
bc6d0481556d3a0c1249ad622557a829,https://ckan.publishing.service.gov.uk/dataset/e06b4f9c-53b4-482c-ab39-b2babb415a48,marine-environmental-data-information-network
bc993b369ba69e73f63b6447b1a706e5,https://ckan.publishing.service.gov.uk/dataset/76652a2f-e6e3-4e7f-b2f5-fab3075042e4,marine-environmental-data-information-network
bcab36d8105a92e4cfdba6befcd517e7,https://ckan.publishing.service.gov.uk/dataset/f224e588-1db5-4ed2-b575-29b5caee502f,marine-environmental-data-information-network
bccb438e93d05b37b3b97de7abb1a4d2,https://ckan.publishing.service.gov.uk/dataset/cef51225-8c47-4d46-a9ae-ff8817036416,marine-environmental-data-information-network
bd2711db-f9db-40d1-b6ea-40ebb7465c40,https://ckan.publishing.service.gov.uk/dataset/5f8e5684-052a-470b-a983-7d9a1cd304ba,marine-environmental-data-information-network
bd33fd41-94ad-4817-9eac-f63281f1abca,https://ckan.publishing.service.gov.uk/dataset/b7c80497-7ed0-4cae-b365-b48ecac2a421,marine-environmental-data-information-network
bd4290a922a4d97602b91a218eb1b33d,https://ckan.publishing.service.gov.uk/dataset/ee60a3a3-5a9a-483e-ae6b-879c5314ed9d,marine-environmental-data-information-network
bd7a85ac-6f64-4f99-bddf-c37b9d949085,https://ckan.publishing.service.gov.uk/dataset/666d3500-23b4-452d-8325-fbc45a28e8b0,marine-environmental-data-information-network
bd8cc03a-b9f8-4d1c-b77c-f07ebe378980,https://ckan.publishing.service.gov.uk/dataset/1af5e0e5-9017-41b1-9934-f6a95df43b80,marine-environmental-data-information-network
bd9a5153-d1aa-4d07-a45d-a1e038e9594b,https://ckan.publishing.service.gov.uk/dataset/bfd1436f-7e25-40c5-9c40-b4a9bae101b5,marine-environmental-data-information-network
bd9a75cb07d9b5ece7501c8c74a5d9c9,https://ckan.publishing.service.gov.uk/dataset/4274f659-3e46-4510-a872-c3baaeade3bb,marine-environmental-data-information-network
bdd4b703ff7895327c7e07162d2e2700,https://ckan.publishing.service.gov.uk/dataset/c62d62db-0594-40ff-bbcd-551a07749ea0,marine-environmental-data-information-network
bddec055661282d6999830e5f9ac0ee9,https://ckan.publishing.service.gov.uk/dataset/0c4a0349-a3c8-4b92-a59f-0202c85d5b56,marine-environmental-data-information-network
bde8d26c7d9b42d752ca72c993bed35a,https://ckan.publishing.service.gov.uk/dataset/58724bf3-273a-4d40-acd2-36ca7039ed51,marine-environmental-data-information-network
be169b170fccbfff757f6ebdf8c2e8b9,https://ckan.publishing.service.gov.uk/dataset/bde5b6f0-4eb6-44e7-9d76-3994b4a23815,marine-environmental-data-information-network
be25291d-a828-4d6f-b1c5-6d461b4a1961,https://ckan.publishing.service.gov.uk/dataset/84745871-6847-4c42-8245-8665c51e69b7,marine-environmental-data-information-network
be295741e01fd0e4c696011fdd262fa9,https://ckan.publishing.service.gov.uk/dataset/3d93e21a-0802-4637-bf7f-dab0c113052e,marine-environmental-data-information-network
be2c5e1b32cac5724fb7bcc12fe50f06,https://ckan.publishing.service.gov.uk/dataset/9591426b-ab5e-459c-b2cc-a8b3acf83d51,marine-environmental-data-information-network
be3484caa5d3f3a6e2066ccbb1d3804f,https://ckan.publishing.service.gov.uk/dataset/f08c0b09-db27-4a6a-9983-c55a7337a441,marine-environmental-data-information-network
be5dbaeb413eeba2b430af81fdd84b70,https://ckan.publishing.service.gov.uk/dataset/58bc01cc-e73b-494b-a244-ee8c2ced7d0b,marine-environmental-data-information-network
be685a804f9eade0fd0dacebc8f01913,https://ckan.publishing.service.gov.uk/dataset/830ab9dd-bed2-4db0-a5ae-84f94e08f17b,marine-environmental-data-information-network
be6ef5df092282c0900664e931ac72ae,https://ckan.publishing.service.gov.uk/dataset/c32753c6-cb29-4d7f-9048-d020fdb3bfac,marine-environmental-data-information-network
bea427894dce5b25aa01ba900d98dc87,https://ckan.publishing.service.gov.uk/dataset/aeb3d0b4-e627-4b41-950d-a4e6b9c11e77,marine-environmental-data-information-network
beaf8917adeaca94dfc7dff684f5d2d3,https://ckan.publishing.service.gov.uk/dataset/c6673022-551d-48ef-a5c7-93ce46934073,marine-environmental-data-information-network
bf506aad71473fb19c94aafc2a24d955,https://ckan.publishing.service.gov.uk/dataset/972d14e2-e29c-4f51-b0be-276a4309cb9b,marine-environmental-data-information-network
bf5c7144054a8b489fd8d34018ed5367,https://ckan.publishing.service.gov.uk/dataset/5437f02c-ef55-4b2a-adaf-09629db42148,marine-environmental-data-information-network
bf5ce25215035e12a0dc745db87fbd2b,https://ckan.publishing.service.gov.uk/dataset/da0d0e2a-3069-4d6c-81de-c254aeadf7df,marine-environmental-data-information-network
bf6b7711-24be-4cb4-a867-942ff27d2cca,https://ckan.publishing.service.gov.uk/dataset/95dc9b55-b44d-488b-b1d5-9def41e97f0a,marine-environmental-data-information-network
bf6ca2441bc39cba92cdb0c8de0bedb5,https://ckan.publishing.service.gov.uk/dataset/6dd0febe-2a4c-4030-8216-4a415c928f36,marine-environmental-data-information-network
bf899ac3c8b3490706ab4be11c50573a,https://ckan.publishing.service.gov.uk/dataset/2ff8876f-ea99-4c61-a711-71222281b49c,marine-environmental-data-information-network
bfbc0bbe648f7dd06ab776cb8f06eaba,https://ckan.publishing.service.gov.uk/dataset/c5cdbdfa-2ff0-4444-a804-cedfbe9e24db,marine-environmental-data-information-network
c037f159-d68d-4ae8-83c8-77eb1be9e5ff,https://ckan.publishing.service.gov.uk/dataset/eaa7aecd-3d84-4e3d-acb4-01b8003e1d32,marine-environmental-data-information-network
c07e9bb5-2270-41ad-ae06-8e5ebdcdb91a,https://ckan.publishing.service.gov.uk/dataset/c0607e7d-304e-4b05-a8f2-0313e1bd3172,marine-environmental-data-information-network
c09a5cc7-f282-4fc2-8edd-1e2c56cf4eac,https://ckan.publishing.service.gov.uk/dataset/427ba853-105a-4cd1-8da4-f2560df071b2,marine-environmental-data-information-network
c0b2aaef-99f8-4001-8594-fcef12e50a5b,https://ckan.publishing.service.gov.uk/dataset/166c11db-a692-43eb-92ec-0ecf689f99eb,marine-environmental-data-information-network
c0cd081d-54ca-49e2-9dd5-116730bda850,https://ckan.publishing.service.gov.uk/dataset/f19cff5c-ce02-4a06-8f7d-077b549d11b9,marine-environmental-data-information-network
c10e3d2e-f29c-4790-a230-e61cc45f1734,https://ckan.publishing.service.gov.uk/dataset/1ffbffd1-3f59-43bc-8d60-82bcd78f85e4,marine-environmental-data-information-network
c113b5a217df12838dc59f1fbc90a9fb,https://ckan.publishing.service.gov.uk/dataset/99fdf4d9-7b60-49bc-9a45-615857ed24fa,marine-environmental-data-information-network
c15b9e3e8df01de970d19bc08d79f498,https://ckan.publishing.service.gov.uk/dataset/a139481b-eced-4f81-a482-ee41a6978eb9,marine-environmental-data-information-network
c166e188fe134a0fcf2a59522cba24a2,https://ckan.publishing.service.gov.uk/dataset/dc4798bc-1c1d-47b4-82ae-5ae4f71def8f,marine-environmental-data-information-network
c17642056c60eb0545cdc5f134c2c6e9,https://ckan.publishing.service.gov.uk/dataset/608199cf-0bbf-499b-bed3-c2a4cb971461,marine-environmental-data-information-network
c1797740-dc64-410d-95e5-55414a92f242,https://ckan.publishing.service.gov.uk/dataset/a3d02782-ea40-46e3-b5d4-819732554b23,marine-environmental-data-information-network
c191ad75309898006180c9fdbb8653b9,https://ckan.publishing.service.gov.uk/dataset/522838ea-d052-4ea4-b5d0-0e49f7be5f68,marine-environmental-data-information-network
c1b0bf6c-95b2-42ea-9fb5-4e0e9cbf3897,https://ckan.publishing.service.gov.uk/dataset/c5ed3cd3-4262-404f-92b3-735da8e68417,marine-environmental-data-information-network
c1d5b0a30048338893df3d1b69060e02,https://ckan.publishing.service.gov.uk/dataset/ee5b49d0-b4d1-4aad-b7f6-503b8d08d4c4,marine-environmental-data-information-network
c1df2b8423f5931a70d87b3ac2202828,https://ckan.publishing.service.gov.uk/dataset/ff733339-824b-4ecd-b511-9e703df34766,marine-environmental-data-information-network
c1f11433-0aa4-41aa-930a-6f8b5c415539,https://ckan.publishing.service.gov.uk/dataset/788e1862-cc1c-4b93-b274-9cc469e45460,marine-environmental-data-information-network
c240f36f1a42506c9f6f30a71009c90b,https://ckan.publishing.service.gov.uk/dataset/3e9c03ff-7626-4daa-be75-7843d4239671,marine-environmental-data-information-network
c244fdd7368374f4aa7eca45ca56da52,https://ckan.publishing.service.gov.uk/dataset/212c5e98-e17e-446a-aa43-54b0335c85f7,marine-environmental-data-information-network
c25d4763-9b6b-4a76-b7e7-3ef6df96bf01,https://ckan.publishing.service.gov.uk/dataset/6c338c80-8be8-4310-8e9f-768227d91816,marine-environmental-data-information-network
c261c275-498e-4c1b-82c5-76b47feebdf1,https://ckan.publishing.service.gov.uk/dataset/5a1170e2-33ee-44d9-83dc-a0dbac6911d1,marine-environmental-data-information-network
c2989846c41b41aa6a88f27ba0326554,https://ckan.publishing.service.gov.uk/dataset/9a94d393-c5c5-4900-9210-1b4cbd98d069,marine-environmental-data-information-network
c2a6f370f1d4e952d783678361fdeb09,https://ckan.publishing.service.gov.uk/dataset/adb7676d-512e-41a3-bb21-9becad63f8d4,marine-environmental-data-information-network
c2b7ed0e30dcfe92635bc5f05bb650b0,https://ckan.publishing.service.gov.uk/dataset/5f7097f6-cda2-4d4c-9c51-025c445a07e1,marine-environmental-data-information-network
c2c166f34089723f4ec281883ae7c409,https://ckan.publishing.service.gov.uk/dataset/3986c66e-eba0-44ed-8dd5-f0a5c4ab2fa8,marine-environmental-data-information-network
c2e65695d0b075e128ed116f2263c3fe,https://ckan.publishing.service.gov.uk/dataset/18001392-8f3c-4fc4-8fab-b8684969a3c8,marine-environmental-data-information-network
c3071411a44b6613ab41a35509e1f819,https://ckan.publishing.service.gov.uk/dataset/5f1b341f-23bc-4cc5-aa4c-a6913d63cc09,marine-environmental-data-information-network
c319b514e8a66324368dab5bb1a8b435,https://ckan.publishing.service.gov.uk/dataset/85f8d2f3-35ad-4a53-a345-7206d11956cd,marine-environmental-data-information-network
c31f8e5202db681204067ebe062924f2,https://ckan.publishing.service.gov.uk/dataset/bcdf90ef-e276-405b-889e-9fb8d424197d,marine-environmental-data-information-network
c32b889bd40f74156b1bb0a61ae2f1d9,https://ckan.publishing.service.gov.uk/dataset/c62601d5-745c-4261-80d3-e8d0710ffef1,marine-environmental-data-information-network
c32c689c102429cb216cbd56828e5058,https://ckan.publishing.service.gov.uk/dataset/924edd8f-c6a3-40ff-a89b-7bf2c18db92f,marine-environmental-data-information-network
c3b1a24623b416ac513f64b8ac2a93d1,https://ckan.publishing.service.gov.uk/dataset/167094ed-14c0-43ff-9946-f9870cdf9d3d,marine-environmental-data-information-network
c3eae10e44897b3707d098a3749ee9ef,https://ckan.publishing.service.gov.uk/dataset/b69b4159-5a75-4315-9978-d7921d12e525,marine-environmental-data-information-network
c3fa42ac4e3a8e5a92bdbca2555021b0,https://ckan.publishing.service.gov.uk/dataset/3fc53ed4-b25e-485f-b2f2-a055efed825c,marine-environmental-data-information-network
c40d7469-ada9-4349-9c26-1936e1c781a8,https://ckan.publishing.service.gov.uk/dataset/86778a5d-a166-4e7e-a9f5-cf769b02357f,marine-environmental-data-information-network
c4579381-1e4a-4440-8d23-f789c0fc5b6d,https://ckan.publishing.service.gov.uk/dataset/de1b00e8-9a5d-4f3b-8747-3d40658ec298,marine-environmental-data-information-network
c457ecd1-fcdf-4ff9-9306-3352651eb6e3,https://ckan.publishing.service.gov.uk/dataset/42989e8b-cb74-4f51-a780-89dfb4049758,marine-environmental-data-information-network
c4aef653-dc31-4919-8d6a-2231cab408f1,https://ckan.publishing.service.gov.uk/dataset/b0b99e77-79fb-4104-ac96-6cf829425704,marine-environmental-data-information-network
c4dd0167-b37a-4179-916c-a77c2b972ba4,https://ckan.publishing.service.gov.uk/dataset/9db8647d-8804-420c-9b29-2500fc414d35,marine-environmental-data-information-network
c4fcc33d-d8dd-4a18-8780-95c790b5201d,https://ckan.publishing.service.gov.uk/dataset/9016ca9a-9535-4295-b309-01002a2b8044,marine-environmental-data-information-network
c4ff89bf5879e410cfd69599bc3ff879,https://ckan.publishing.service.gov.uk/dataset/2133046b-ebd8-4a8b-a2f7-d7d8acb34976,marine-environmental-data-information-network
c50f84f2bed2570e3cbad375d729b098,https://ckan.publishing.service.gov.uk/dataset/a0dc3fd6-240f-436c-bd6d-a8cc9e6bdbef,marine-environmental-data-information-network
c520c73efd5b0294997b820875116b64,https://ckan.publishing.service.gov.uk/dataset/7ceb8f71-3fbd-4766-bce1-953fceab1088,marine-environmental-data-information-network
c56ab05cda9aa957cfa3f0a3600bc8ed,https://ckan.publishing.service.gov.uk/dataset/7ee81b70-47d0-4ff5-b00f-3f1efe12a30e,marine-environmental-data-information-network
c591500a7314bf92b13b05e0f708e8d8,https://ckan.publishing.service.gov.uk/dataset/c7d5292e-35ef-4ec8-bb0d-1f09e56cde75,marine-environmental-data-information-network
c5b254be06661b804f236b5e659465aa,https://ckan.publishing.service.gov.uk/dataset/99fb1f41-00e2-4b78-b013-56c493c84dda,marine-environmental-data-information-network
c60b0e11c7b825e3ed7540447a7880c3,https://ckan.publishing.service.gov.uk/dataset/fcc4a5dd-2938-42d6-93fa-5be63006bae3,marine-environmental-data-information-network
c6b0f12b-df25-431e-87b7-7270b99f9f2f,https://ckan.publishing.service.gov.uk/dataset/2ffe6b7b-5885-4d36-8983-5a2644c10a02,marine-environmental-data-information-network
c6e3292109d85b178dae3c899d4a80a7,https://ckan.publishing.service.gov.uk/dataset/7da1f0be-4c43-4b48-be44-0a48a69aafc5,marine-environmental-data-information-network
c72e49ea-979a-4982-ad65-25915718383c,https://ckan.publishing.service.gov.uk/dataset/e14c02c7-7d0d-4752-a1aa-91a73096b476,marine-environmental-data-information-network
c75b9f293cdeda43d3bb466139db5f65,https://ckan.publishing.service.gov.uk/dataset/c2a2d345-fd43-4a5a-af8e-82832fc87cb1,marine-environmental-data-information-network
c7c0dae30f7f5484cb311d0a1724dc83,https://ckan.publishing.service.gov.uk/dataset/32e31094-3cb8-433c-a240-6d618badc406,marine-environmental-data-information-network
c7d437cd0d84081bbc65771326840548,https://ckan.publishing.service.gov.uk/dataset/f0233f75-f3c4-479d-9658-e0c51e7ce10b,marine-environmental-data-information-network
c7f12ac2-3190-4e7c-8b90-86760cfa14e0,https://ckan.publishing.service.gov.uk/dataset/2a3296fc-5ed2-4a72-8fef-bb4136b2fcee,marine-environmental-data-information-network
c87153459b37b77e1791672c64e7dbc3,https://ckan.publishing.service.gov.uk/dataset/2c25b204-51eb-4b12-83cb-9b33e6c0f4a2,marine-environmental-data-information-network
c87fa216-4c2c-49a3-8329-e4f0e910e827,https://ckan.publishing.service.gov.uk/dataset/ab873100-ac6e-4091-b145-785c649bfa13,marine-environmental-data-information-network
c8aba0bb18333a8e87e6a693769172f7,https://ckan.publishing.service.gov.uk/dataset/718f4168-acd9-4f89-8d78-5fbb2150f043,marine-environmental-data-information-network
c8c3c92e-18d5-4c6b-8679-c706589be2ec,https://ckan.publishing.service.gov.uk/dataset/1a9fa25a-b0d8-4836-bd99-7b3412b3e817,marine-environmental-data-information-network
c8c479c884b3f7863693769155ff8baa,https://ckan.publishing.service.gov.uk/dataset/fd3a2c87-f2b3-4348-a3f0-9adcd764cc8b,marine-environmental-data-information-network
c8debcead7f85ff12fad56aefb6e11d9,https://ckan.publishing.service.gov.uk/dataset/f1b48869-2408-45f0-a38e-1e64465702a2,marine-environmental-data-information-network
c8f700205dbc54690e6c2c8ab51787f0,https://ckan.publishing.service.gov.uk/dataset/714ed5ef-80de-4563-bafa-998d26a733a3,marine-environmental-data-information-network
c9419f656dd4822a4aebd59b6449b1e6,https://ckan.publishing.service.gov.uk/dataset/413c2955-f8e4-43a2-a1cb-d003f6eebf51,marine-environmental-data-information-network
c98f40bc-be97-4963-81d5-7fc9031a5c16,https://ckan.publishing.service.gov.uk/dataset/b3795764-7840-4feb-92b7-283a47b380c4,marine-environmental-data-information-network
c9c71a815c92446e0651bb228edd32f4,https://ckan.publishing.service.gov.uk/dataset/e3001c31-81e3-4486-b8e0-d815ad25ec7a,marine-environmental-data-information-network
c9d6ccf033fbcf0a78e6034d026288ec,https://ckan.publishing.service.gov.uk/dataset/c8ddaf93-95b8-43b6-a025-c91a57833557,marine-environmental-data-information-network
c9d872b4-8c79-4783-94d6-e26dc770487d,https://ckan.publishing.service.gov.uk/dataset/744d6fe6-0f66-47b4-95e5-25915a545c37,marine-environmental-data-information-network
ca2555295ea5b0a2282b8d115e498202,https://ckan.publishing.service.gov.uk/dataset/5530dd28-aafe-4b08-81ef-06a9b54d2171,marine-environmental-data-information-network
ca4d4815a7bf540cbee493fff98f0326,https://ckan.publishing.service.gov.uk/dataset/2c2b932b-3010-4a60-92ae-a770f1e37cd3,marine-environmental-data-information-network
ca6474111fef762e51b6a7347a771e9c,https://ckan.publishing.service.gov.uk/dataset/fcb3c463-6e51-4329-8f47-ac299bcf3b59,marine-environmental-data-information-network
ca7f57ab-b885-406e-8c08-ca5740bce26c,https://ckan.publishing.service.gov.uk/dataset/5572c81c-a966-428e-9935-e20701fbe66b,marine-environmental-data-information-network
cac613fd-5ba0-4a20-9906-bc6660959e94,https://ckan.publishing.service.gov.uk/dataset/72924fdf-54b0-4fa4-a36d-cbc0860b93da,marine-environmental-data-information-network
cad3dacd0277303ad31e4f3e9c8e4ca0,https://ckan.publishing.service.gov.uk/dataset/24e2f69b-80bc-4aeb-89a4-feb324c19b06,marine-environmental-data-information-network
caf99fad02fc8f3a3c24ba7af0bc5d54,https://ckan.publishing.service.gov.uk/dataset/9481dbd0-34f9-4994-9a84-4dffbf0d606a,marine-environmental-data-information-network
cb000b5c215876c0a2c46c409d27be99,https://ckan.publishing.service.gov.uk/dataset/8529835b-1246-43b2-9a1b-97194bb7e200,marine-environmental-data-information-network
cb329b6e8116fb7a67cedd49e4bf1518,https://ckan.publishing.service.gov.uk/dataset/21780d5d-8edf-4653-8d30-3a6dc1f0c1e0,marine-environmental-data-information-network
cb37fbb3cd2f28e715dcf317cdbad0fc,https://ckan.publishing.service.gov.uk/dataset/2907c48f-0879-4074-a724-8d710ddbe2c7,marine-environmental-data-information-network
cb381b19605860375cb7a0cea5d29be2,https://ckan.publishing.service.gov.uk/dataset/ea8a14fe-2b78-4c53-bbc2-ab72535cbafa,marine-environmental-data-information-network
cb409e0d-f5af-415a-af96-bca466c607e7,https://ckan.publishing.service.gov.uk/dataset/e8acf1cc-50d6-4649-a9b9-2f5b3f454ee8,marine-environmental-data-information-network
cb49de10-6b71-4596-a621-6e99dd3e2330,https://ckan.publishing.service.gov.uk/dataset/2942b001-9a15-4a5c-a324-31cda3943e24,marine-environmental-data-information-network
cb73be9c-a58e-492c-85f8-7ac340201b80,https://ckan.publishing.service.gov.uk/dataset/7f6595f5-f05d-4072-abd8-59c2377bd1fd,marine-environmental-data-information-network
cb8ea23d-1715-4402-9d0a-63789f6e8e9c,https://ckan.publishing.service.gov.uk/dataset/bb4d7429-da1d-44b2-a007-360cbec612bc,marine-environmental-data-information-network
cbc7f08c-dd1d-45ca-8b52-684998c9cd3c,https://ckan.publishing.service.gov.uk/dataset/c9fe678c-b502-4e2c-a5c3-26e5669d23c6,marine-environmental-data-information-network
cbd79058-30c3-4e60-9d1e-9ad585dcf780,https://ckan.publishing.service.gov.uk/dataset/e27c961c-0a3d-4954-8e3d-191ab278e0ae,marine-environmental-data-information-network
cbedc608ce5963736b8ffa3f836537e5,https://ckan.publishing.service.gov.uk/dataset/11110d6d-8d32-4883-9a28-b54a3b72d679,marine-environmental-data-information-network
cc0a752c493a4255aac3fabc8490b031,https://ckan.publishing.service.gov.uk/dataset/48e25de2-fef9-4e52-a284-d17abf462d80,marine-environmental-data-information-network
cc378d0f-6c8a-4a26-b6bd-d3f6706f401a,https://ckan.publishing.service.gov.uk/dataset/caa03b9b-3fa0-4d18-a2bf-de69ed3186b1,marine-environmental-data-information-network
cc7a7700a9d668ba21fc773f567df8c2,https://ckan.publishing.service.gov.uk/dataset/b0d18f7f-442a-4e15-8f92-05ef86177899,marine-environmental-data-information-network
ccd19d69766cc0227689ee6ea6e0d320,https://ckan.publishing.service.gov.uk/dataset/ae7ac522-5f6e-402c-8be2-46a48976b591,marine-environmental-data-information-network
ccfe4860-b69a-45bc-81d9-7d55fcec686b,https://ckan.publishing.service.gov.uk/dataset/4f37da32-70c3-47fd-a99e-6f377d0e62eb,marine-environmental-data-information-network
cd3509f475a6c594d3dcbda1a45a21d6,https://ckan.publishing.service.gov.uk/dataset/81120459-1691-4e8d-a2fa-63e3feda06ef,marine-environmental-data-information-network
cd3724c1-9bbb-4d4b-9f41-675afc6da4ca,https://ckan.publishing.service.gov.uk/dataset/97a05da2-34ca-4277-9785-09983e992f57,marine-environmental-data-information-network
cd469c52-0f6e-4313-a33d-5c086d598f2f,https://ckan.publishing.service.gov.uk/dataset/b2147675-55af-4028-9e7c-aed7f6df562a,marine-environmental-data-information-network
cd6e6c83-9500-49b1-888e-f6b0ea0e7605,https://ckan.publishing.service.gov.uk/dataset/e1feefb5-a79f-453e-9c3a-bda6425f7f21,marine-environmental-data-information-network
cda58f0fafda0dc265987152af47ceb8,https://ckan.publishing.service.gov.uk/dataset/b8e202a1-3d47-4208-90ef-86dd7129dcff,marine-environmental-data-information-network
cdb33cef49be7caa80dff1f922fcfeb8,https://ckan.publishing.service.gov.uk/dataset/4e37ee55-4a45-425f-aac8-780e7317aadf,marine-environmental-data-information-network
cdc5e1d0ff3525b71ae837eaa50c3b7b,https://ckan.publishing.service.gov.uk/dataset/deca93f3-8c80-42bd-8236-4f69a1db81b0,marine-environmental-data-information-network
cdc73ef036c19ce0d222f0a88a72f42c,https://ckan.publishing.service.gov.uk/dataset/6788daf4-8c24-4436-b864-06d1730ba346,marine-environmental-data-information-network
cdd8764cd5f2d83e1805ce156f2ada6b,https://ckan.publishing.service.gov.uk/dataset/1993fe7f-b4a9-435c-851a-7c9cf640896d,marine-environmental-data-information-network
cde8d2cf25ff3916ebeaa5cd08aedeee,https://ckan.publishing.service.gov.uk/dataset/b7a39b25-0c89-4f71-8e97-3ec99b91b36b,marine-environmental-data-information-network
ce39e295-bcb0-4d0f-8e77-04937a3e8757,https://ckan.publishing.service.gov.uk/dataset/431e0acc-d05f-4db4-a9b9-40117e6d7693,marine-environmental-data-information-network
ce4af5cf2a76cf23b6d40c949dff7c2c,https://ckan.publishing.service.gov.uk/dataset/424a14a1-7f7b-428b-bf6d-442e2f0b6c92,marine-environmental-data-information-network
ce549637a6b089bfc4f6025807bd28fc,https://ckan.publishing.service.gov.uk/dataset/1b1a5f23-85fb-492a-a7b9-67637c610028,marine-environmental-data-information-network
ce5a96aef9bf244f496beb8eff656a12,https://ckan.publishing.service.gov.uk/dataset/56361cda-3cab-4df5-ad64-764415a5ba4d,marine-environmental-data-information-network
ce78125349e04c621313a7569ca04009,https://ckan.publishing.service.gov.uk/dataset/9038620c-3013-4202-b5de-45d7c4c2ad60,marine-environmental-data-information-network
ce9c746c57a00a1d1d866f9673d06756,https://ckan.publishing.service.gov.uk/dataset/5faea76b-619e-4dd1-a9cc-bc3c5a8a50cf,marine-environmental-data-information-network
CEFAS002241a1-72c4-4d8b-afc0-ea7f5da1319b,https://ckan.publishing.service.gov.uk/dataset/0679733e-b7a1-4306-a4d2-c1fc26e191e6,marine-environmental-data-information-network
CEFAS003c4dd5-217b-49c0-834c-398a13618b35,https://ckan.publishing.service.gov.uk/dataset/888bc363-70a6-42c4-a6ff-e3dab8eb8f20,marine-environmental-data-information-network
CEFAS0051e5d8-664e-43fc-a5a0-85f4ee1f814b,https://ckan.publishing.service.gov.uk/dataset/b35aa66b-0edc-4620-9ef6-7fe7e9ab12d8,marine-environmental-data-information-network
CEFAS00549e3e-156d-4a0f-b619-4c35836b82f9,https://ckan.publishing.service.gov.uk/dataset/799dca3a-41e7-40ae-ad0e-270e4cc612d7,marine-environmental-data-information-network
CEFAS0056334D-768F-49FE-A822-8170073F6CFB,https://ckan.publishing.service.gov.uk/dataset/7249e999-f918-4829-96df-d1beb8aa94bc,marine-environmental-data-information-network
CEFAS00579afa-6240-4387-bddc-0af787b17ad2,https://ckan.publishing.service.gov.uk/dataset/237d4c45-69b8-42f1-9986-0ddf4e3a19e3,marine-environmental-data-information-network
CEFAS006de599-4e12-4a63-8242-7c0d23c75bc1,https://ckan.publishing.service.gov.uk/dataset/56f2854e-20b0-434f-a338-77d32fc8397e,marine-environmental-data-information-network
CEFAS007be7f6-7e68-408f-9eb6-f94e20dcc112,https://ckan.publishing.service.gov.uk/dataset/1e13d90f-0616-4b5f-a761-f5d644d78e1b,marine-environmental-data-information-network
CEFAS00936a98-1ca4-48f4-8eca-b5ca7703a5c9,https://ckan.publishing.service.gov.uk/dataset/2f291e00-2726-451d-babf-45bb82549f76,marine-environmental-data-information-network
CEFAS009cda59-fc13-4ac2-a3eb-c3dc81fca2d7,https://ckan.publishing.service.gov.uk/dataset/2680d646-fe4f-43d0-afab-5350fe5a9585,marine-environmental-data-information-network
CEFAS00c89b57-0293-4579-8460-66bacf8cdae8,https://ckan.publishing.service.gov.uk/dataset/04103eda-1f5a-46c5-b10b-514f39bb0b64,marine-environmental-data-information-network
CEFAS00D68BBC-C8F0-4A04-A901-043C6C3BA7CB,https://ckan.publishing.service.gov.uk/dataset/5ed029ff-85ef-45f4-9072-ac2aabf46778,marine-environmental-data-information-network
CEFAS00dff11a-0dc9-4f4a-aec9-1ff1ca124e97,https://ckan.publishing.service.gov.uk/dataset/0eea9a04-4f1b-4109-b6c7-33ca71e1392f,marine-environmental-data-information-network
CEFAS00fa1ab0-806d-4efb-83c7-46755812169b,https://ckan.publishing.service.gov.uk/dataset/51c6ebdb-59ea-4e3a-afc4-53505bcff85c,marine-environmental-data-information-network
CEFAS0112baa1-982f-41d3-bd1f-1250266708a0,https://ckan.publishing.service.gov.uk/dataset/793419f2-fad1-4984-829c-474541dc9ee4,marine-environmental-data-information-network
CEFAS012df568-a7e5-4d6c-ad4e-aea215efa62c,https://ckan.publishing.service.gov.uk/dataset/90473cba-a020-4930-a403-199d8808fdd9,marine-environmental-data-information-network
CEFAS012e55f3-329c-4b2d-b115-438582ed8d7c,https://ckan.publishing.service.gov.uk/dataset/a2d83bc0-f096-4241-a327-adeb894dd8ce,marine-environmental-data-information-network
CEFAS015015c9-4c60-4471-af5c-3765a2ce0009,https://ckan.publishing.service.gov.uk/dataset/fb6bdf88-bb4c-4567-b850-9201822e393d,marine-environmental-data-information-network
CEFAS01513EF4-0FFF-48FA-8157-3AC349EF81C3,https://ckan.publishing.service.gov.uk/dataset/edfacfb9-6af1-445c-9293-4b6eadc660a9,marine-environmental-data-information-network
CEFAS0162a5d9-0eb2-4e26-92f1-7dce82e052f9,https://ckan.publishing.service.gov.uk/dataset/92d48e50-4a50-422a-8c80-8237fc5f2dee,marine-environmental-data-information-network
CEFAS018ee197-9d3a-4dd3-a9ee-bbae0471b339,https://ckan.publishing.service.gov.uk/dataset/91028d78-72b2-4e80-a2a6-c30d8979caf5,marine-environmental-data-information-network
CEFAS01a80735-e41c-4b21-a65d-685abcbe1a30,https://ckan.publishing.service.gov.uk/dataset/162aa367-3f6c-4b39-bc6a-2e161102135e,marine-environmental-data-information-network
CEFAS01b1853a-dfb9-4673-a7b4-6147b5eae4ab,https://ckan.publishing.service.gov.uk/dataset/c71a9a36-b90e-4c10-b0ff-c35d94309bbb,marine-environmental-data-information-network
CEFAS01b3e698-29e4-4c69-9683-820e65e50f8b,https://ckan.publishing.service.gov.uk/dataset/a9f9b13e-dede-4ff2-a232-51676ad770f8,marine-environmental-data-information-network
CEFAS01f1f9a6-e9e7-4b43-be50-a8367aa26d44,https://ckan.publishing.service.gov.uk/dataset/18e67f90-f6d8-44e1-8f52-24e761f0ba07,marine-environmental-data-information-network
CEFAS0205ca85-3e50-44f3-8bcb-2c29239974cd,https://ckan.publishing.service.gov.uk/dataset/73ff22d6-ab0c-46f4-9b57-9ed90f76cfb0,marine-environmental-data-information-network
CEFAS021a5fad-4226-4f60-8e33-a15594894d4e,https://ckan.publishing.service.gov.uk/dataset/415e528b-25b6-444f-8bde-5129731ac722,marine-environmental-data-information-network
CEFAS021b3ae5-caae-4ee9-86b9-6bbe814ed2af,https://ckan.publishing.service.gov.uk/dataset/9405652b-4a4d-4154-8a24-7015fc85c92b,marine-environmental-data-information-network
CEFAS022d8a2e-7edc-4afb-bf6e-87e57603ded8,https://ckan.publishing.service.gov.uk/dataset/08d5e65e-8193-41ee-b754-801ca4ddf559,marine-environmental-data-information-network
CEFAS023dcc3b-d039-4b1b-9a1c-bfba27a73c52,https://ckan.publishing.service.gov.uk/dataset/e1ba959b-aa3c-4463-8c07-2370fedd8864,marine-environmental-data-information-network
CEFAS0242e9a8-dea8-4308-95bc-0c6d760d4e65,https://ckan.publishing.service.gov.uk/dataset/033656fb-748b-490d-9621-b1019437a42f,marine-environmental-data-information-network
CEFAS026364c2-1697-4699-ac1b-3fa88cdd6c0c,https://ckan.publishing.service.gov.uk/dataset/e45ee81a-21c7-46a0-82a3-4e2e8a4ebfed,marine-environmental-data-information-network
CEFAS02695b59-5def-4796-a92e-e098801e7318,https://ckan.publishing.service.gov.uk/dataset/1f4bba62-8432-4df1-aafe-1bc492d753d5,marine-environmental-data-information-network
CEFAS029aecfc-8289-4b26-a630-54de26d6d7a4,https://ckan.publishing.service.gov.uk/dataset/c0db4adf-73bc-4cbf-abd3-120a59cb5157,marine-environmental-data-information-network
CEFAS02a3565f-c1e6-43f8-9692-981053409dbd,https://ckan.publishing.service.gov.uk/dataset/78a50092-c91c-47cc-ab9e-673cecd3a397,marine-environmental-data-information-network
CEFAS02a3a7d0-4cf3-4ee5-a374-8ca6c8143056,https://ckan.publishing.service.gov.uk/dataset/674e1dc6-db1c-4fdc-a5d8-f790e2a80a3b,marine-environmental-data-information-network
CEFAS02be0911-ac86-4a50-9174-8e61b660e29c,https://ckan.publishing.service.gov.uk/dataset/7b4ddb24-a27c-4940-999a-1c693005c7aa,marine-environmental-data-information-network
CEFAS02dead5c-fa55-47d5-9b31-d2471e3847d7,https://ckan.publishing.service.gov.uk/dataset/a0460222-6979-48dd-9d8c-aef356618009,marine-environmental-data-information-network
CEFAS02f0b102-23ce-4046-9b23-38250720e698,https://ckan.publishing.service.gov.uk/dataset/37d68c09-7fd3-4410-a306-affdd90a0c46,marine-environmental-data-information-network
CEFAS02fafc97-688e-4315-83bb-7503317a550f,https://ckan.publishing.service.gov.uk/dataset/f84304bb-def4-4697-84da-4eecca86efdb,marine-environmental-data-information-network
CEFAS031D4A71-8289-4B82-BA31-002C910B83B7,https://ckan.publishing.service.gov.uk/dataset/5d77396f-86ca-440e-b191-21c3960dfbcb,marine-environmental-data-information-network
CEFAS033fa224-9e9a-4934-96b1-48161717443a,https://ckan.publishing.service.gov.uk/dataset/2ce6b6ba-25fb-413c-8f59-34c348425bd7,marine-environmental-data-information-network
CEFAS034A6B16-CB4F-4E60-BA18-CDECD4C7E3A4,https://ckan.publishing.service.gov.uk/dataset/4b3e7b49-5a0c-4393-9731-ceafb8958b09,marine-environmental-data-information-network
CEFAS035374ec-8971-4e10-95e1-cfde79f3d883,https://ckan.publishing.service.gov.uk/dataset/37d5077a-85c7-42a7-8cf8-461ba964db58,marine-environmental-data-information-network
CEFAS03567764-da98-433d-b8cf-29a07f2156a2,https://ckan.publishing.service.gov.uk/dataset/a5ff187c-81f5-4300-acce-cb9e0b90ee15,marine-environmental-data-information-network
CEFAS0361a083-bc34-428e-b9d0-41c422c2faad,https://ckan.publishing.service.gov.uk/dataset/14093698-8c08-40b6-8a03-e6642f957146,marine-environmental-data-information-network
CEFAS0381090c-8269-4cf9-9a16-832b1b20f523,https://ckan.publishing.service.gov.uk/dataset/a19bdbb8-b31a-43b0-9fd9-ccb6920e7ff8,marine-environmental-data-information-network
CEFAS0387c2cd-ef51-421c-82f5-96161d72b973,https://ckan.publishing.service.gov.uk/dataset/319260bb-17b8-4636-a795-8aee04efb09d,marine-environmental-data-information-network
CEFAS039cad42-d288-48b6-8462-27b17219270e,https://ckan.publishing.service.gov.uk/dataset/1586b4c5-e1a9-4334-ba5a-b4d5133c3aad,marine-environmental-data-information-network
CEFAS03a925f9-0009-4e39-bb8f-1f06e617003d,https://ckan.publishing.service.gov.uk/dataset/cdd80f22-8e93-445b-8821-2135b0379f57,marine-environmental-data-information-network
CEFAS03ae39a3-52c7-4470-821c-0050c78b6ff8,https://ckan.publishing.service.gov.uk/dataset/ac24a33b-a426-4f02-b0e6-61826b4cf1c8,marine-environmental-data-information-network
CEFAS03ed7edc-f9bc-45a9-873e-ba1d71f86029,https://ckan.publishing.service.gov.uk/dataset/9cea47f2-2693-43fd-8c3c-62476a90afb8,marine-environmental-data-information-network
CEFAS03ee7e99-7453-4e37-8502-adcd82853da1,https://ckan.publishing.service.gov.uk/dataset/1f21992d-c157-4fee-b551-f57f064657de,marine-environmental-data-information-network
CEFAS043ded73-8ebd-420a-9c5a-de0fabe8f433,https://ckan.publishing.service.gov.uk/dataset/a720640c-0ec8-4fc8-89c5-94486f6f736d,marine-environmental-data-information-network
CEFAS04451bbf-1f29-460e-af9d-49a5aee1a95c,https://ckan.publishing.service.gov.uk/dataset/d8b60ac6-4980-4470-97ed-9a5a30ae08ef,marine-environmental-data-information-network
CEFAS0480535d-9825-473f-8c72-6fe58f9590b5,https://ckan.publishing.service.gov.uk/dataset/8f69eeb7-8b38-4923-8340-3c5df4f758cd,marine-environmental-data-information-network
CEFAS04957bea-5e56-4edc-9b3b-51e9a7ba85d7,https://ckan.publishing.service.gov.uk/dataset/c32f9333-0d69-4f8c-9cb8-fa30be21c2c7,marine-environmental-data-information-network
CEFAS049a28c4-c20a-42d1-beed-1432b1064a76,https://ckan.publishing.service.gov.uk/dataset/e7f36dd7-102a-4fef-8c95-44b7c060c7f7,marine-environmental-data-information-network
CEFAS04A31EFF-2F68-497B-9B62-09BFE2D8805D,https://ckan.publishing.service.gov.uk/dataset/fa23e4cd-1b04-477e-90cb-1e3abf954e8a,marine-environmental-data-information-network
CEFAS04bcfd25-92bd-4450-8be6-3f2a7adde387,https://ckan.publishing.service.gov.uk/dataset/0c0bd854-3b85-4cad-99d4-bf420ea2ff86,marine-environmental-data-information-network
CEFAS04be2d60-4ab5-4b21-9a8b-3af48b699cab,https://ckan.publishing.service.gov.uk/dataset/3b3bc94b-8cbc-4d7d-aecb-5dd1a3d1a8e7,marine-environmental-data-information-network
CEFAS04D77241-914F-4C7D-9420-3D2248FC9524,https://ckan.publishing.service.gov.uk/dataset/1f7ed04e-4b9e-4792-b4db-707a0d6ea7f0,marine-environmental-data-information-network
CEFAS04daddab-0d7d-4c0d-b8e0-d022f123fd07,https://ckan.publishing.service.gov.uk/dataset/562a8197-6981-4415-82a6-554922b7667b,marine-environmental-data-information-network
CEFAS04ec55c1-b6a6-474c-8d52-ceacaafd12bf,https://ckan.publishing.service.gov.uk/dataset/1e6ec6ae-08bc-451f-b25e-ef37b2549651,marine-environmental-data-information-network
CEFAS050dd2cd-24b7-4f84-872b-ff42ca40b2c1,https://ckan.publishing.service.gov.uk/dataset/1dcc84d2-0d79-4e3a-853b-ac5916b946fc,marine-environmental-data-information-network
CEFAS051166BF-20DB-4860-92C9-B15EDDA2C728,https://ckan.publishing.service.gov.uk/dataset/68173ed3-d7ca-482d-b8e5-019715d3ae44,marine-environmental-data-information-network
CEFAS053326c7-7579-4958-9ee1-096940dd0319,https://ckan.publishing.service.gov.uk/dataset/ac0f79eb-5141-4df2-8358-1c39332ce817,marine-environmental-data-information-network
CEFAS053ae9c1-e65c-415a-91c8-cc61a6f611c6,https://ckan.publishing.service.gov.uk/dataset/c3447999-85b9-471e-a255-119602637e91,marine-environmental-data-information-network
CEFAS0553a94d-0979-4f79-a63b-0806f1527908,https://ckan.publishing.service.gov.uk/dataset/0836abdf-2dab-4d6a-a65f-ce4c37d9cbd9,marine-environmental-data-information-network
CEFAS0575136a-b117-4183-8985-94e254a09796,https://ckan.publishing.service.gov.uk/dataset/d880ebc3-d9cd-401d-ada2-7cb63ed2e9f4,marine-environmental-data-information-network
CEFAS057cdc2a-7a2b-4c3c-a33b-fbf458692151,https://ckan.publishing.service.gov.uk/dataset/6a7eaa71-1819-4534-a173-20695969e4b5,marine-environmental-data-information-network
CEFAS0587e355-5216-475b-a941-c0b38da957dc,https://ckan.publishing.service.gov.uk/dataset/4d742913-5d01-4bff-8708-43b9358b5118,marine-environmental-data-information-network
CEFAS05dbc3d5-d47f-4f1b-a561-28b61514c61a,https://ckan.publishing.service.gov.uk/dataset/50287670-5bb8-425b-8554-f5db3e9be6d6,marine-environmental-data-information-network
CEFAS05f5bd62-2a02-4cfc-b494-57285c5545a4,https://ckan.publishing.service.gov.uk/dataset/0104bb06-08ee-455f-853a-8b05259e8dfa,marine-environmental-data-information-network
CEFAS05f65293-8bca-4c85-a44e-2fc2a8a62ddb,https://ckan.publishing.service.gov.uk/dataset/a9f72899-efdd-4b22-911b-09e3f74b0c1b,marine-environmental-data-information-network
CEFAS06280177-f75a-4eac-b12f-6ade52bd221b,https://ckan.publishing.service.gov.uk/dataset/07813e86-79f7-43ee-bd04-a010548df7d5,marine-environmental-data-information-network
CEFAS062866e1-7111-4478-ae04-0bbcfc3e81b4,https://ckan.publishing.service.gov.uk/dataset/8005e0fb-8f11-423f-a79e-e6e4c3103774,marine-environmental-data-information-network
CEFAS063af2d4-3c7f-439d-9d0c-7911f44360c0,https://ckan.publishing.service.gov.uk/dataset/876323dc-4cc8-4096-8cca-328a52bf5b3e,marine-environmental-data-information-network
CEFAS066054f5-f6e3-4e1d-bdba-56da63a2584c,https://ckan.publishing.service.gov.uk/dataset/67e12f82-15cd-4f4c-bb67-b2d959d88012,marine-environmental-data-information-network
CEFAS06baac6c-cf1d-43ef-bf10-a71277a0548c,https://ckan.publishing.service.gov.uk/dataset/1178c540-5063-4a12-b2bf-9dded8f71966,marine-environmental-data-information-network
CEFAS06fb7b56-94f3-4329-ac69-8c776f25ffda,https://ckan.publishing.service.gov.uk/dataset/4638de67-3a65-4ea3-bf45-f32b32a46c64,marine-environmental-data-information-network
CEFAS0727336e-8737-49ca-b5bd-d83f28fc2e17,https://ckan.publishing.service.gov.uk/dataset/66ce2bc4-a0fb-4738-b8c6-43059726da06,marine-environmental-data-information-network
CEFAS07428f33-233f-431a-a0a4-3210fe245c2a,https://ckan.publishing.service.gov.uk/dataset/0268816f-0e87-4934-869d-284d1da60c16,marine-environmental-data-information-network
CEFAS07719969-c57b-477b-996a-1e81e1402774,https://ckan.publishing.service.gov.uk/dataset/43889abc-61eb-457e-90bb-25f21386f4f6,marine-environmental-data-information-network
CEFAS079fe9bb-b471-4fa9-87fe-c04038ed85cf,https://ckan.publishing.service.gov.uk/dataset/5df78b5c-6c94-4dc4-b8e0-9f76573629c3,marine-environmental-data-information-network
CEFAS07B6E389-3B43-4CEB-AD26-A26D56F4C027,https://ckan.publishing.service.gov.uk/dataset/8e85429f-5660-4385-9565-b191a8a7c1a8,marine-environmental-data-information-network
CEFAS07e2655d-c256-46ae-9b72-bc46b2dd8789,https://ckan.publishing.service.gov.uk/dataset/c13c1254-3f38-438c-a91c-d1f7d5aecffe,marine-environmental-data-information-network
CEFAS08124d24-522a-43d3-ab50-4ff36cfbdaf3,https://ckan.publishing.service.gov.uk/dataset/e8894dfe-0551-42fc-a168-48025c0269b1,marine-environmental-data-information-network
CEFAS08280cca-08a4-481a-9b09-c0431413d263,https://ckan.publishing.service.gov.uk/dataset/d100ce8c-ed12-4f07-93df-ac762fa2a17e,marine-environmental-data-information-network
CEFAS0849c428-cce1-46e4-9341-b0443e3f01d5,https://ckan.publishing.service.gov.uk/dataset/cc896002-f0cb-4539-8baf-90d1390ee653,marine-environmental-data-information-network
CEFAS087e632b-0a01-451b-8511-98ea504e1512,https://ckan.publishing.service.gov.uk/dataset/0cd699a5-7c46-4eed-a36c-013296200ee7,marine-environmental-data-information-network
CEFAS0886cd68-ac0d-450f-b924-3d71498d7346,https://ckan.publishing.service.gov.uk/dataset/49b6e158-92c0-4f71-85aa-eaa2714bbe60,marine-environmental-data-information-network
CEFAS08b8bb70-3a91-4580-8c8b-bfd17af6a4b6,https://ckan.publishing.service.gov.uk/dataset/2f1b25f8-ae1d-468f-9e4d-cda2f16e70ff,marine-environmental-data-information-network
CEFAS08d11a81-5bde-460f-8d86-826cba882119,https://ckan.publishing.service.gov.uk/dataset/9e3e0640-b77c-4a66-9cb1-0f8fc9ee76f3,marine-environmental-data-information-network
CEFAS08e80430-0658-40cd-a923-8a0ae897a783,https://ckan.publishing.service.gov.uk/dataset/c7249e5c-2fd0-4826-b7eb-194c81d141d2,marine-environmental-data-information-network
CEFAS08f41c2b-3920-4336-856f-8439350ebf44,https://ckan.publishing.service.gov.uk/dataset/f9436649-e079-443e-b8a7-ae3fbf97e2b0,marine-environmental-data-information-network
CEFAS09311219-2487-43fd-b6a2-a645306a33af,https://ckan.publishing.service.gov.uk/dataset/1b14d35c-4c49-4d39-ab48-b83fa9da9c7f,marine-environmental-data-information-network
CEFAS096e0c8c-fd2f-418f-8f3b-4b7d71d40c93,https://ckan.publishing.service.gov.uk/dataset/b6eb8d7e-3059-40b5-9e0d-6765991fc3ed,marine-environmental-data-information-network
CEFAS0982e695-2683-468e-a0ac-b6278764235b,https://ckan.publishing.service.gov.uk/dataset/0c8648e2-f997-422a-8793-e9cd092af411,marine-environmental-data-information-network
CEFAS0989c927-576d-4be2-beaa-401b71362a91,https://ckan.publishing.service.gov.uk/dataset/7ece5cc3-3dad-43a4-9379-283e5b194713,marine-environmental-data-information-network
CEFAS09b427d4-d3a7-49b2-ac8b-7a52cb07bc79,https://ckan.publishing.service.gov.uk/dataset/6e2c7cee-bb1c-4e05-9e8a-f1c6c1b67cf9,marine-environmental-data-information-network
CEFAS09c72bf6-5a36-4f1d-8ba6-78c24aabcab4,https://ckan.publishing.service.gov.uk/dataset/a13b8d3a-bab7-42ac-b1c9-c919b8f396a0,marine-environmental-data-information-network
CEFAS09d7f9fe-bcf0-4f72-8d2f-df45b96ada86,https://ckan.publishing.service.gov.uk/dataset/6acd2e0d-01f8-47b9-8eab-12dd1d20d993,marine-environmental-data-information-network
CEFAS09efd4ef-45ce-417b-b95e-6ee79e45344a,https://ckan.publishing.service.gov.uk/dataset/76a43147-532a-44a8-b982-e0877c2e475f,marine-environmental-data-information-network
CEFAS0a05aca5-00d9-40ba-9feb-6e8d4078a12e,https://ckan.publishing.service.gov.uk/dataset/d4e96ad3-e339-44ca-88cc-d855cb7a68a2,marine-environmental-data-information-network
CEFAS0a1e145b-62fd-45f2-9e4e-829005f80525,https://ckan.publishing.service.gov.uk/dataset/f364d637-1ba9-4e64-9d11-258f24b945eb,marine-environmental-data-information-network
CEFAS0a2a44e3-20f4-401e-86b4-a1d6d6ba64e4,https://ckan.publishing.service.gov.uk/dataset/86374ad8-5d4f-44f9-ba8a-16c988221212,marine-environmental-data-information-network
CEFAS0a2cf9d5-e5af-4350-9386-50865a57cd63,https://ckan.publishing.service.gov.uk/dataset/26b41c38-38bc-4cd5-a4f9-23396bf3f387,marine-environmental-data-information-network
CEFAS0a2e1d80-296c-4134-98df-73d537f68471,https://ckan.publishing.service.gov.uk/dataset/bb66f51a-4c37-4e82-acc0-36bac63b2fcd,marine-environmental-data-information-network
CEFAS0a49198e-1180-469a-9879-ba4f59d84a3c,https://ckan.publishing.service.gov.uk/dataset/81b6f622-c60b-4127-b2fc-31f53043d72c,marine-environmental-data-information-network
CEFAS0a59f726-5552-40a2-a50b-a06dd4db04c1,https://ckan.publishing.service.gov.uk/dataset/50791b8f-2d12-4dc9-aef0-9cf0e0b8f880,marine-environmental-data-information-network
CEFAS0a75ee2f-06a7-4bd3-b76f-0b5f8138f6ad,https://ckan.publishing.service.gov.uk/dataset/8e0cb08b-26b1-4a9c-9069-99254d6bdee4,marine-environmental-data-information-network
CEFAS0A83A82C-064C-4253-9587-0D5EAD2318B6,https://ckan.publishing.service.gov.uk/dataset/7ed26206-1772-46a8-96b1-456e599e5548,marine-environmental-data-information-network
CEFAS0a892668-bf86-4e88-946f-e8432f3a02be,https://ckan.publishing.service.gov.uk/dataset/d00f3c3f-28c1-46a5-82b8-d28a6d64fcc2,marine-environmental-data-information-network
CEFAS0aa76c02-956a-487d-9d4a-2c70d783f5cc,https://ckan.publishing.service.gov.uk/dataset/b4b7c30c-ca80-45a5-a381-91eaa7722a53,marine-environmental-data-information-network
CEFAS0ab0bda0-e461-4d72-85b5-70c708ece2f8,https://ckan.publishing.service.gov.uk/dataset/68e15f93-4078-4015-930e-70eec4a9e6e8,marine-environmental-data-information-network
CEFAS0abba6e1-4646-43fc-ad65-53ab88621fa9,https://ckan.publishing.service.gov.uk/dataset/2fcf6eff-a557-4b70-b0c0-76a5c6e40fe0,marine-environmental-data-information-network
CEFAS0ac5e1b4-531e-47a0-874d-0c9ea6114a55,https://ckan.publishing.service.gov.uk/dataset/643673ff-dac4-429a-b7fe-4ec6b982ad6e,marine-environmental-data-information-network
CEFAS0aeb2fe3-84aa-4dea-8036-10d2ef10cdab,https://ckan.publishing.service.gov.uk/dataset/ea460edc-f20e-45b1-8755-5d6b5a80a662,marine-environmental-data-information-network
CEFAS0afa4b3c-e318-472f-894e-177cd3dfb3cb,https://ckan.publishing.service.gov.uk/dataset/e1c2ee68-3385-4ba0-9178-ea21b1a7d64a,marine-environmental-data-information-network
CEFAS0b11269e-6854-4a72-9e0b-2bd814098582,https://ckan.publishing.service.gov.uk/dataset/cecb5952-1a2c-47d7-bda3-6dcd4747d718,marine-environmental-data-information-network
CEFAS0b29b0a3-5988-4b0c-ba40-00442255d40b,https://ckan.publishing.service.gov.uk/dataset/84656f66-34a5-4dd8-a3bb-0accc5772731,marine-environmental-data-information-network
CEFAS0B2E5620-CE94-454E-9337-6ABEA3465B06,https://ckan.publishing.service.gov.uk/dataset/3f22aac5-226a-4c2c-b486-b87323bf1c57,marine-environmental-data-information-network
CEFAS0B92EB3C-4703-4661-967D-2FB809995ACF,https://ckan.publishing.service.gov.uk/dataset/67a99afe-fcd9-424f-ae16-8aba6374ee2a,marine-environmental-data-information-network
CEFAS0bda3796-957c-4138-9c2d-6870a6bf137e,https://ckan.publishing.service.gov.uk/dataset/515ac8c9-5329-41c8-a18a-afef7574c94f,marine-environmental-data-information-network
CEFAS0bdb299b-2697-439c-beb8-5cdff6940394,https://ckan.publishing.service.gov.uk/dataset/d1992f5d-7139-463c-9a34-4b473f3649ca,marine-environmental-data-information-network
CEFAS0BF0A6E0-85EA-41F3-83E2-B4E035F31089,https://ckan.publishing.service.gov.uk/dataset/c3a19f8c-6cea-429f-95f2-d96a5ea4a68b,marine-environmental-data-information-network
CEFAS0c16c8ec-9639-4b4d-a8a5-638845d34ef4,https://ckan.publishing.service.gov.uk/dataset/9c0de609-00d5-4400-a5d5-198105fffab1,marine-environmental-data-information-network
CEFAS0c264850-b461-488a-a37a-f99d68dbafa6,https://ckan.publishing.service.gov.uk/dataset/352ee517-902c-4c43-9e25-e61268e56394,marine-environmental-data-information-network
CEFAS0C2BA18D-C82C-40F8-AFC5-E7F2E7D500C1,https://ckan.publishing.service.gov.uk/dataset/0ea708bd-c67f-43ac-ad60-b8b0a58da735,marine-environmental-data-information-network
CEFAS0c33c81e-43d1-4b57-9740-8d2d6833c15b,https://ckan.publishing.service.gov.uk/dataset/a3da123e-229b-49e3-bc67-925f2eecbeab,marine-environmental-data-information-network
CEFAS0c5f543a-95f0-4343-9463-05bf6f4de49a,https://ckan.publishing.service.gov.uk/dataset/1793be7f-db59-4398-9f8f-ad5b603e2933,marine-environmental-data-information-network
CEFAS0c746c2d-fce8-473b-a691-3a827d0d4e7b,https://ckan.publishing.service.gov.uk/dataset/a4d6e239-695f-45a2-999c-ad400fcd36e4,marine-environmental-data-information-network
CEFAS0c9af852-8d70-4e3b-b2b8-9b43746e96d9,https://ckan.publishing.service.gov.uk/dataset/68bb2c5f-c92a-4dcf-b242-e0b7cefdc118,marine-environmental-data-information-network
CEFAS0cea34c2-dfb9-4e0a-979e-941f903fa30a,https://ckan.publishing.service.gov.uk/dataset/3a76501a-7acd-4ef7-8b3c-c5432a8d5275,marine-environmental-data-information-network
CEFAS0ced3052-8728-46fa-82ce-4c466224baed,https://ckan.publishing.service.gov.uk/dataset/3a7da774-46db-40ee-a866-20bd901e31d4,marine-environmental-data-information-network
CEFAS0cf7aabd-8bc1-44ee-b469-0e2c4a3526a7,https://ckan.publishing.service.gov.uk/dataset/0f171bc6-9ec3-477e-bc6b-baf9690114aa,marine-environmental-data-information-network
CEFAS0d4f5a61-60c3-4d42-b8b2-1e04bd2d4179,https://ckan.publishing.service.gov.uk/dataset/dd35d4ff-2df1-4dca-bfd1-d1ce1589d832,marine-environmental-data-information-network
CEFAS0d4f6917-d23c-41c1-9141-be4b9fe52f7e,https://ckan.publishing.service.gov.uk/dataset/2def082d-10d4-4d42-a8f8-5ed06933e878,marine-environmental-data-information-network
CEFAS0d510715-edeb-4836-b484-925046d31600,https://ckan.publishing.service.gov.uk/dataset/7eed6dc6-c692-402f-b3fd-0994dbf7b34d,marine-environmental-data-information-network
CEFAS0d51e82f-5ba4-471e-906f-4acd6124062d,https://ckan.publishing.service.gov.uk/dataset/61b328b5-a13b-4b62-92d6-8f5695d73e59,marine-environmental-data-information-network
CEFAS0d56d0e4-7605-4ee6-8caf-5a77f2762a8d,https://ckan.publishing.service.gov.uk/dataset/4ff07dad-11c0-49d8-a50c-904f2ed807ea,marine-environmental-data-information-network
CEFAS0D8F0484-59C7-4B83-85B9-60C7D1C04CAF,https://ckan.publishing.service.gov.uk/dataset/2ad7a311-956e-45fa-a107-676f14af74ab,marine-environmental-data-information-network
CEFAS0dcfee98-f9d0-4d04-b160-712fb3be2f77,https://ckan.publishing.service.gov.uk/dataset/6ca382ac-3997-4d30-9e5f-11533660232f,marine-environmental-data-information-network
CEFAS0dd50423-19dc-450c-8e1f-9c079738cbb0,https://ckan.publishing.service.gov.uk/dataset/c2200015-a9f0-48f6-b071-298faf4ba9ad,marine-environmental-data-information-network
CEFAS0df11c37-c849-45f7-9eda-4194005fc838,https://ckan.publishing.service.gov.uk/dataset/c7d069e2-0b07-4d4c-8ba5-b8b1803696f0,marine-environmental-data-information-network
CEFAS0e09fcb5-0495-44be-8d85-fbd903e61372,https://ckan.publishing.service.gov.uk/dataset/f2d14213-bcb7-4b57-8533-2364e57a447a,marine-environmental-data-information-network
CEFAS0e266b32-2fa8-45e4-bd3f-c7bc64b596c4,https://ckan.publishing.service.gov.uk/dataset/43b4d63c-dbc4-4c9b-a613-c202147b158b,marine-environmental-data-information-network
CEFAS0e5fc22b-7735-4316-a4ae-dcbfbeba6111,https://ckan.publishing.service.gov.uk/dataset/a1dcd03d-4e05-4dab-b755-b4227f9a04d6,marine-environmental-data-information-network
CEFAS0e87a7b7-0d92-46eb-82e4-cb7f68e974d3,https://ckan.publishing.service.gov.uk/dataset/a5a897cf-d9d7-45e9-bb72-00b47514a0d9,marine-environmental-data-information-network
CEFAS0e9bfa5a-75a7-4a5b-888b-f84205f57b8a,https://ckan.publishing.service.gov.uk/dataset/6b164969-5c9e-45b7-a832-ef86c5c5363d,marine-environmental-data-information-network
CEFAS0EA6920E-6E94-40A3-9AB1-BB39119C6687,https://ckan.publishing.service.gov.uk/dataset/a295953c-320d-4e88-ab7c-5c17cec6b66e,marine-environmental-data-information-network
CEFAS0eb55ef0-27f3-4ba0-a818-ee72980bb0e3,https://ckan.publishing.service.gov.uk/dataset/1f9b5bb8-d712-4359-8752-c9c2ef923cdc,marine-environmental-data-information-network
CEFAS0EB7FE3F-5644-4CDC-A413-A8F2DB5650F7,https://ckan.publishing.service.gov.uk/dataset/6a8ef3b2-a7b1-4f10-b580-cfccbdef03fe,marine-environmental-data-information-network
CEFAS0eba3d71-72aa-4854-b596-cf01acde848f,https://ckan.publishing.service.gov.uk/dataset/50e4d482-df0b-4672-b59b-1728b964ea46,marine-environmental-data-information-network
CEFAS0EEA11B7-91CB-4D2C-AFEA-3527F9EBF10A,https://ckan.publishing.service.gov.uk/dataset/7209feef-51a4-471b-b53d-150adb669d14,marine-environmental-data-information-network
CEFAS0eefdf21-91c7-40a3-b12d-5342234d34f4,https://ckan.publishing.service.gov.uk/dataset/930aa17e-884b-48e4-9777-34119d6bf51b,marine-environmental-data-information-network
CEFAS0f178bc7-e7a9-455e-b588-c67cdb67a233,https://ckan.publishing.service.gov.uk/dataset/b17d120e-3328-4068-89c2-57485e11e644,marine-environmental-data-information-network
CEFAS0f191338-f529-4a76-9088-97d6da9f8a72,https://ckan.publishing.service.gov.uk/dataset/e95977ff-eece-4c0f-988c-1c2583d9eda6,marine-environmental-data-information-network
CEFAS0f25b276-441c-40f6-a850-3447a9c32ddd,https://ckan.publishing.service.gov.uk/dataset/dc3fafac-16a4-4638-b029-b7f0249d716f,marine-environmental-data-information-network
CEFAS0f3921cf-7efa-497c-8776-9b843db9067f,https://ckan.publishing.service.gov.uk/dataset/0ca5f21f-a0eb-4b66-bbe6-281e2a49f588,marine-environmental-data-information-network
CEFAS0f5105dc-f93c-461a-b1a9-d342c10cdf5c,https://ckan.publishing.service.gov.uk/dataset/3ac4719a-eb32-4f0a-85d7-9cc3c37f1f6f,marine-environmental-data-information-network
CEFAS0f64ab2d-7604-4128-ba27-86236aee7241,https://ckan.publishing.service.gov.uk/dataset/666e3196-b1a7-4eaf-92a6-17cba1f99125,marine-environmental-data-information-network
CEFAS0f8954b8-5978-4544-98bf-5392cd352f9e,https://ckan.publishing.service.gov.uk/dataset/41ef2435-fcfe-49c3-bde6-9ad367d69ff7,marine-environmental-data-information-network
CEFAS0f8b60db-91ed-449e-bbb6-2c7ee038a0f0,https://ckan.publishing.service.gov.uk/dataset/d722afab-a7e6-438c-aa03-9decdfe8d095,marine-environmental-data-information-network
CEFAS0F90D31F-94F1-4253-A0D8-76219200F1C0,https://ckan.publishing.service.gov.uk/dataset/1b0aa9ed-94d6-4337-ae3c-c6d1b806bbe3,marine-environmental-data-information-network
CEFAS0fa1e933-44f2-412f-a92a-d81d29177626,https://ckan.publishing.service.gov.uk/dataset/7d32d551-ba27-410b-8346-559cc75a8de2,marine-environmental-data-information-network
CEFAS0fd3bb0e-876c-4ab9-81dd-ee0afeb10ada,https://ckan.publishing.service.gov.uk/dataset/d9b74e8c-bb7a-438f-8627-af51a1ed9276,marine-environmental-data-information-network
CEFAS0fd7dd4c-22d6-4a21-901b-3eb20ac6c433,https://ckan.publishing.service.gov.uk/dataset/aebfd50b-74a9-4048-a802-ade663735e5e,marine-environmental-data-information-network
CEFAS0fdecf27-fe85-4389-a0aa-ab661bba5dcb,https://ckan.publishing.service.gov.uk/dataset/162e1bdf-55d9-40b2-8785-b702b20d4fb6,marine-environmental-data-information-network
CEFAS100c6f6b-e311-4b7e-871b-ae29645f81ca,https://ckan.publishing.service.gov.uk/dataset/f29f5833-f44d-4009-97e9-9d55ae25044d,marine-environmental-data-information-network
CEFAS102594ff-0257-47dd-b4d7-1ad5f5d319b0,https://ckan.publishing.service.gov.uk/dataset/25ccd683-ee69-4d56-9382-c27cbe3f79ec,marine-environmental-data-information-network
CEFAS104f15e8-67f6-464e-bc1e-53013bf1ead2,https://ckan.publishing.service.gov.uk/dataset/b3759cac-0bbd-4d09-a9fd-4eff5dd47cd9,marine-environmental-data-information-network
CEFAS10812071-030a-4bdc-a4a0-170cea1e8cf2,https://ckan.publishing.service.gov.uk/dataset/89ff8322-3ad7-4e9a-b7df-30f285583a31,marine-environmental-data-information-network
CEFAS1086cb9f-e5bf-40af-b1e4-ccf3f25b302c,https://ckan.publishing.service.gov.uk/dataset/85fe680e-9dff-4de8-b7f3-e8d624ca4ee5,marine-environmental-data-information-network
CEFAS108b8e55-028b-4209-b5cf-24374d82a582,https://ckan.publishing.service.gov.uk/dataset/efdeb1d9-6aca-4ed6-94d1-398bce776c72,marine-environmental-data-information-network
CEFAS10afb3d8-0d09-4d66-87b1-47dea5e032d9,https://ckan.publishing.service.gov.uk/dataset/8f7c1fb5-df4c-465e-ae34-ccc6007883c8,marine-environmental-data-information-network
CEFAS10e404a9-736f-482e-9968-e40c96fb90a1,https://ckan.publishing.service.gov.uk/dataset/9dfe51e9-7c6c-49b1-b0be-4a2f176e7a88,marine-environmental-data-information-network
CEFAS10f9365e-6dbd-4b86-b9af-21d850f6b310,https://ckan.publishing.service.gov.uk/dataset/4336354b-f065-4499-aacd-569c866f6999,marine-environmental-data-information-network
CEFAS10fd642e-37f5-4f6d-8517-bea73f7685d5,https://ckan.publishing.service.gov.uk/dataset/ae575e51-7817-48fc-81ce-d0b441122d70,marine-environmental-data-information-network
CEFAS1171372a-92df-4122-8c75-a9b744d2cd47,https://ckan.publishing.service.gov.uk/dataset/686cd51f-b504-4c05-99f7-80a3e96bde59,marine-environmental-data-information-network
CEFAS117231a7-0820-4fda-940d-91b24a7da1fc,https://ckan.publishing.service.gov.uk/dataset/e2352f65-b9ab-47e6-be5b-8366d00b9e8d,marine-environmental-data-information-network
CEFAS11747b65-7ae2-4a69-a2e5-00acc1e08904,https://ckan.publishing.service.gov.uk/dataset/61da6f7e-5f1e-4df6-bb98-109a38915503,marine-environmental-data-information-network
CEFAS119ce486-0083-46da-bc44-50068c170c34,https://ckan.publishing.service.gov.uk/dataset/0efa735b-c907-4818-b627-074a6f592347,marine-environmental-data-information-network
CEFAS11A1D5C5-B63E-4A74-831A-0AE98C389893,https://ckan.publishing.service.gov.uk/dataset/9cdd81b7-5a90-4b65-9afe-926c71632fa4,marine-environmental-data-information-network
CEFAS11e100c4-e6ab-40e4-bbba-14cfa6b1acaa,https://ckan.publishing.service.gov.uk/dataset/485ce788-4ee8-497e-9fe4-eda1f2f89d2a,marine-environmental-data-information-network
CEFAS11ebd3ad-c4fb-4b58-85de-118da2fbed08,https://ckan.publishing.service.gov.uk/dataset/4bd7d2ed-bebb-4d9c-8440-bf504e3a9d8d,marine-environmental-data-information-network
CEFAS120b77eb-34b1-40c0-9c90-3747121d6679,https://ckan.publishing.service.gov.uk/dataset/45e15187-1d14-44e7-bbd1-4eacc408e681,marine-environmental-data-information-network
CEFAS128c23ed-c973-42b4-a784-8078ccae6563,https://ckan.publishing.service.gov.uk/dataset/3b5dfc24-ce36-40d4-b081-3d3d18d1e8b7,marine-environmental-data-information-network
CEFAS12e13bbe-be21-4da8-8fa4-e7b4073c9b79,https://ckan.publishing.service.gov.uk/dataset/57e02d1f-9f7e-43e2-bb70-b9c62f909824,marine-environmental-data-information-network
CEFAS1311d791-9495-40eb-a5ab-b65b6ffd7f32,https://ckan.publishing.service.gov.uk/dataset/0665f0cd-1b04-482a-9f89-028c23ef8d83,marine-environmental-data-information-network
CEFAS131dc4a8-c6a4-4f8d-8d96-7518278924d8,https://ckan.publishing.service.gov.uk/dataset/25d222bb-8b54-45a4-8eed-68ae673e9589,marine-environmental-data-information-network
CEFAS13304cec-a4cb-404f-8457-eb0bcbf85423,https://ckan.publishing.service.gov.uk/dataset/d459b6f6-4b05-4669-9020-52531eda8363,marine-environmental-data-information-network
CEFAS134d8cda-55e3-4483-88d8-7530a66076c8,https://ckan.publishing.service.gov.uk/dataset/d1674554-8e02-4e1d-af5b-9c45e8d21165,marine-environmental-data-information-network
CEFAS135200b0-1da0-447f-9dca-1570fff1588e,https://ckan.publishing.service.gov.uk/dataset/efdbfdc0-c684-4127-a3ab-258788e1c311,marine-environmental-data-information-network
CEFAS135c0025-0f23-4698-86e6-03b70c77e3be,https://ckan.publishing.service.gov.uk/dataset/e1e36f8c-b253-4db4-8186-cb1002ddba6e,marine-environmental-data-information-network
CEFAS1372f56e-fccf-4c5e-8d30-bb328f082bb9,https://ckan.publishing.service.gov.uk/dataset/3c0b53f2-306a-4552-8f69-bed191377aa9,marine-environmental-data-information-network
CEFAS137bc4a3-3e69-4362-8d58-086e6c94cee3,https://ckan.publishing.service.gov.uk/dataset/ab9b9d32-e98e-4bfc-9b3d-85f2d08989ee,marine-environmental-data-information-network
CEFAS138af730-3cba-412e-930d-fcea37762397,https://ckan.publishing.service.gov.uk/dataset/7a6ba9f3-0424-45ed-9af0-d3d72aa9ea12,marine-environmental-data-information-network
CEFAS1390ed19-842e-479b-a0ff-420b64059a4e,https://ckan.publishing.service.gov.uk/dataset/42d30d78-43e6-465c-a440-f2585b825c5d,marine-environmental-data-information-network
CEFAS13a06db8-0745-4886-ab60-564da8002a11,https://ckan.publishing.service.gov.uk/dataset/b6fce1d3-c2d7-484b-ac25-612ff9be277f,marine-environmental-data-information-network
CEFAS13AF6C0D-15BB-4902-B1F2-388E8E1230AA,https://ckan.publishing.service.gov.uk/dataset/05d704bf-9c6c-43b4-bdc8-2e8eb20f4a37,marine-environmental-data-information-network
CEFAS13c3e223-70b7-487f-856e-ac9625ab318d,https://ckan.publishing.service.gov.uk/dataset/fa6d33e8-ca2c-426f-930f-4a350aa2c19b,marine-environmental-data-information-network
CEFAS13f7856a-a7a9-4a5f-b32e-ebe4570049eb,https://ckan.publishing.service.gov.uk/dataset/b936d6b0-6123-4bc0-a285-37becea81f71,marine-environmental-data-information-network
CEFAS147e4e72-20de-40b6-8146-effce1d69ddb,https://ckan.publishing.service.gov.uk/dataset/c82a0098-a37a-44d0-9103-371256714d80,marine-environmental-data-information-network
CEFAS148c3ccb-8496-4a01-b93a-83504847b83e,https://ckan.publishing.service.gov.uk/dataset/b697116c-3a6b-418c-903b-08b20bed334e,marine-environmental-data-information-network
CEFAS149de618-e2f4-472c-aa56-39e5bd656e79,https://ckan.publishing.service.gov.uk/dataset/5bb245dc-9587-4226-8ce5-b53d9744cb8e,marine-environmental-data-information-network
CEFAS149f29cb-7cf7-42c8-a0be-bba3c0b13b80,https://ckan.publishing.service.gov.uk/dataset/4219bbd3-132d-43c2-983f-b259822a44fc,marine-environmental-data-information-network
CEFAS14a0e19e-ebc8-4c83-9a0a-fe3952c397a3,https://ckan.publishing.service.gov.uk/dataset/0c853b2b-d346-4be7-85ec-163eecc7e8b9,marine-environmental-data-information-network
CEFAS14c02034-7a2d-42ca-82fb-57f6ca403099,https://ckan.publishing.service.gov.uk/dataset/997ec183-017e-4ce7-8215-db4e9c1b7a1f,marine-environmental-data-information-network
CEFAS14f8dd19-2d7d-4531-ba82-246b9816c168,https://ckan.publishing.service.gov.uk/dataset/6a2c9968-03bf-4379-8871-e099ea2eeaff,marine-environmental-data-information-network
CEFAS1503C5A2-F40D-4DBF-8028-3568E224B3DE,https://ckan.publishing.service.gov.uk/dataset/e9a0a505-0676-46e8-931b-d6966aaa5cff,marine-environmental-data-information-network
CEFAS15095626-43f3-4c78-bea1-41a89edd1360,https://ckan.publishing.service.gov.uk/dataset/467778a0-4c31-483d-9f2e-d9245ae4295e,marine-environmental-data-information-network
CEFAS152268CA-C60D-43BD-9CD0-A8005FFAFFE3,https://ckan.publishing.service.gov.uk/dataset/c7aaf137-d47c-4247-a8f8-a3093cf52c14,marine-environmental-data-information-network
CEFAS15247b97-45a4-4bf9-83ab-390788cfc397,https://ckan.publishing.service.gov.uk/dataset/5d0f7fd9-045f-4912-abb9-6b4beba9d686,marine-environmental-data-information-network
CEFAS1529f3bc-8013-4889-846e-e7b2bce8a1b3,https://ckan.publishing.service.gov.uk/dataset/d48bc71f-fd71-494c-b198-9ce44726e98b,marine-environmental-data-information-network
CEFAS153fd23b-da97-45ec-b069-169ea37aafc5,https://ckan.publishing.service.gov.uk/dataset/82389594-43a9-4804-a5ee-219661eddf9e,marine-environmental-data-information-network
CEFAS154250aa-3adc-4990-a400-0b70a208991f,https://ckan.publishing.service.gov.uk/dataset/a8185060-28de-4def-9c72-83b7e34a3189,marine-environmental-data-information-network
CEFAS156E4F59-36BE-494B-BAD9-5321D53943EA,https://ckan.publishing.service.gov.uk/dataset/25ca6067-24a8-49fa-93b8-40d841e2f799,marine-environmental-data-information-network
CEFAS1573586e-95e5-4655-b29d-af9de4c0abdc,https://ckan.publishing.service.gov.uk/dataset/30798379-c11d-4d8a-b1bb-7960c2fbcad8,marine-environmental-data-information-network
CEFAS15790ab8-2ec2-4f76-a989-33cdbef7c0f0,https://ckan.publishing.service.gov.uk/dataset/e514be84-446b-469a-baf1-e93ac7f18f38,marine-environmental-data-information-network
CEFAS15a604a9-7ac7-4bde-a254-2da7eba3b6c4,https://ckan.publishing.service.gov.uk/dataset/e4367628-7627-4c28-805b-1c86ca8ce45f,marine-environmental-data-information-network
CEFAS15aabafe-79df-4f58-a53e-6a25628948f9,https://ckan.publishing.service.gov.uk/dataset/0c813998-6570-43eb-81f0-a7309d7e8231,marine-environmental-data-information-network
CEFAS15add865-2425-4159-ae3c-924267251201,https://ckan.publishing.service.gov.uk/dataset/c0df8e69-18b3-4d4c-ac77-db6d30f94906,marine-environmental-data-information-network
CEFAS15ec99a7-69af-4f37-aa10-7914a9db5595,https://ckan.publishing.service.gov.uk/dataset/24ff50a9-c260-46e5-9265-6a22bb4cad15,marine-environmental-data-information-network
CEFAS15f10023-3f7b-407d-a983-3405094947c6,https://ckan.publishing.service.gov.uk/dataset/7f4add1d-33f2-4cad-9748-34f22f5170df,marine-environmental-data-information-network
CEFAS1616d1a9-e782-4f94-8b18-f61370c4d53b,https://ckan.publishing.service.gov.uk/dataset/d1dd2bfe-556f-4e84-a534-436335148a0e,marine-environmental-data-information-network
CEFAS16454fd8-511d-4e28-83e8-7116fcbb7427,https://ckan.publishing.service.gov.uk/dataset/5cc4b669-f484-4e86-9f72-a2c297ed6ff4,marine-environmental-data-information-network
CEFAS16721391-c1e9-4e44-b9f8-85029d2e7c55,https://ckan.publishing.service.gov.uk/dataset/a889502c-b086-44fb-9632-fe77c3c115b8,marine-environmental-data-information-network
CEFAS1687e00e-86c4-4268-bb61-803886859c0e,https://ckan.publishing.service.gov.uk/dataset/d53c6fd1-b3ee-4959-ac28-fb0908db0b19,marine-environmental-data-information-network
CEFAS16d70a43-cd80-4b83-a6a3-38baf2618238,https://ckan.publishing.service.gov.uk/dataset/23eed396-8601-49d5-a847-0b8836c6deb2,marine-environmental-data-information-network
CEFAS172f59f7-19de-44e2-8778-5a8ee1a21209,https://ckan.publishing.service.gov.uk/dataset/aa275090-374d-460a-a4bc-913e00987e36,marine-environmental-data-information-network
CEFAS175009eb-506a-431c-b51e-ff2be8007853,https://ckan.publishing.service.gov.uk/dataset/def03185-68d2-4d98-8379-9933e9d8bb17,marine-environmental-data-information-network
CEFAS1764a84a-13d0-4b7d-b64d-699b1d0343d9,https://ckan.publishing.service.gov.uk/dataset/16025f34-27ac-4180-9652-6ea182dbd2fb,marine-environmental-data-information-network
CEFAS17946F41-C19E-46C9-95B9-CA34BC176D87,https://ckan.publishing.service.gov.uk/dataset/260dec1f-29cb-4bd3-99fa-b6390e25fb52,marine-environmental-data-information-network
CEFAS179e5bd1-a93f-46e7-a89d-a16d24e77eaf,https://ckan.publishing.service.gov.uk/dataset/ac4d27b5-e6fc-4789-b9b8-d362f16a3033,marine-environmental-data-information-network
CEFAS17b8d4ee-e20c-4f84-8603-29f9526175a8,https://ckan.publishing.service.gov.uk/dataset/2812b813-b8c8-432d-b760-c7c7b63b403f,marine-environmental-data-information-network
CEFAS17C1CF1E-2441-4FD9-A64C-DA55155EE786,https://ckan.publishing.service.gov.uk/dataset/880338db-a753-4679-a516-486e2b1fb510,marine-environmental-data-information-network
CEFAS17f4fb4a-1c4e-4bd9-8784-97f48a06749b,https://ckan.publishing.service.gov.uk/dataset/31fe8126-503b-4257-bc95-4018ea5e3f08,marine-environmental-data-information-network
CEFAS182dc883-8624-40f4-bf19-c319548f574c,https://ckan.publishing.service.gov.uk/dataset/5dd7cb63-b0ff-4704-abff-bc9a50b6a4ed,marine-environmental-data-information-network
CEFAS185351b2-b545-4426-94c0-1ee4cbe988be,https://ckan.publishing.service.gov.uk/dataset/5f3b6235-2af9-4751-903e-2a2220c7d798,marine-environmental-data-information-network
CEFAS1873f7ee-6d80-4659-96e8-ec88cb14fcb8,https://ckan.publishing.service.gov.uk/dataset/ebc81bd5-7250-4b3f-b133-639a16e48888,marine-environmental-data-information-network
CEFAS1879df02-aa53-4c9d-81d3-9887fdf59545,https://ckan.publishing.service.gov.uk/dataset/2b796bf1-1c64-417d-a031-d5fbf9b0d839,marine-environmental-data-information-network
CEFAS18ab06b0-1585-473f-944a-b5444cc63127,https://ckan.publishing.service.gov.uk/dataset/f1cf30ba-fad5-43b1-90bd-a8b692c616b4,marine-environmental-data-information-network
CEFAS18b7512b-7f5a-4e74-af8a-5b8bd512ac23,https://ckan.publishing.service.gov.uk/dataset/5dd78c5d-90f1-40a4-9605-527524a5e1ef,marine-environmental-data-information-network
CEFAS18ea8930-3f4a-49d2-812e-0e22018d9364,https://ckan.publishing.service.gov.uk/dataset/3cccf482-e259-44be-848e-18ccbc472d8d,marine-environmental-data-information-network
CEFAS192A616E-294E-420C-9B52-A239E7F26C10,https://ckan.publishing.service.gov.uk/dataset/4a50fb5a-f775-4521-842b-2757d7f31b08,marine-environmental-data-information-network
CEFAS19ae81d5-a98f-4465-babd-a506a5628a48,https://ckan.publishing.service.gov.uk/dataset/ea62b2f5-1188-4219-b169-9ec41722c3b5,marine-environmental-data-information-network
CEFAS19C939FE-30E6-422A-A8A7-8850AE6ED1D9,https://ckan.publishing.service.gov.uk/dataset/db5cd102-2337-4a88-9630-636913a65560,marine-environmental-data-information-network
CEFAS19d40328-310f-44f4-bf20-7186ad3e91ec,https://ckan.publishing.service.gov.uk/dataset/6a8ec685-cc52-4275-b1bf-acd4bc3404b3,marine-environmental-data-information-network
CEFAS19e25fd5-4c34-4274-b036-dff806d60ab0,https://ckan.publishing.service.gov.uk/dataset/e10728af-58d8-458a-8b07-bda7b7fdfa60,marine-environmental-data-information-network
CEFAS1A0208E4-C9AA-48CA-A8C4-CAC964636DCD,https://ckan.publishing.service.gov.uk/dataset/c0762556-20d2-4520-ae82-ab0eeae11e14,marine-environmental-data-information-network
CEFAS1a27b77a-d13d-4ff1-b0c0-eef650cc5531,https://ckan.publishing.service.gov.uk/dataset/91306163-3000-49e1-ac93-cd89e265639d,marine-environmental-data-information-network
CEFAS1a3102ab-2e09-499b-8e28-200fb215465e,https://ckan.publishing.service.gov.uk/dataset/dfbd2e8c-0f47-46eb-9f8f-e482a770142f,marine-environmental-data-information-network
CEFAS1A6E5877-AF34-440A-BC73-31E174E83D74,https://ckan.publishing.service.gov.uk/dataset/befa54cf-643f-499c-9a97-2fc44f555578,marine-environmental-data-information-network
CEFAS1a802a42-3dac-46ab-982e-d16a4926e458,https://ckan.publishing.service.gov.uk/dataset/a63df1ae-03f3-441f-93a2-0052d29ca14d,marine-environmental-data-information-network
CEFAS1a824eac-d5e7-45e1-b735-c2f75658b556,https://ckan.publishing.service.gov.uk/dataset/89f87b2d-0907-4a97-8e64-8908b43020de,marine-environmental-data-information-network
CEFAS1abbc9be-1014-45ac-a281-808310790c31,https://ckan.publishing.service.gov.uk/dataset/a73861d2-90f8-4f64-8705-e7d3cba3ad24,marine-environmental-data-information-network
CEFAS1AD95E60-548E-4ED8-80B4-EA66C5C0AD5B,https://ckan.publishing.service.gov.uk/dataset/792d7244-5ddb-4a37-a104-55add0efbf38,marine-environmental-data-information-network
CEFAS1af49a9d-3cf0-491d-a77f-a69658370dc3,https://ckan.publishing.service.gov.uk/dataset/ae0da6cb-4feb-495c-8be0-23063c9d1674,marine-environmental-data-information-network
CEFAS1B639D99-06C9-4BE0-A2E3-0DD3C570D74E,https://ckan.publishing.service.gov.uk/dataset/2c19584e-3647-4db7-b555-827ee3fcdf89,marine-environmental-data-information-network
CEFAS1bb14db1-a931-4423-b54a-3382ae920973,https://ckan.publishing.service.gov.uk/dataset/0e7173ee-57f5-4e60-abc6-e0b82086bdd2,marine-environmental-data-information-network
CEFAS1bb48837-7dfd-48a5-b754-486de1c712d8,https://ckan.publishing.service.gov.uk/dataset/9c039935-c4fb-468b-a33a-6adba92e9389,marine-environmental-data-information-network
CEFAS1bb9e41c-a497-44d4-9806-5521e3a9f201,https://ckan.publishing.service.gov.uk/dataset/1d951e5c-72eb-49df-899e-12924a98567f,marine-environmental-data-information-network
CEFAS1BCFFA45-1412-4B49-87F4-4B85C07A3460,https://ckan.publishing.service.gov.uk/dataset/fb756552-b40a-4dd9-88e8-1b9eeb7deae8,marine-environmental-data-information-network
CEFAS1bdd044f-f192-4d99-b127-37b0b18a6118,https://ckan.publishing.service.gov.uk/dataset/e2b70166-3471-4f50-8712-1a63d9d0443c,marine-environmental-data-information-network
CEFAS1c06a788-fb7d-445f-b933-7c59b4c3e714,https://ckan.publishing.service.gov.uk/dataset/73375902-4da5-40cd-8685-6a0023398517,marine-environmental-data-information-network
CEFAS1c1b977d-c145-421f-a98e-a430b9cf00ea,https://ckan.publishing.service.gov.uk/dataset/ca542acc-5f34-45c6-a16b-70e802b2ae44,marine-environmental-data-information-network
CEFAS1c1ca1ed-5fc5-444c-b7bb-7b8d03690e47,https://ckan.publishing.service.gov.uk/dataset/e801d5c9-91e2-472c-bac7-8e03f81e96dd,marine-environmental-data-information-network
CEFAS1c29decb-b972-4b40-9783-87aa2b9c2b6f,https://ckan.publishing.service.gov.uk/dataset/fba5984c-8599-4f12-b29a-d7d2afe1ebf1,marine-environmental-data-information-network
CEFAS1c507bcc-34b5-4eb4-b60e-fd39b4835d4b,https://ckan.publishing.service.gov.uk/dataset/8306503c-3a26-472a-90d6-c29e612ceb24,marine-environmental-data-information-network
CEFAS1c58089b-616c-4375-97e8-28941d8750c1,https://ckan.publishing.service.gov.uk/dataset/006eb0e4-2a31-4512-8668-a6472fd3f4d4,marine-environmental-data-information-network
CEFAS1c59a64c-9a55-4518-b78a-68dd1580c024,https://ckan.publishing.service.gov.uk/dataset/d23d9f81-3b1b-4b15-b576-96b4b1f9e2cb,marine-environmental-data-information-network
CEFAS1C930FAE-4773-4807-AC09-378DA46B8089,https://ckan.publishing.service.gov.uk/dataset/be21d428-7b8a-4ce3-a805-8e0b6a08fc29,marine-environmental-data-information-network
CEFAS1ccbc6ab-3975-44b1-b80c-4db8f032c9e3,https://ckan.publishing.service.gov.uk/dataset/71519e19-70d1-44ce-afb3-dbf872cd2745,marine-environmental-data-information-network
CEFAS1ccd8d8e-5aae-4cd7-88e3-cfb233339f92,https://ckan.publishing.service.gov.uk/dataset/d83e19be-7cbf-403b-bb87-7753ea0cd2ec,marine-environmental-data-information-network
CEFAS1CDEED0A-0A3C-463D-972E-43A86DF09950,https://ckan.publishing.service.gov.uk/dataset/e89bab68-c531-4957-8f3b-d539cd9fd856,marine-environmental-data-information-network
CEFAS1ce83ce7-3d64-486a-b5e1-ff514e566a25,https://ckan.publishing.service.gov.uk/dataset/06fff8bd-8e13-431a-a32d-806da8b9bace,marine-environmental-data-information-network
CEFAS1D228A67-74DF-4F7E-89D7-C50D054B79B7,https://ckan.publishing.service.gov.uk/dataset/11c37ac1-3699-4169-8d4d-b7741a85f23d,marine-environmental-data-information-network
CEFAS1d2a9f54-3a36-4063-9db6-5dd62903e045,https://ckan.publishing.service.gov.uk/dataset/5ad12b0a-2d3d-4c3b-ab98-90fd6e467cd9,marine-environmental-data-information-network
CEFAS1D4B068A-CAFE-4563-A4D7-8BCC1720CF10,https://ckan.publishing.service.gov.uk/dataset/9d7a8fae-b0e9-4867-82e5-423dca3b1fba,marine-environmental-data-information-network
CEFAS1d5090dd-005b-4987-9bfa-60d9109032e3,https://ckan.publishing.service.gov.uk/dataset/784ab6d4-9bd3-4261-8fcb-778a75c06670,marine-environmental-data-information-network
CEFAS1d67f79f-e19a-45d6-87fc-7c7a064a5fa9,https://ckan.publishing.service.gov.uk/dataset/1d1d8059-a67a-4fbd-a31d-4be6b68eb4e3,marine-environmental-data-information-network
CEFAS1d789485-54b2-4d66-923d-e2b5b4bada0c,https://ckan.publishing.service.gov.uk/dataset/ad6bd512-2713-48f8-b2f0-bdcfdb6062a0,marine-environmental-data-information-network
CEFAS1d809a02-5888-4cba-99d0-1bf36a4e3af6,https://ckan.publishing.service.gov.uk/dataset/bf83fb5b-69cf-4469-aa84-c8fd9d2f5f24,marine-environmental-data-information-network
CEFAS1d956aeb-5177-4b99-b151-13ca99397c94,https://ckan.publishing.service.gov.uk/dataset/14602755-c29b-48c8-84db-89b0a41f38bf,marine-environmental-data-information-network
CEFAS1d97eca7-f88c-45c1-91af-6ef6bb08144d,https://ckan.publishing.service.gov.uk/dataset/9a686013-877f-4367-98ae-3a9313dff0cb,marine-environmental-data-information-network
CEFAS1db4ae10-39f3-4442-a09c-4216e194b322,https://ckan.publishing.service.gov.uk/dataset/ebca8a5f-0e63-4ee3-8f85-40ad9d13b93d,marine-environmental-data-information-network
CEFAS1ddb1dd0-03bd-4b2c-a872-1ac77bee5e1f,https://ckan.publishing.service.gov.uk/dataset/1e71d6d1-b970-4254-889f-9edaabde3aab,marine-environmental-data-information-network
CEFAS1E12275B-B03A-46BF-B96D-0309E4BB2FA4,https://ckan.publishing.service.gov.uk/dataset/f7fca496-3a4e-469d-8da4-81dee05c4ff5,marine-environmental-data-information-network
CEFAS1e678a83-bb2b-4aaf-89b4-cc8babf735d0,https://ckan.publishing.service.gov.uk/dataset/2bf6585f-b694-4ef3-adf8-f3c8b2062dd9,marine-environmental-data-information-network
CEFAS1E714F8B-52E7-40A8-B1FE-CE1594362357,https://ckan.publishing.service.gov.uk/dataset/5c177b59-404c-49ca-bff0-34e63b8de885,marine-environmental-data-information-network
CEFAS1e73f868-779e-48d1-827a-627c25159f38,https://ckan.publishing.service.gov.uk/dataset/7077af70-6bbd-4d5e-b716-22cf4d7df8d9,marine-environmental-data-information-network
CEFAS1e77deb8-9568-443e-9fa8-63c1637795b2,https://ckan.publishing.service.gov.uk/dataset/da522ed7-aa96-4690-afb5-426382e6afb9,marine-environmental-data-information-network
CEFAS1e88cfc4-0666-4509-b4f1-92c6874eee6b,https://ckan.publishing.service.gov.uk/dataset/62c08e19-39e1-49ba-8b84-cba9e680c25e,marine-environmental-data-information-network
CEFAS1e8cf53d-fa73-411d-b827-5c2f110735b9,https://ckan.publishing.service.gov.uk/dataset/a9549f7c-c0c0-4989-a2d6-b544a33db775,marine-environmental-data-information-network
CEFAS1e9d5e27-cb02-4d59-b6bc-ba0417866e6e,https://ckan.publishing.service.gov.uk/dataset/d04cdf2a-36e5-4dca-ad88-026806a3bd00,marine-environmental-data-information-network
CEFAS1ec8fb3f-4942-4397-9edf-5bad122d67e7,https://ckan.publishing.service.gov.uk/dataset/1515f8c7-deb9-4931-b3af-457321cb9f9d,marine-environmental-data-information-network
CEFAS1ecd17d4-c9cb-46f6-9082-63a74f6fd726,https://ckan.publishing.service.gov.uk/dataset/32e7d910-f30b-4ed5-bf36-f2276c7cd862,marine-environmental-data-information-network
CEFAS1ed33833-6f5d-43bd-8b70-b0975001cadc,https://ckan.publishing.service.gov.uk/dataset/a75ced3c-4c2f-4a94-bcc3-8c5d1167c547,marine-environmental-data-information-network
CEFAS1ed41e9d-c38c-4e08-a074-7141ba63dcf0,https://ckan.publishing.service.gov.uk/dataset/9247335c-22aa-4fc4-93e6-0760556e376c,marine-environmental-data-information-network
CEFAS1edfe798-14e7-40be-9364-950565f72f15,https://ckan.publishing.service.gov.uk/dataset/c3797bf8-aeff-4c31-9472-a2b4ef9b3f74,marine-environmental-data-information-network
CEFAS1f6ea17c-6c09-41b8-877f-77a2d37a31c2,https://ckan.publishing.service.gov.uk/dataset/a5029f0d-3aa7-4f88-95be-9d72275aac08,marine-environmental-data-information-network
CEFAS1f7a356f-fdee-4895-82aa-9a858b3cccbb,https://ckan.publishing.service.gov.uk/dataset/012c934a-e5b3-422e-be09-9f2674c2bcc1,marine-environmental-data-information-network
CEFAS1F7F8942-CF2A-4739-B5A7-FBACC108E891,https://ckan.publishing.service.gov.uk/dataset/b60d8866-4d31-4479-b53d-732feaef1b14,marine-environmental-data-information-network
CEFAS1faf2a7a-49a0-4aca-921a-7549e8292a34,https://ckan.publishing.service.gov.uk/dataset/2a7a6ad0-ead5-491c-9a2d-bcff91159331,marine-environmental-data-information-network
CEFAS1ffe1264-7296-4bc0-ad3e-63c54214150d,https://ckan.publishing.service.gov.uk/dataset/ecc8c928-dd49-497c-bbe3-c9e9be7f14de,marine-environmental-data-information-network
CEFAS2041bc2f-15ac-43b0-bb18-cd8be2449153,https://ckan.publishing.service.gov.uk/dataset/2adc54aa-48eb-45c4-8b24-7202ec89c6b4,marine-environmental-data-information-network
CEFAS2050F84B-A732-40E9-ACB2-26345F7C52FA,https://ckan.publishing.service.gov.uk/dataset/df5f4627-198f-499b-ae03-fba2397d74cf,marine-environmental-data-information-network
CEFAS2065e4b4-4c6d-4df6-a386-e3bb5c607747,https://ckan.publishing.service.gov.uk/dataset/f55af2fc-0a53-419d-926d-d3c519981417,marine-environmental-data-information-network
CEFAS2073273A-F7EE-4351-8EFF-E5355226FED8,https://ckan.publishing.service.gov.uk/dataset/454b9e0b-2988-4af7-9608-69371146c3f0,marine-environmental-data-information-network
CEFAS2073a317-8829-40b2-9770-6ca8bba7ee1c,https://ckan.publishing.service.gov.uk/dataset/2279aabe-f568-4b3b-b469-a333dbdb6efc,marine-environmental-data-information-network
CEFAS207d305f-7665-4e5c-a73c-9f057912a60c,https://ckan.publishing.service.gov.uk/dataset/b490d619-030c-453f-b166-84d21da768a0,marine-environmental-data-information-network
CEFAS208d5047-484f-4ff8-be5b-944673c88791,https://ckan.publishing.service.gov.uk/dataset/52355508-1666-40e8-99cf-eda28f635f2f,marine-environmental-data-information-network
CEFAS2091c258-1913-43f5-b86c-ffbe6b21b18e,https://ckan.publishing.service.gov.uk/dataset/48639f0d-74f7-4c06-9187-f69342cfab8c,marine-environmental-data-information-network
CEFAS20d46799-7611-4907-9380-73eaea507923,https://ckan.publishing.service.gov.uk/dataset/c6d04ff7-6589-4472-b516-0116acfa0700,marine-environmental-data-information-network
CEFAS20f64bf7-dff3-43b1-bc1c-8083235935ca,https://ckan.publishing.service.gov.uk/dataset/ca360d93-84cc-42ab-bb13-7ae022fcaffa,marine-environmental-data-information-network
CEFAS20ff7c47-8572-46bb-bfa6-a2f5b8d373a4,https://ckan.publishing.service.gov.uk/dataset/057cad39-2ad2-4e7c-aac8-dcd17da3906c,marine-environmental-data-information-network
CEFAS21024698-3ebc-4887-90df-02ab3df52e0f,https://ckan.publishing.service.gov.uk/dataset/87838955-bf92-4e4a-89f4-06f8097d903b,marine-environmental-data-information-network
CEFAS214168bf-0ccb-4ebd-ae43-8ea9d413d76e,https://ckan.publishing.service.gov.uk/dataset/2d3002ac-98c7-4f5c-8662-be50d94a5233,marine-environmental-data-information-network
CEFAS214c74de-758f-4eff-aec0-4734b07967c5,https://ckan.publishing.service.gov.uk/dataset/be5575f8-a270-4ce1-9f74-6b9f262538af,marine-environmental-data-information-network
CEFAS21656399-6163-46a7-a368-6dadbed222b6,https://ckan.publishing.service.gov.uk/dataset/6301b2f6-2607-4b03-b53d-6a887e6855a6,marine-environmental-data-information-network
CEFAS21850be8-dfd9-46bb-9c4b-189579135e5c,https://ckan.publishing.service.gov.uk/dataset/62c1bf74-399a-4b57-ab1b-2d4cd8adcb1c,marine-environmental-data-information-network
CEFAS218d5c78-ad05-4aa3-add0-c8dad259a24f,https://ckan.publishing.service.gov.uk/dataset/5d480bd1-4901-4fc9-a4c1-128848108045,marine-environmental-data-information-network
CEFAS22079546-07cf-4eb3-9896-0f1476774389,https://ckan.publishing.service.gov.uk/dataset/e933a220-bcaf-43d5-9df4-94c659b49cc4,marine-environmental-data-information-network
CEFAS2215f6e9-ffcb-4f71-b5da-5b76a44dc544,https://ckan.publishing.service.gov.uk/dataset/092a23c9-3f10-4f31-a6c3-18e921c5fe47,marine-environmental-data-information-network
CEFAS225c7dde-00d4-4f2b-bd66-a1989c35d1bc,https://ckan.publishing.service.gov.uk/dataset/9568b617-077c-492c-8b2d-ba6bb6b4c319,marine-environmental-data-information-network
CEFAS227f16b5-8e3f-419b-a188-0a21a82f3272,https://ckan.publishing.service.gov.uk/dataset/e0777124-80d0-4800-bb32-76c9ba76688c,marine-environmental-data-information-network
CEFAS2289c4e0-4f7c-4912-a9d9-bea9c7eb8e59,https://ckan.publishing.service.gov.uk/dataset/55ad5710-8155-4cf4-8800-dd39ad18df0e,marine-environmental-data-information-network
CEFAS22f9d79a-2222-41a5-bf42-3c1dd57ebf46,https://ckan.publishing.service.gov.uk/dataset/ba021aee-ff53-4004-8ed7-a96dd7a6dd4b,marine-environmental-data-information-network
CEFAS234ff721-b09e-48ad-a191-28a1a30db75a,https://ckan.publishing.service.gov.uk/dataset/fbca18b4-4279-4e9c-8722-e905dc0f07ba,marine-environmental-data-information-network
CEFAS23a337b3-f48f-4ba6-8172-638bb3691696,https://ckan.publishing.service.gov.uk/dataset/089b260f-456e-4f4e-9564-99197f6785a4,marine-environmental-data-information-network
CEFAS23af5e4c-eb6e-4067-b32b-2d04593fef12,https://ckan.publishing.service.gov.uk/dataset/6c1d24ac-c6fc-4647-a1dd-67b4ee1d7257,marine-environmental-data-information-network
CEFAS23b2c8c9-3990-4706-b316-e3e9e3560c01,https://ckan.publishing.service.gov.uk/dataset/9bda63ac-af7e-4e05-acab-76eb5a862c47,marine-environmental-data-information-network
CEFAS23de6638-2f10-4083-a9fa-b4c66785da63,https://ckan.publishing.service.gov.uk/dataset/6366eb65-3fab-44c3-a213-5f1caca27afb,marine-environmental-data-information-network
CEFAS23e0ad70-cef1-4cd0-9872-0195f44b8cb6,https://ckan.publishing.service.gov.uk/dataset/78175a16-6463-44c0-b596-a76bfdfe8bf8,marine-environmental-data-information-network
CEFAS23e1eb7f-ee39-462f-9b19-1d29902e0d9e,https://ckan.publishing.service.gov.uk/dataset/7d2ab926-0362-4129-a71b-283407767038,marine-environmental-data-information-network
CEFAS2405253d-25a9-44f5-adc7-2c156e72f1a5,https://ckan.publishing.service.gov.uk/dataset/32341fa9-e75e-4bed-b318-951a45dae4de,marine-environmental-data-information-network
CEFAS24498056-ca4c-4a4a-bf90-c577a8d0387b,https://ckan.publishing.service.gov.uk/dataset/8e93e117-ae5c-45a4-8dc8-035315b8b52c,marine-environmental-data-information-network
CEFAS24835e47-7fa4-41da-ba29-5b46373cb3dc,https://ckan.publishing.service.gov.uk/dataset/7a2e70be-35c2-452a-bf09-ec626282e721,marine-environmental-data-information-network
CEFAS248c7e00-d37b-4ddd-b574-dacec9ced31b,https://ckan.publishing.service.gov.uk/dataset/97013abd-ef71-4759-a051-a023e09677b4,marine-environmental-data-information-network
CEFAS249652aa-656e-47a4-85d4-aa371d07b1cf,https://ckan.publishing.service.gov.uk/dataset/a3e5d735-93f4-4b8b-888a-5e5e699bb3fe,marine-environmental-data-information-network
CEFAS24b2d4cd-d093-431c-9422-0bb0877614c9,https://ckan.publishing.service.gov.uk/dataset/1feb27b2-dcb2-4533-946e-903f3dfd6ef7,marine-environmental-data-information-network
CEFAS2503e3bb-aa51-4f81-80d3-de37399a8c51,https://ckan.publishing.service.gov.uk/dataset/3481c06c-1672-4f7a-90bb-f2f4a8812f5c,marine-environmental-data-information-network
CEFAS25315d07-3eda-403a-87a5-e7fa795b8322,https://ckan.publishing.service.gov.uk/dataset/d26c1cb8-0bbd-436d-a3ee-61c05b0fd2e8,marine-environmental-data-information-network
CEFAS2540d5ab-b95f-4c17-b131-cc33bd686815,https://ckan.publishing.service.gov.uk/dataset/2ec73ee0-50d1-4fd5-9ed6-93892cbfe4cd,marine-environmental-data-information-network
CEFAS2546bdae-1559-4ed4-b091-399fa5563b41,https://ckan.publishing.service.gov.uk/dataset/8d06db15-b4eb-4335-954d-ffe1712ffa0b,marine-environmental-data-information-network
CEFAS2564888f-68b4-4c61-a66c-46e966a7ab01,https://ckan.publishing.service.gov.uk/dataset/4b3dca8b-1439-4609-9e77-36bd3579ef82,marine-environmental-data-information-network
CEFAS2567e3d1-6843-464e-86ff-d1141e52e371,https://ckan.publishing.service.gov.uk/dataset/1027c0d9-796d-45ee-a294-6296aac17635,marine-environmental-data-information-network
CEFAS25acec27-6d0f-49fc-9759-60c37702d22d,https://ckan.publishing.service.gov.uk/dataset/8199d763-2c07-498d-86b5-3438056e7515,marine-environmental-data-information-network
CEFAS25b3c957-41d2-49ab-b158-90b8bcd8ad48,https://ckan.publishing.service.gov.uk/dataset/afbc2d6b-f3a8-4eb9-b33f-44b799edeb9a,marine-environmental-data-information-network
CEFAS25be8267-e3d7-4b2d-8612-9add790e2250,https://ckan.publishing.service.gov.uk/dataset/5c2c66d4-a778-4836-9350-cda0d262dcae,marine-environmental-data-information-network
CEFAS25d3cdb7-c7f2-4af0-b0a6-bbbae37830ab,https://ckan.publishing.service.gov.uk/dataset/2320268d-b960-45be-a5dd-438dff154d0d,marine-environmental-data-information-network
CEFAS25e9e46a-16df-4ec2-b580-e57ea67db771,https://ckan.publishing.service.gov.uk/dataset/00e01915-5999-46ce-a198-f5100d34d41c,marine-environmental-data-information-network
CEFAS25f33cfa-bb15-4f60-8421-53e5ed04fd78,https://ckan.publishing.service.gov.uk/dataset/129bb683-92a6-4a2e-914f-9a7b4132ef56,marine-environmental-data-information-network
CEFAS25f7c37b-3eeb-4cc2-899f-1ef0acaef2ab,https://ckan.publishing.service.gov.uk/dataset/4ff0c045-1e46-4180-adc6-3ae15ca7386b,marine-environmental-data-information-network
CEFAS25ff50eb-c73d-4084-9204-360555bf9518,https://ckan.publishing.service.gov.uk/dataset/1d2e3a21-beae-4dba-9188-c07942dbf17f,marine-environmental-data-information-network
CEFAS260385dc-131d-4fae-b13d-aad9dc997776,https://ckan.publishing.service.gov.uk/dataset/903b074f-be1a-4b56-82c9-8b103f771159,marine-environmental-data-information-network
CEFAS2631c85e-1a3f-435c-a9b9-896dffafab85,https://ckan.publishing.service.gov.uk/dataset/79bf053d-8a49-43d7-b826-4543222f22f5,marine-environmental-data-information-network
CEFAS2634d17b-8d50-4823-af74-668da8764da4,https://ckan.publishing.service.gov.uk/dataset/2c702a5c-bbdf-4f55-ae06-00c8a33c42b2,marine-environmental-data-information-network
CEFAS2660d1d7-cd24-47ca-82df-1f5c79b0b5ba,https://ckan.publishing.service.gov.uk/dataset/4c0941f8-c683-4ea8-acde-3753ba5eb38a,marine-environmental-data-information-network
CEFAS26a37f6b-a3e3-4a7b-b155-731a8a82129e,https://ckan.publishing.service.gov.uk/dataset/7124c8c4-1d8e-4328-baed-b8ceab8ff6dd,marine-environmental-data-information-network
CEFAS26ab9dc7-2848-4dc4-9a2c-90b477bd7422,https://ckan.publishing.service.gov.uk/dataset/7e1fc7b1-da1c-4e8d-b69d-2b8b33056cd5,marine-environmental-data-information-network
CEFAS26ee6115-ed13-446a-a6ad-754c9be1f396,https://ckan.publishing.service.gov.uk/dataset/786293f9-2a05-46fe-9ef9-cf510041028b,marine-environmental-data-information-network
CEFAS26f95f67-6ce8-46d6-8e4a-f5a7879fe28d,https://ckan.publishing.service.gov.uk/dataset/1c19119c-1211-415c-bf93-a6fd7ac3ef60,marine-environmental-data-information-network
CEFAS271cd60f-d1cd-4272-9953-74bf3c984ade,https://ckan.publishing.service.gov.uk/dataset/15f1d02a-f074-46c9-8619-71103e9e7e13,marine-environmental-data-information-network
CEFAS27208402-b59a-43fd-b860-9b2ca1a2c10b,https://ckan.publishing.service.gov.uk/dataset/ede9319a-a0dc-4b23-a525-98576d6b2ad0,marine-environmental-data-information-network
CEFAS276e1171-3bfd-401a-abea-5f7c783f9d87,https://ckan.publishing.service.gov.uk/dataset/00ac88c6-18ba-42aa-82c8-a6b63f6c900a,marine-environmental-data-information-network
CEFAS278b6170-c885-410d-bbcd-a54b64c15526,https://ckan.publishing.service.gov.uk/dataset/5cbd162e-4986-4ece-9686-3ba3abacb365,marine-environmental-data-information-network
CEFAS279AAC61-ED0F-4E5D-ABB0-644775790FC8,https://ckan.publishing.service.gov.uk/dataset/a670a40a-c4cc-4d4d-b770-c936c97a2661,marine-environmental-data-information-network
CEFAS279bdf5a-06b7-48af-be2f-612f3a8852f2,https://ckan.publishing.service.gov.uk/dataset/2e397dce-83d3-4504-93a3-88fff8fba43c,marine-environmental-data-information-network
CEFAS27b1a16b-6a06-4983-a4b4-fb2a8f4d8323,https://ckan.publishing.service.gov.uk/dataset/fcd7a398-3fcb-48d7-9714-c3ffe7e4c933,marine-environmental-data-information-network
CEFAS27be0427-7c7a-4aae-84ea-122854715513,https://ckan.publishing.service.gov.uk/dataset/cfada67f-d603-4e45-b85d-e29faf814f53,marine-environmental-data-information-network
CEFAS27c33c1a-3847-48b9-9bdd-a833ab52d97d,https://ckan.publishing.service.gov.uk/dataset/52b269ae-4be2-48ea-b0dd-962ff65c2d8c,marine-environmental-data-information-network
CEFAS27c4b41e-a601-4c92-87da-596bae09bced,https://ckan.publishing.service.gov.uk/dataset/00917329-352d-4dec-9ec5-4b682d2d9e15,marine-environmental-data-information-network
CEFAS27f3260b-fe6b-4092-9699-0442cc36b0a4,https://ckan.publishing.service.gov.uk/dataset/5f093fc1-5a25-40e9-b4cc-860d5e87ef11,marine-environmental-data-information-network
CEFAS280ca732-33c5-49a8-8869-b9da7180f0e7,https://ckan.publishing.service.gov.uk/dataset/b18e4fb6-cb4d-4232-85d2-575bacb74dcd,marine-environmental-data-information-network
CEFAS281531ac-8655-4038-81d7-5e5a9f91141a,https://ckan.publishing.service.gov.uk/dataset/6134dea8-6814-42c7-9d7c-2a73ce8575be,marine-environmental-data-information-network
CEFAS282c30f1-bdfb-4c69-92bb-721ebc18125f,https://ckan.publishing.service.gov.uk/dataset/b83335b5-df75-4a72-8cb3-63282d613af3,marine-environmental-data-information-network
CEFAS28574e5e-825e-4a99-805a-f50578d287d8,https://ckan.publishing.service.gov.uk/dataset/0ee4b7a2-9447-45bd-8e66-d153b4dd2653,marine-environmental-data-information-network
CEFAS2881add0-cb00-43eb-9cfd-bd0e43de6a6a,https://ckan.publishing.service.gov.uk/dataset/91f356c9-9af0-4a06-a4ac-0a6e022d030d,marine-environmental-data-information-network
CEFAS28ae11d9-3652-48ac-838f-685c8259d58e,https://ckan.publishing.service.gov.uk/dataset/fc3d39eb-666a-4d5a-bb55-ec56f3ceb146,marine-environmental-data-information-network
CEFAS28b88d5a-3fc2-4c1c-b64d-da1ff3aad61a,https://ckan.publishing.service.gov.uk/dataset/0ef07a23-1e31-483f-8865-200aaa3fe7c8,marine-environmental-data-information-network
CEFAS28c4339e-afc4-4222-91a5-be51430e1f65,https://ckan.publishing.service.gov.uk/dataset/6aa66a45-2bb4-416a-be79-5c9377168e85,marine-environmental-data-information-network
CEFAS28d33c0a-a4e4-40af-b944-1b60f794a3e5,https://ckan.publishing.service.gov.uk/dataset/b7e16bbf-de31-4e09-8fe7-f170c7c3af09,marine-environmental-data-information-network
CEFAS28db8d67-f195-4a3e-872a-3f380a1840fa,https://ckan.publishing.service.gov.uk/dataset/8706cbe4-c726-4fc6-8897-d258c9fd3f70,marine-environmental-data-information-network
CEFAS28df03d3-571c-4320-910e-a096c4dc29fd,https://ckan.publishing.service.gov.uk/dataset/8301008f-a86d-40b0-8b6d-fb2b64830ce6,marine-environmental-data-information-network
CEFAS28f9816f-49ae-4362-bc48-59c82ffbff0a,https://ckan.publishing.service.gov.uk/dataset/84b749a6-c770-4c57-95bf-4c8a8e2572b6,marine-environmental-data-information-network
CEFAS290c7460-541b-416c-8831-0c415168f0c2,https://ckan.publishing.service.gov.uk/dataset/5439de07-b7e6-4796-bcb1-4d18786114a1,marine-environmental-data-information-network
CEFAS29126fb0-3677-45ee-a1ef-d64f4b055843,https://ckan.publishing.service.gov.uk/dataset/fb1696fd-abd6-4717-b93d-b1f96cfec849,marine-environmental-data-information-network
CEFAS292ef944-3b38-4ef6-9b90-1df9e4f8791d,https://ckan.publishing.service.gov.uk/dataset/93640ccb-808a-4913-b596-7eb2b5822afa,marine-environmental-data-information-network
CEFAS29724e5e-b3ab-497f-9c2f-87ac2c5f341f,https://ckan.publishing.service.gov.uk/dataset/00d4e4ca-07a0-49a4-99e2-0e31f27ca96e,marine-environmental-data-information-network
CEFAS298f6cc9-19f2-4c6d-b4e5-60adbd377fd3,https://ckan.publishing.service.gov.uk/dataset/f768b789-824f-4714-a758-95e0b115e5ff,marine-environmental-data-information-network
CEFAS29951869-0863-4474-8368-8b42598b0fbe,https://ckan.publishing.service.gov.uk/dataset/ed8a1a5e-b10f-4822-9b13-a63f1bc5e431,marine-environmental-data-information-network
CEFAS29a4f7ba-bf73-4fc0-a46d-fff918085a4b,https://ckan.publishing.service.gov.uk/dataset/a1c5aa8f-2ff5-4059-8e85-5d03daded94e,marine-environmental-data-information-network
CEFAS29AF46EB-CDE7-44E4-8F17-2B94567AA33A,https://ckan.publishing.service.gov.uk/dataset/d62694d9-4182-42ae-9b42-ea7097df7634,marine-environmental-data-information-network
CEFAS2a19ee8b-00e9-4aa9-803b-2a55029059eb,https://ckan.publishing.service.gov.uk/dataset/7bf0e8ae-0dd1-46b8-9525-ff90ad7293b7,marine-environmental-data-information-network
CEFAS2a23ed1b-ae33-4857-8c05-3eb782c0c8f9,https://ckan.publishing.service.gov.uk/dataset/42133316-2b0d-4e2d-96eb-4b5ed6872765,marine-environmental-data-information-network
CEFAS2a80f0c4-3e5f-456d-82a1-6babf787807b,https://ckan.publishing.service.gov.uk/dataset/23791638-7f2b-4624-a6ea-df19f70d5d65,marine-environmental-data-information-network
CEFAS2a94279f-d3f0-4877-8bc0-3f07e04a5df4,https://ckan.publishing.service.gov.uk/dataset/201b4bff-00cc-4db0-b379-26ce9c247170,marine-environmental-data-information-network
CEFAS2aa63439-322d-45d6-b40c-1099b7766930,https://ckan.publishing.service.gov.uk/dataset/873635f3-c3a9-4175-abd0-6b22f6bf58a0,marine-environmental-data-information-network
CEFAS2aadcf65-9df8-43fd-b310-a5138bc4044d,https://ckan.publishing.service.gov.uk/dataset/51967aec-2c2b-4186-9177-57bf773430ac,marine-environmental-data-information-network
CEFAS2adcb296-5c1f-491a-bc23-05a99141c25d,https://ckan.publishing.service.gov.uk/dataset/9b186ae4-68dd-4a7e-9e0e-f0bac3325443,marine-environmental-data-information-network
CEFAS2AF3270C-7164-4A7F-B270-BB741C49774A,https://ckan.publishing.service.gov.uk/dataset/115a7b2f-3842-485d-bfbf-9dd1c1006e6f,marine-environmental-data-information-network
CEFAS2af5eee6-efe7-418e-b4b8-3cd9ebf745e4,https://ckan.publishing.service.gov.uk/dataset/0b28958b-5a23-4dc9-b85d-08eaeab5e736,marine-environmental-data-information-network
CEFAS2b0335b3-bfa7-41fa-bf7a-8535af0a292f,https://ckan.publishing.service.gov.uk/dataset/4d392629-99c4-4a5c-9f6b-e8092a5229f2,marine-environmental-data-information-network
CEFAS2b0df2fd-05d5-438a-8552-aba9e28b0111,https://ckan.publishing.service.gov.uk/dataset/d1a17fbb-4ca9-4f42-afec-7e6bea5e4a2b,marine-environmental-data-information-network
CEFAS2b554c62-a3dd-4ec1-95a7-9adf84765d6d,https://ckan.publishing.service.gov.uk/dataset/4b319324-12f3-4d0a-84e8-233c780845e7,marine-environmental-data-information-network
CEFAS2b71a690-57d1-4cb3-8f98-4706141b341c,https://ckan.publishing.service.gov.uk/dataset/bda8bc5f-4b07-4945-9ea9-396d1a1a4530,marine-environmental-data-information-network
CEFAS2bb80afd-d2b2-43ea-9639-c45ecf26ada9,https://ckan.publishing.service.gov.uk/dataset/3aa5752e-2ff9-424d-9cb1-5f36a01b03f5,marine-environmental-data-information-network
CEFAS2bba7bd1-0d3a-4efa-b368-3d4b88649572,https://ckan.publishing.service.gov.uk/dataset/6d29d47c-7388-49c5-8b35-fb62d506ae51,marine-environmental-data-information-network
CEFAS2bc2aa29-1249-487c-a719-b730a2662996,https://ckan.publishing.service.gov.uk/dataset/15b4fb53-d24e-4cb3-8eea-3c59e98ff8da,marine-environmental-data-information-network
CEFAS2c11a431-5d0d-471e-8ade-98d6e9d1663b,https://ckan.publishing.service.gov.uk/dataset/abdb6fb0-8b74-4a57-9b16-af6d803edd3c,marine-environmental-data-information-network
CEFAS2c122a32-0679-4fd9-85e3-817bcce3ac03,https://ckan.publishing.service.gov.uk/dataset/484c35cd-bf77-4d5d-baf3-511343473e2f,marine-environmental-data-information-network
CEFAS2c27ff32-858c-470e-9a52-01956b49e63c,https://ckan.publishing.service.gov.uk/dataset/fbb4f301-fb6e-49ad-af0d-6f7bb822beb3,marine-environmental-data-information-network
CEFAS2C4C9E1B-54FE-42DE-A170-19D8FC42C85F,https://ckan.publishing.service.gov.uk/dataset/28aae6d9-e092-4f4b-909e-7d0eb7cf23f8,marine-environmental-data-information-network
CEFAS2c829d13-20fb-414c-8f5a-e73ae80b48d7,https://ckan.publishing.service.gov.uk/dataset/fb497c6f-763d-422a-bbf7-089f4212aae7,marine-environmental-data-information-network
CEFAS2c89c86c-0615-477e-b601-ca21f2222653,https://ckan.publishing.service.gov.uk/dataset/28a014dd-85d9-49e7-90b5-39bf674e8539,marine-environmental-data-information-network
CEFAS2C969F6D-685D-4399-A83C-673AF7923992,https://ckan.publishing.service.gov.uk/dataset/e86eb5ad-a219-4d75-b1f8-d3b3acd4e9af,marine-environmental-data-information-network
CEFAS2d1bc359-3f21-4e90-b08f-11834aeb4429,https://ckan.publishing.service.gov.uk/dataset/c0a6f283-d7f2-4a03-83d6-125b2ebe8185,marine-environmental-data-information-network
CEFAS2d1e0090-8856-4fbe-b04a-b433818e4d2e,https://ckan.publishing.service.gov.uk/dataset/c6059c7e-60f9-40e6-a0aa-c64847f31a47,marine-environmental-data-information-network
CEFAS2d3352dd-a679-48cb-82ba-50a38bf6740a,https://ckan.publishing.service.gov.uk/dataset/e0985c3c-3d58-4e3c-b0e5-ad296895dec0,marine-environmental-data-information-network
CEFAS2d3376d4-0e0f-456a-9dea-e91fe02ff51d,https://ckan.publishing.service.gov.uk/dataset/84c40904-9628-4d31-9f35-7e733738c699,marine-environmental-data-information-network
CEFAS2d5e067b-ed61-4165-b6d2-1a97cc6b0bff,https://ckan.publishing.service.gov.uk/dataset/5e7244a5-9e7c-4d46-847e-dde3f4c01dc6,marine-environmental-data-information-network
CEFAS2d82813d-b181-403b-92c1-831a8997a0c8,https://ckan.publishing.service.gov.uk/dataset/b9cffe63-b925-472b-84d2-1a7fcb09097a,marine-environmental-data-information-network
CEFAS2d892087-1fcc-479a-9a74-2e929b2620f9,https://ckan.publishing.service.gov.uk/dataset/ecb018a9-9b80-4b89-9176-af7c2069fa75,marine-environmental-data-information-network
CEFAS2da38d6b-21df-4aac-b072-5121c6d6b2e1,https://ckan.publishing.service.gov.uk/dataset/95bcf80f-8469-4789-a153-c21d88cb3ba1,marine-environmental-data-information-network
CEFAS2db33fab-3d28-4c97-8c01-3cb96c57be96,https://ckan.publishing.service.gov.uk/dataset/48dd41ba-e971-41af-a229-eb556009b036,marine-environmental-data-information-network
CEFAS2dbf5d24-7b6b-4257-bd2e-ec7308ec11c9,https://ckan.publishing.service.gov.uk/dataset/a718a225-b713-4f46-b76c-da02cb82ccd8,marine-environmental-data-information-network
CEFAS2dc5b392-a9bd-495b-b609-eec7e2acf58e,https://ckan.publishing.service.gov.uk/dataset/a3ffce66-66d2-48f5-93a0-164aeeaec864,marine-environmental-data-information-network
CEFAS2df7e078-bd0f-4064-876d-1cd963418235,https://ckan.publishing.service.gov.uk/dataset/a2b7af27-1838-4f22-93e5-edb5ea6a7cb8,marine-environmental-data-information-network
CEFAS2e06f78e-97f7-45c9-a93b-40540192a8eb,https://ckan.publishing.service.gov.uk/dataset/58d2274c-dc0f-49d2-9d78-2982f876d686,marine-environmental-data-information-network
CEFAS2e183b52-3980-49ae-a4b9-ed1c963169ac,https://ckan.publishing.service.gov.uk/dataset/dbe51945-9331-4692-bc65-26d8a00a526c,marine-environmental-data-information-network
CEFAS2e330863-9ae1-44d1-af96-6ad6f5051b6c,https://ckan.publishing.service.gov.uk/dataset/431e16c1-a78c-4305-9df1-f42fb5f81fe8,marine-environmental-data-information-network
CEFAS2e4689a4-5402-4b6a-84b3-ad4819f36d90,https://ckan.publishing.service.gov.uk/dataset/d6d7be8d-3bca-457d-9122-d60506f0f926,marine-environmental-data-information-network
CEFAS2e9555b8-d294-40cd-8d93-fb4b66542146,https://ckan.publishing.service.gov.uk/dataset/ab6309cb-5143-479b-8f29-4c1fd3007681,marine-environmental-data-information-network
CEFAS2ec01afd-ec83-4985-b6cd-8a67c4dc1b7f,https://ckan.publishing.service.gov.uk/dataset/36e36ad2-755a-4acd-8876-f1f24c2adc15,marine-environmental-data-information-network
CEFAS2ecd967d-bd0d-4a89-8645-df0ccc65570c,https://ckan.publishing.service.gov.uk/dataset/15289c7a-3801-42c3-b1fa-cf3b2f001148,marine-environmental-data-information-network
CEFAS2ed48885-accb-43d0-8a6d-6f678893fc23,https://ckan.publishing.service.gov.uk/dataset/8b962edb-858e-4435-bf7e-44c5c4256885,marine-environmental-data-information-network
CEFAS2f2e08bf-2b1b-4195-b175-7e8747eda769,https://ckan.publishing.service.gov.uk/dataset/efeedb79-a287-4258-9d89-64addcac3f08,marine-environmental-data-information-network
CEFAS2f57f1a7-4c44-43e4-8e49-53b6e3452029,https://ckan.publishing.service.gov.uk/dataset/91c80828-d3a8-41fc-9897-074fab7d1616,marine-environmental-data-information-network
CEFAS2f7f5d37-4fdf-45a1-970a-79b1d64a0e9a,https://ckan.publishing.service.gov.uk/dataset/00bedd2b-4233-4df7-8ecf-b1809244e899,marine-environmental-data-information-network
CEFAS2f85caad-1be5-4d66-89b5-546d5c171ffe,https://ckan.publishing.service.gov.uk/dataset/829e3d79-3287-4607-90d7-ff5920dab9d7,marine-environmental-data-information-network
CEFAS2fb466c5-524f-4325-bbc8-333253ba7d1c,https://ckan.publishing.service.gov.uk/dataset/9ffa3cc2-d3ee-45c6-95df-4b6906e7fb1d,marine-environmental-data-information-network
CEFAS2fb4cd66-4a46-4cea-b1c1-cbeb2ca85a12,https://ckan.publishing.service.gov.uk/dataset/db5c937f-041e-4cf8-aa73-9c8f6ae1acad,marine-environmental-data-information-network
CEFAS2FDD1D1C-2E81-456C-8EFD-634B33253735,https://ckan.publishing.service.gov.uk/dataset/c39f17ae-802a-498f-944a-343e4e914065,marine-environmental-data-information-network
CEFAS30292be9-c027-45d3-804f-71ebed7bd52e,https://ckan.publishing.service.gov.uk/dataset/3534bcc3-3645-452a-86f9-c6f1403fee0d,marine-environmental-data-information-network
CEFAS303b22e0-29a5-41c5-bfdd-494e75e22715,https://ckan.publishing.service.gov.uk/dataset/ba0aefa7-2443-4295-966f-a6b5077d3221,marine-environmental-data-information-network
CEFAS3079190d-7bb8-4467-ab23-e13f2833fd6e,https://ckan.publishing.service.gov.uk/dataset/69e1db73-3d80-4376-9807-723009e19540,marine-environmental-data-information-network
CEFAS3081ef3e-62fd-4d96-b79e-93c433d2546a,https://ckan.publishing.service.gov.uk/dataset/ad4e8671-7591-4f66-a29b-c5dcf49e341d,marine-environmental-data-information-network
CEFAS30832302-afcc-4707-aa88-a675f5f7f460,https://ckan.publishing.service.gov.uk/dataset/969a6036-4e4e-4df6-83c2-ab077f826c3d,marine-environmental-data-information-network
CEFAS30871c65-60e3-4f6e-843f-98e77bc53b7c,https://ckan.publishing.service.gov.uk/dataset/a0f3e34a-e826-43be-ac13-6f36093d770b,marine-environmental-data-information-network
CEFAS30b1c54b-b176-41ae-9ef7-7534bf77f183,https://ckan.publishing.service.gov.uk/dataset/2560c1ae-c7e7-4fa9-8e2b-f26f6e91fbd1,marine-environmental-data-information-network
CEFAS30B8061A-BBCB-4FBC-920B-0663416DAD37,https://ckan.publishing.service.gov.uk/dataset/35ba41cf-5dc8-4d8a-89d6-5766affdfbf7,marine-environmental-data-information-network
CEFAS30edbf73-8cce-4dc1-80f4-5fc24a6bd01b,https://ckan.publishing.service.gov.uk/dataset/2829468b-a2e6-48c1-a84a-0955db95f329,marine-environmental-data-information-network
CEFAS30F8E448-4A91-41A9-BE2C-39D8F0C388F0,https://ckan.publishing.service.gov.uk/dataset/e26e8ad6-9177-48b8-91f9-e57c90e80787,marine-environmental-data-information-network
CEFAS310c31f2-6658-4e08-947f-6e9cecef2ef2,https://ckan.publishing.service.gov.uk/dataset/f9359947-e0b3-4915-a4d7-ce664d40c2a3,marine-environmental-data-information-network
CEFAS31269d82-8722-4912-b759-28828841ccaa,https://ckan.publishing.service.gov.uk/dataset/5aaf1760-f23c-4984-9846-563e07d42fa1,marine-environmental-data-information-network
CEFAS312d82f2-f044-42b6-9f36-bac66fa00a7e,https://ckan.publishing.service.gov.uk/dataset/1568a360-2df7-4dc0-a04d-b628f0261c9d,marine-environmental-data-information-network
CEFAS3196e50c-d664-4c61-a769-b6dd2560ec73,https://ckan.publishing.service.gov.uk/dataset/f01f7424-74c7-4bfe-828d-427ebe44bad7,marine-environmental-data-information-network
CEFAS31b421b0-0901-4cda-9959-a58043ef2bac,https://ckan.publishing.service.gov.uk/dataset/c3929666-3de2-4108-85bd-29369b9cd288,marine-environmental-data-information-network
CEFAS3228e0ec-a5f3-4736-aff4-80d47f7e449c,https://ckan.publishing.service.gov.uk/dataset/5434579b-ac0d-491a-9b7a-85ef25db9cd9,marine-environmental-data-information-network
CEFAS3277c951-fa74-4059-b3b2-67367bc9c3db,https://ckan.publishing.service.gov.uk/dataset/1f62daa4-ea15-412d-b55e-9e35511d3e5f,marine-environmental-data-information-network
CEFAS32882dc2-c15f-4a36-bac3-1a5c1bb87f59,https://ckan.publishing.service.gov.uk/dataset/c3a97b79-dbe4-416b-8e81-c878970a23bc,marine-environmental-data-information-network
CEFAS329dc7cd-db37-4d15-80b5-a691f5d09b4c,https://ckan.publishing.service.gov.uk/dataset/e2f44c3b-c1c2-4ced-af3d-1df7a40f9c44,marine-environmental-data-information-network
CEFAS32deb290-6197-45dd-bf15-dbd4ecc78a17,https://ckan.publishing.service.gov.uk/dataset/5e688e12-a26b-4f77-afaa-98af7ec85897,marine-environmental-data-information-network
CEFAS3312b04d-aada-474f-a473-df8b84f544f6,https://ckan.publishing.service.gov.uk/dataset/1764a595-d51b-4760-913a-3b4516cf32d8,marine-environmental-data-information-network
CEFAS3372ba17-94f3-4aa8-ae81-de5f54926835,https://ckan.publishing.service.gov.uk/dataset/3388daf6-8d71-4fb4-b2a1-645956ebb40c,marine-environmental-data-information-network
CEFAS33a49bb4-f55d-4961-aa11-e54613043256,https://ckan.publishing.service.gov.uk/dataset/4fbccb3f-6e9d-4548-8f36-c57e071c87d0,marine-environmental-data-information-network
CEFAS33e462cf-9de5-4a9e-8594-8d397dc40416,https://ckan.publishing.service.gov.uk/dataset/d04e3985-6913-41f4-a966-924df7124b64,marine-environmental-data-information-network
CEFAS33eb1840-7872-4f3f-ab3f-62ed4539d1d9,https://ckan.publishing.service.gov.uk/dataset/e4b4f7be-31aa-45f8-a79d-55130bd4b5e3,marine-environmental-data-information-network
CEFAS3424b1df-5180-4a57-bd2d-e3a9e4f8fa40,https://ckan.publishing.service.gov.uk/dataset/971ff597-f0c0-4877-a390-8f2161f85471,marine-environmental-data-information-network
CEFAS34292152-FF1C-4C0C-8624-84968253BEE6,https://ckan.publishing.service.gov.uk/dataset/41c99df1-d7e8-498c-bfaa-a6c9515ebe26,marine-environmental-data-information-network
CEFAS34550f45-e558-432e-a300-2281705f7a3a,https://ckan.publishing.service.gov.uk/dataset/fa4f1474-0d28-4492-86ab-bc8984ac6b01,marine-environmental-data-information-network
CEFAS34859100-7f5a-4edb-bdee-a53eb8123502,https://ckan.publishing.service.gov.uk/dataset/308edbd2-d8f6-48fe-a414-fe43d7f6bf09,marine-environmental-data-information-network
CEFAS34861fec-af1d-4db6-8501-f9cdc54eeda3,https://ckan.publishing.service.gov.uk/dataset/39992a11-d297-44a0-ad5c-30dc99859c13,marine-environmental-data-information-network
CEFAS3490ce6c-3432-499f-9906-294a5d4f5ba8,https://ckan.publishing.service.gov.uk/dataset/8b735914-26af-45bd-8fb6-d185fe2c6d8f,marine-environmental-data-information-network
CEFAS349ca663-2b1a-40e6-a7a2-74c3bbd5c0bf,https://ckan.publishing.service.gov.uk/dataset/f6b3b0cf-da1f-4afa-abb2-e8e2f2199d14,marine-environmental-data-information-network
CEFAS34b3d916-8bd5-444f-9796-87c186e9beb0,https://ckan.publishing.service.gov.uk/dataset/9899a6b9-2157-4c89-bb3c-d77f107d00f4,marine-environmental-data-information-network
CEFAS34cac4e6-1316-437a-998d-56dbccde12dd,https://ckan.publishing.service.gov.uk/dataset/98739a07-8d74-4715-b444-d6c7a52c15c6,marine-environmental-data-information-network
CEFAS34cb976b-7518-43be-a599-5ed39686ec29,https://ckan.publishing.service.gov.uk/dataset/c50a001c-4d27-4d81-8ea7-366c98d6f55b,marine-environmental-data-information-network
CEFAS34cdc435-fde9-4638-a0fd-b9addc7b6eed,https://ckan.publishing.service.gov.uk/dataset/97019cbf-9b2b-4afd-9d32-c03a462e62b3,marine-environmental-data-information-network
CEFAS34dc93b9-fcd2-4b31-8393-c6df26963ab8,https://ckan.publishing.service.gov.uk/dataset/e2f6dbd4-3bb3-4366-b1fb-623c60d468d9,marine-environmental-data-information-network
CEFAS34e703be-78eb-46ec-baab-35e9d30a713e,https://ckan.publishing.service.gov.uk/dataset/b2a84374-66a3-4426-ae3a-cfc05f126810,marine-environmental-data-information-network
CEFAS34f11a53-8eb1-4e6d-ada0-66fbd308e331,https://ckan.publishing.service.gov.uk/dataset/3fe19690-5223-44d6-80c3-4e314fb83a08,marine-environmental-data-information-network
CEFAS3567be53-5294-44d8-8349-5d862a885094,https://ckan.publishing.service.gov.uk/dataset/6b61721b-4423-4260-8dd7-f79d43c3ae0a,marine-environmental-data-information-network
CEFAS3597c92a-b41a-4013-849c-bdc44778cab0,https://ckan.publishing.service.gov.uk/dataset/433601da-4b2e-4090-a099-5609a4bfc2ea,marine-environmental-data-information-network
CEFAS35c276ff-2a2b-4324-822a-62a770f76899,https://ckan.publishing.service.gov.uk/dataset/803e748f-7e88-432b-b54a-184fa4c8c632,marine-environmental-data-information-network
CEFAS35c4512e-97f0-4371-a43f-d94f7b892ca8,https://ckan.publishing.service.gov.uk/dataset/e3e2c3e9-dfc8-4f8e-a709-ddae4ffc3fb1,marine-environmental-data-information-network
CEFAS35e4a424-a5e8-4360-9fca-60d4d925e500,https://ckan.publishing.service.gov.uk/dataset/b3f37c7d-599c-48cd-a4b7-2758c704f2e4,marine-environmental-data-information-network
CEFAS35fc8565-4745-4a08-80a7-0de5d993e1df,https://ckan.publishing.service.gov.uk/dataset/e8753cde-a369-444e-b17d-fbd60b7f04a6,marine-environmental-data-information-network
CEFAS3642975b-6003-46eb-b431-088b670ca6e2,https://ckan.publishing.service.gov.uk/dataset/6ed1e40a-f983-43d1-a209-4e057b17519f,marine-environmental-data-information-network
CEFAS364a79ca-9ffb-4631-866c-1f0ce55909b3,https://ckan.publishing.service.gov.uk/dataset/906e1738-a58c-4306-a895-d6963b981590,marine-environmental-data-information-network
CEFAS3673e50d-9960-4b55-9fb7-8255763d4bf5,https://ckan.publishing.service.gov.uk/dataset/afeaab96-580b-440f-b12e-4cdecab371af,marine-environmental-data-information-network
CEFAS367564c1-9073-4e85-b6bd-2cf560e663d6,https://ckan.publishing.service.gov.uk/dataset/fa65d1e7-b295-4812-bac4-8caf304ab531,marine-environmental-data-information-network
CEFAS36ddb625-3e16-4200-a64b-fd18c9640ff4,https://ckan.publishing.service.gov.uk/dataset/15b15161-b7f1-44a3-95a4-261fc9d8acbd,marine-environmental-data-information-network
CEFAS37094a5d-fda0-4570-8308-b72fdb1630b6,https://ckan.publishing.service.gov.uk/dataset/f8d7ecbc-9c64-4c87-aa99-921de4e141c6,marine-environmental-data-information-network
CEFAS3730717f-5feb-43f3-9138-f3143a4711b1,https://ckan.publishing.service.gov.uk/dataset/75bd8e50-8a50-43ed-8bb9-3f964668d3ae,marine-environmental-data-information-network
CEFAS37331c28-a672-43c4-b55c-40da2881efe4,https://ckan.publishing.service.gov.uk/dataset/18fa681e-276b-49e1-be40-fc3161c6d4e4,marine-environmental-data-information-network
CEFAS374d428d-cf4b-4c0e-98ec-e7c6e9a573fe,https://ckan.publishing.service.gov.uk/dataset/1ecfa647-5e52-429c-9fc7-2ba6164999ae,marine-environmental-data-information-network
CEFAS3759bf7b-8e7e-4c90-8583-a6d3d8cc22c1,https://ckan.publishing.service.gov.uk/dataset/cad0a4d9-8337-47d2-b456-ff59225f5cfc,marine-environmental-data-information-network
CEFAS3786675D-952B-4F08-8C09-D3D3C8575B87,https://ckan.publishing.service.gov.uk/dataset/3031c068-a221-4243-9294-03e771eb7bd0,marine-environmental-data-information-network
CEFAS37d145f0-6f45-4499-a9fd-222cdc27caef,https://ckan.publishing.service.gov.uk/dataset/299870e5-ee46-4d2e-ac61-6998f489744b,marine-environmental-data-information-network
CEFAS37d7e0e7-24f6-4236-a9e4-3531d1ff4e24,https://ckan.publishing.service.gov.uk/dataset/613c5333-821d-4aa8-8b72-03449aa6da3f,marine-environmental-data-information-network
CEFAS37e06017-19d0-4a90-97eb-9e53acc11c30,https://ckan.publishing.service.gov.uk/dataset/000212e8-4a19-4a4c-9361-c7fd3664195e,marine-environmental-data-information-network
CEFAS38056d88-95b6-4ae4-969b-f48067a93dc3,https://ckan.publishing.service.gov.uk/dataset/830f5691-07e9-4d5b-b977-df275cb829d6,marine-environmental-data-information-network
CEFAS38762f23-5f39-42a3-af47-8cd970e9f7f2,https://ckan.publishing.service.gov.uk/dataset/7c3605d8-db63-4d89-8210-a9f44cafb507,marine-environmental-data-information-network
CEFAS3893b347-fbb0-45ef-b9ef-d147fc46839f,https://ckan.publishing.service.gov.uk/dataset/a61b34d1-18e4-4b45-a494-16a061cdcd6a,marine-environmental-data-information-network
CEFAS38a088b3-9994-4411-bc8a-60fb0e9468aa,https://ckan.publishing.service.gov.uk/dataset/9e027424-b2fe-43ef-82bb-01caff53481e,marine-environmental-data-information-network
CEFAS38C9120C-7A3E-450E-A51E-D871A88D4369,https://ckan.publishing.service.gov.uk/dataset/a5ea4e7f-f932-4aa5-87dd-85fbc85f69a4,marine-environmental-data-information-network
CEFAS38d4d9f4-91ed-4214-8fa9-a79d19c1f34b,https://ckan.publishing.service.gov.uk/dataset/0c9d759f-b72f-4a9f-8936-ef6a4d470211,marine-environmental-data-information-network
CEFAS38fb4cda-900b-4165-a316-0ad0e63c5e3d,https://ckan.publishing.service.gov.uk/dataset/380f20ef-b658-4a20-88f2-0c22f4eff6b2,marine-environmental-data-information-network
CEFAS391ca74b-bd61-43d0-ad39-f20e5efe7f5b,https://ckan.publishing.service.gov.uk/dataset/eb59fe59-c6a1-4891-8625-508b2731d2d1,marine-environmental-data-information-network
CEFAS392f0c77-f5b7-4ab5-b480-388111f9e2fb,https://ckan.publishing.service.gov.uk/dataset/cadb9d3e-1211-4a81-b339-083c20b8d811,marine-environmental-data-information-network
CEFAS3937ef6c-3f37-4d19-9719-a77da11a3f91,https://ckan.publishing.service.gov.uk/dataset/c14680e2-3bf0-4149-99a1-551348cbc9b3,marine-environmental-data-information-network
CEFAS397f9640-15ac-4f34-9e62-1709ba1f68c4,https://ckan.publishing.service.gov.uk/dataset/c59ea849-5c4e-4f37-beb4-cfc74d389c2d,marine-environmental-data-information-network
CEFAS39872b4b-db69-40aa-9a4a-b276a5d88409,https://ckan.publishing.service.gov.uk/dataset/69f5f3a0-3aaf-4bc1-9886-abe761a955a2,marine-environmental-data-information-network
CEFAS398e4290-0173-45ba-b025-4c3a8be33b3a,https://ckan.publishing.service.gov.uk/dataset/bc135dd2-7b58-48a5-b38b-796c7b831f38,marine-environmental-data-information-network
CEFAS39ac5907-4734-4fd6-8af5-c7f9fb69b39c,https://ckan.publishing.service.gov.uk/dataset/04d2fd8f-4187-4927-b000-20deb85cf759,marine-environmental-data-information-network
CEFAS39AF6DE6-2358-4005-9984-2813824583E2,https://ckan.publishing.service.gov.uk/dataset/08f51821-31dd-4caa-84f5-c0aa57e2aafa,marine-environmental-data-information-network
CEFAS39b814cd-9d0d-4b56-b9af-208a4319e3ad,https://ckan.publishing.service.gov.uk/dataset/45b6b0d1-4b94-4572-9877-3701a3f85579,marine-environmental-data-information-network
CEFAS39bab88d-f575-4f45-ae93-f34e4d39e5a9,https://ckan.publishing.service.gov.uk/dataset/a5eb20fc-dbed-4014-98c8-a0aea32a2a1a,marine-environmental-data-information-network
CEFAS39eee9c4-a4c4-4176-80e7-3be212a7aa96,https://ckan.publishing.service.gov.uk/dataset/48af45a2-1f38-4ff6-8dbd-284c53e5d587,marine-environmental-data-information-network
CEFAS39fa5601-19e7-40f4-bba1-58af7ff4878e,https://ckan.publishing.service.gov.uk/dataset/55b2fc25-a9c1-4647-a780-18ad9228135e,marine-environmental-data-information-network
CEFAS3a004c12-1fc9-41d2-a554-ffe0359b0167,https://ckan.publishing.service.gov.uk/dataset/eba21259-6e86-4ad8-aef1-5edff0f10a27,marine-environmental-data-information-network
CEFAS3a038464-4b3a-43ad-8a74-dd4719a2a4c2,https://ckan.publishing.service.gov.uk/dataset/834dc4dd-a2fa-43c0-a756-38702c9498a3,marine-environmental-data-information-network
CEFAS3a7370c2-c61e-4da8-ae45-9d7706e965bb,https://ckan.publishing.service.gov.uk/dataset/d82ad6b8-1ecf-4175-a1f5-101233739255,marine-environmental-data-information-network
CEFAS3a78d708-111c-4534-a68b-075d820cf48b,https://ckan.publishing.service.gov.uk/dataset/4cc2c976-11f3-4c86-a533-31d1bfac7e47,marine-environmental-data-information-network
CEFAS3a8a2f04-dda3-4fec-9ebc-0321c9c6be1d,https://ckan.publishing.service.gov.uk/dataset/dfc0e5cd-d234-4bb5-82b9-ba20224cf9fc,marine-environmental-data-information-network
CEFAS3aa9ba40-31ef-4e52-a963-4c5f9ea3636c,https://ckan.publishing.service.gov.uk/dataset/951d2265-1904-45e9-aa75-de23811ca1e5,marine-environmental-data-information-network
CEFAS3acc6f3e-5f57-4ce7-a0cd-b08b72810c1c,https://ckan.publishing.service.gov.uk/dataset/73559df2-297d-4949-92ef-3ba2da3dcc83,marine-environmental-data-information-network
CEFAS3ad64697-1c4f-471d-8266-b3b891f87c22,https://ckan.publishing.service.gov.uk/dataset/7bdbbd95-e163-49a4-96be-38f41cad9324,marine-environmental-data-information-network
CEFAS3ADB5B54-3D40-454B-AE1D-1432A925D4FA,https://ckan.publishing.service.gov.uk/dataset/ce8918e5-bce0-475d-ae92-d10eb843c6bd,marine-environmental-data-information-network
CEFAS3afc83c1-bce8-461a-8d7e-9e2f92e32ebd,https://ckan.publishing.service.gov.uk/dataset/dd0770e1-9919-473d-8f0d-0ad1f3b07dfe,marine-environmental-data-information-network
CEFAS3b1e9529-a029-4f6b-bb1d-d65080bdc7f5,https://ckan.publishing.service.gov.uk/dataset/0d4dcd5a-7081-4655-904f-afde61087050,marine-environmental-data-information-network
CEFAS3b424777-6cf5-411d-8990-47eec18b0f7b,https://ckan.publishing.service.gov.uk/dataset/2b72f251-5205-42ca-af17-6c5bb8c74c10,marine-environmental-data-information-network
CEFAS3b5ea0bb-3a72-4b8e-b30b-42f3c66f5a41,https://ckan.publishing.service.gov.uk/dataset/ab2c6fac-c033-42bb-866f-7461e9ef5b89,marine-environmental-data-information-network
CEFAS3b78d1ac-ac4d-46c7-9bbb-f39be87f293a,https://ckan.publishing.service.gov.uk/dataset/0e9fbcaf-e0e7-434b-95d7-9cc9cf565515,marine-environmental-data-information-network
CEFAS3bab2c1e-26c5-4b63-91c0-b6ec05c17d8f,https://ckan.publishing.service.gov.uk/dataset/b9cd2603-8f9a-4a9e-84b8-6048c90706a9,marine-environmental-data-information-network
CEFAS3bb07155-3c8e-43a1-b194-44021982954f,https://ckan.publishing.service.gov.uk/dataset/7533379f-0e15-4849-a9ad-1558f0a23fd1,marine-environmental-data-information-network
CEFAS3c010fab-cdc2-493f-9c37-86c797737dcd,https://ckan.publishing.service.gov.uk/dataset/50a2b0cb-3b60-473f-89ca-fc13e78a928a,marine-environmental-data-information-network
CEFAS3c2de112-9f8b-4cbc-b9b2-ca785459a146,https://ckan.publishing.service.gov.uk/dataset/eb3028b6-6918-4d95-bbf6-88088c7f0592,marine-environmental-data-information-network
CEFAS3C30537B-8732-46FC-BE75-4498CD646853,https://ckan.publishing.service.gov.uk/dataset/af11a03b-d4f4-46dd-a899-aad32319adf2,marine-environmental-data-information-network
CEFAS3c4be9fe-2d58-4817-b518-2d3f5e1e5e35,https://ckan.publishing.service.gov.uk/dataset/5b31d542-c3d9-46b7-ac77-a589342e1dd5,marine-environmental-data-information-network
CEFAS3c6affc2-ee60-43d9-bb3e-23d657e75ab2,https://ckan.publishing.service.gov.uk/dataset/7f070115-ca46-456f-9cf7-a9a40ea796cf,marine-environmental-data-information-network
CEFAS3c87ce88-c866-4d10-b4e3-2e70c5e1b201,https://ckan.publishing.service.gov.uk/dataset/50edd7fe-74b9-4e5f-a7e3-b9319533ef55,marine-environmental-data-information-network
CEFAS3c9a7312-e594-4aea-9ffd-393dee2bfff1,https://ckan.publishing.service.gov.uk/dataset/5b47bfcb-4d15-4629-812d-6893c520197e,marine-environmental-data-information-network
CEFAS3ca61800-ec46-4eb0-8a10-a612c4c35c97,https://ckan.publishing.service.gov.uk/dataset/f6bec33b-8077-4dc8-912b-397ca565e701,marine-environmental-data-information-network
CEFAS3caa2239-3c32-47af-bfad-77356911bbad,https://ckan.publishing.service.gov.uk/dataset/8f65e2e6-cabc-402b-928f-bf5fb27f25a9,marine-environmental-data-information-network
CEFAS3cb373e7-036b-4a05-8df0-8622373908d5,https://ckan.publishing.service.gov.uk/dataset/93a0faa0-c552-4922-8caf-d1529e18c4c9,marine-environmental-data-information-network
CEFAS3cc13e40-cd6b-442f-9d1e-641bf0bfc649,https://ckan.publishing.service.gov.uk/dataset/663194d2-d9b5-4f18-aaa0-f1609f47e20a,marine-environmental-data-information-network
CEFAS3cc44db6-1657-4f3c-95a9-488db9b55692,https://ckan.publishing.service.gov.uk/dataset/15125059-4bdc-419b-bcf3-4b227b1549f0,marine-environmental-data-information-network
CEFAS3cc689cb-7924-44c4-b580-082d05890940,https://ckan.publishing.service.gov.uk/dataset/869f49da-12d4-47ea-9ae0-b6062f2fcb4d,marine-environmental-data-information-network
CEFAS3ceffabf-f857-4fdc-bfce-c478899c3b8a,https://ckan.publishing.service.gov.uk/dataset/b77c9d6c-fa62-4497-b68d-6a0970b0beeb,marine-environmental-data-information-network
CEFAS3d27b9c2-7aa4-44ef-b3eb-d879e98b926a,https://ckan.publishing.service.gov.uk/dataset/ae4ea374-52f8-4ca9-a3b5-bf05213cc528,marine-environmental-data-information-network
CEFAS3d4cde2e-e243-4e4c-863b-96a944a3f95b,https://ckan.publishing.service.gov.uk/dataset/fb2b4b45-367b-473b-9fc4-36005f90b946,marine-environmental-data-information-network
CEFAS3D5B156B-5445-4800-BFD4-F71B92442247,https://ckan.publishing.service.gov.uk/dataset/036d4316-52c2-4f11-9a34-fede4b6d1ffb,marine-environmental-data-information-network
CEFAS3d676d4a-4c0b-4dba-85da-70f9b5955184,https://ckan.publishing.service.gov.uk/dataset/eca428e6-1f5d-4a2c-88e5-7070125e1152,marine-environmental-data-information-network
CEFAS3d751f86-7ad9-4101-ad08-52ecfa9a9d93,https://ckan.publishing.service.gov.uk/dataset/6df020e4-12f9-4298-b743-60ea51280a8c,marine-environmental-data-information-network
CEFAS3dc335e1-5fd3-4174-86b1-fe5fe31c497f,https://ckan.publishing.service.gov.uk/dataset/b474b6fb-ed69-40b5-9b0f-79f8c7cb1f9b,marine-environmental-data-information-network
CEFAS3dde6697-5ad6-436c-b026-21b3dcfe5623,https://ckan.publishing.service.gov.uk/dataset/218ae3c3-9ac6-4b51-8317-56bcacc00f20,marine-environmental-data-information-network
CEFAS3de8da1f-87a3-4fbf-a3bc-3e4c6473fa47,https://ckan.publishing.service.gov.uk/dataset/f249fb42-1c9a-4279-a001-1b37d6cc95df,marine-environmental-data-information-network
CEFAS3e300249-b5ad-4321-9f04-e1cc32acae0a,https://ckan.publishing.service.gov.uk/dataset/4c62b779-c6ba-4cec-94bd-f25e595585a5,marine-environmental-data-information-network
CEFAS3e3d6601-1236-41ff-8b7b-e5aed38411e6,https://ckan.publishing.service.gov.uk/dataset/0cd84414-a7f2-4082-8ecb-20c08acc05c7,marine-environmental-data-information-network
CEFAS3e601947-0290-4bbb-8b91-bf91b217f527,https://ckan.publishing.service.gov.uk/dataset/e47e3d65-6c23-4e2a-85a9-95d910005a94,marine-environmental-data-information-network
CEFAS3e8e1f8b-3fbf-4aa7-a397-32f5f2d4487d,https://ckan.publishing.service.gov.uk/dataset/ab5a01fd-10e3-4ea4-b9b3-9322ad4d0149,marine-environmental-data-information-network
CEFAS3e90b032-4777-4a84-8d0f-29cfa62f7d7a,https://ckan.publishing.service.gov.uk/dataset/7e64dd83-ba6a-4d95-b24e-0b685a6597ce,marine-environmental-data-information-network
CEFAS3ed42b65-a928-4c99-9b9a-d4b64f5816d7,https://ckan.publishing.service.gov.uk/dataset/08b5587b-fae7-4211-b537-653c86965b80,marine-environmental-data-information-network
CEFAS3ee209e0-bd5e-4e19-a8f5-f50964c56c91,https://ckan.publishing.service.gov.uk/dataset/db7c8079-477a-4c5f-a6ea-7fd3a1e35e84,marine-environmental-data-information-network
CEFAS3ef1fb37-a5db-4dc2-bb3f-c8af488e0d86,https://ckan.publishing.service.gov.uk/dataset/7ae3816d-cf8d-4a5d-87d4-8c89ebe43903,marine-environmental-data-information-network
CEFAS3f0785a9-d9c8-4ea6-abe6-d9ca78c14b2e,https://ckan.publishing.service.gov.uk/dataset/1bb763d7-c588-4c5b-8907-d5f61fceba19,marine-environmental-data-information-network
CEFAS3F331C31-59D8-4EAD-B1A3-ADD94B35CDB8,https://ckan.publishing.service.gov.uk/dataset/7e10f062-b7a3-4add-9140-6ac5f9c098d1,marine-environmental-data-information-network
CEFAS3f4962c7-24d6-4f63-81f2-ace61214cab4,https://ckan.publishing.service.gov.uk/dataset/35964dc0-9abb-4bad-aa3c-46ba7d905080,marine-environmental-data-information-network
CEFAS3f59ab12-6e5a-4e1d-bc42-3ac14aa0a509,https://ckan.publishing.service.gov.uk/dataset/307378a1-9b9e-4032-8de8-9542854d02f2,marine-environmental-data-information-network
CEFAS3f5e31e1-64ad-4928-9099-826ab5c04cd6,https://ckan.publishing.service.gov.uk/dataset/dc0479cf-b807-4657-a576-43dc68b4e4b0,marine-environmental-data-information-network
CEFAS3f79e591-7fba-4542-86af-0562ca3fda96,https://ckan.publishing.service.gov.uk/dataset/a358ee74-6cd1-4486-8077-258ac5c8e913,marine-environmental-data-information-network
CEFAS406a3a18-4d34-4726-9eb7-4a4781390057,https://ckan.publishing.service.gov.uk/dataset/5f32260e-2323-4246-b009-f5fc84976866,marine-environmental-data-information-network
CEFAS406E9571-4C80-4F75-ABA0-F20EDA0CC82F,https://ckan.publishing.service.gov.uk/dataset/87984ecf-e455-4d98-ba93-ae63fd57761f,marine-environmental-data-information-network
CEFAS40712f9f-c9d5-4e87-acef-51dba025adfd,https://ckan.publishing.service.gov.uk/dataset/6910fbba-e975-4e1f-9511-5c367a84d3c9,marine-environmental-data-information-network
CEFAS408657ad-b37a-4dda-b521-25372d503b92,https://ckan.publishing.service.gov.uk/dataset/323d01af-81ce-4903-966a-fb8727065006,marine-environmental-data-information-network
CEFAS40916FD8-778E-4DBF-8FC2-9F97CEEBBCB1,https://ckan.publishing.service.gov.uk/dataset/830a778f-c305-4303-890d-b2a9bc81f409,marine-environmental-data-information-network
CEFAS411ef843-7882-4931-9a70-c4c4cec51bd4,https://ckan.publishing.service.gov.uk/dataset/1b3041e3-d5cc-4c1e-8dc0-7d0a7e93a923,marine-environmental-data-information-network
CEFAS417ebdca-2863-4f99-b345-5c1bad5feed3,https://ckan.publishing.service.gov.uk/dataset/790098d9-bd9d-4831-8f4f-75a09a7d7cc8,marine-environmental-data-information-network
CEFAS41866d62-7cd7-4fc9-8141-e77825519bf4,https://ckan.publishing.service.gov.uk/dataset/be05db72-2f95-451a-aeb0-351e5bf6430b,marine-environmental-data-information-network
CEFAS419bd591-ec34-4d2c-a466-5fefed075917,https://ckan.publishing.service.gov.uk/dataset/62e18a35-c5f3-42bc-aecc-cee1540d6fec,marine-environmental-data-information-network
CEFAS41b4f806-1da7-4104-9ea5-de69591ebb8a,https://ckan.publishing.service.gov.uk/dataset/0314683a-713e-4bad-a649-31c82c5800ea,marine-environmental-data-information-network
CEFAS41d10fd0-94fd-4295-b3cd-e1c3c7f70c75,https://ckan.publishing.service.gov.uk/dataset/cd7d809a-70af-4a98-b9e8-927270980ada,marine-environmental-data-information-network
CEFAS41ebe93d-03a9-4cf2-960f-6d595c080a70,https://ckan.publishing.service.gov.uk/dataset/2e5660b7-e36d-4e04-ad44-37afb685cbd1,marine-environmental-data-information-network
CEFAS41fb6549-6f69-4094-9a0c-f20c1154d759,https://ckan.publishing.service.gov.uk/dataset/95d09dad-bb44-4434-b507-4bea49589cc7,marine-environmental-data-information-network
CEFAS420548aa-1385-4390-b051-8eb54265c374,https://ckan.publishing.service.gov.uk/dataset/be9f9671-e3a5-4c6a-a1c1-cf82536ed4f1,marine-environmental-data-information-network
CEFAS42413aa8-4cfa-4572-bcd5-592833803c2b,https://ckan.publishing.service.gov.uk/dataset/0254dc1f-d94d-47ac-bf3c-e843ad1c05eb,marine-environmental-data-information-network
CEFAS42470E6A-9ECB-42D0-9D06-F1D92628BDDF,https://ckan.publishing.service.gov.uk/dataset/79966352-4cad-4b5c-a967-696220d92a88,marine-environmental-data-information-network
CEFAS42826f5c-e0ef-4938-a5bc-80736b07d993,https://ckan.publishing.service.gov.uk/dataset/374eec81-807b-4d7c-bc5c-bf4ed68531a4,marine-environmental-data-information-network
CEFAS428fecf7-7481-4703-81dc-e5b59cd57fe4,https://ckan.publishing.service.gov.uk/dataset/ac2a988e-629f-4875-a79a-9d722a4d022e,marine-environmental-data-information-network
CEFAS42937b62-594b-4604-a4be-ddfec7dafff4,https://ckan.publishing.service.gov.uk/dataset/594a5b41-e78f-45f7-8ad4-9e1f2cb7e08c,marine-environmental-data-information-network
CEFAS4296fa91-8078-4f25-bab6-5d48374107d2,https://ckan.publishing.service.gov.uk/dataset/68c6ce30-171b-43d0-880b-8056cb7f54a0,marine-environmental-data-information-network
CEFAS42afd50f-c9c9-4f70-ae05-479a631c24ef,https://ckan.publishing.service.gov.uk/dataset/6a955c42-e217-4fd2-9a8b-05cc75ac525b,marine-environmental-data-information-network
CEFAS42b2480c-ec10-4832-8556-f85633735ebc,https://ckan.publishing.service.gov.uk/dataset/1536ac5f-f8fe-4a15-859e-7c4ad735976f,marine-environmental-data-information-network
CEFAS42d0806e-22e2-45a6-8e47-fa76e45f59ed,https://ckan.publishing.service.gov.uk/dataset/7dde769f-1852-48e5-8dfe-0e2b8d49be7e,marine-environmental-data-information-network
CEFAS42f4528b-7987-4f79-9be7-a588d8270f02,https://ckan.publishing.service.gov.uk/dataset/d70479d1-3b55-4a18-8d47-6e19de3542c1,marine-environmental-data-information-network
CEFAS42f9715f-69fc-48a5-bf57-05766984f849,https://ckan.publishing.service.gov.uk/dataset/7206447b-5b67-4387-bd4b-85beb07eeae0,marine-environmental-data-information-network
CEFAS43396bea-74b6-4c75-8bdd-dac7a12588f1,https://ckan.publishing.service.gov.uk/dataset/0bf8c49f-d8bf-4b96-8b8e-4a8a3b915c64,marine-environmental-data-information-network
CEFAS4360A3FF-A4EE-44F3-AB41-743D11761BDE,https://ckan.publishing.service.gov.uk/dataset/d26e9aec-0c94-4246-9a55-cfef38d8270e,marine-environmental-data-information-network
CEFAS4365E1F1-0B6E-48FF-A0DF-545A1468C8C4,https://ckan.publishing.service.gov.uk/dataset/de907a47-3d00-4fc1-8aac-c2d764e72016,marine-environmental-data-information-network
CEFAS436c1fa9-901b-465a-9f83-53fe17c93d72,https://ckan.publishing.service.gov.uk/dataset/898c61cb-61a4-4bbf-bf6b-539c90431c0f,marine-environmental-data-information-network
CEFAS43704848-4285-4278-bc29-1a80983dfdc4,https://ckan.publishing.service.gov.uk/dataset/cd8ab0ef-c6e1-4355-8354-7d083e389d26,marine-environmental-data-information-network
CEFAS43afb12c-a027-45ca-adf9-a422cee4e32e,https://ckan.publishing.service.gov.uk/dataset/a18909e5-d84e-4a56-a529-fe6159ad7244,marine-environmental-data-information-network
CEFAS43ce16bf-82eb-4cc4-9c98-f5b980c90f7d,https://ckan.publishing.service.gov.uk/dataset/86b9c736-4fd3-432a-8f67-7cfb87ec5b56,marine-environmental-data-information-network
CEFAS43de4eae-5c8b-4a77-9c5a-8ae632918bbc,https://ckan.publishing.service.gov.uk/dataset/f0610c97-a1b0-429b-a3b2-13d5a3880b6b,marine-environmental-data-information-network
CEFAS43e752be-7f3a-4900-bf2b-568b2638fc9a,https://ckan.publishing.service.gov.uk/dataset/1e94185f-430f-4b99-b45c-83b637a050ad,marine-environmental-data-information-network
CEFAS440ff429-1a27-4c73-9f5e-44b357650cf8,https://ckan.publishing.service.gov.uk/dataset/6f5e73ca-2113-4701-a495-d6885a818b65,marine-environmental-data-information-network
CEFAS443c5f46-0575-47ca-ad7b-1d5ffc719ccf,https://ckan.publishing.service.gov.uk/dataset/997c583c-8e7d-45b5-8d59-3cf78e1b27a2,marine-environmental-data-information-network
CEFAS444bd805-bd95-413b-bfb8-d3d19209eacd,https://ckan.publishing.service.gov.uk/dataset/babb61dc-0b6f-4461-9884-511beb33b491,marine-environmental-data-information-network
CEFAS444df849-781a-4211-a464-96131cfcf9c6,https://ckan.publishing.service.gov.uk/dataset/280ba72e-78fc-44af-b202-6d4462af1796,marine-environmental-data-information-network
CEFAS4452dbb5-551a-4db4-97fa-fcc6c1756f23,https://ckan.publishing.service.gov.uk/dataset/77eab249-2a7c-410d-96b2-bb4d11fa07c5,marine-environmental-data-information-network
CEFAS44944633-1337-47db-a9ee-adbc1894a39d,https://ckan.publishing.service.gov.uk/dataset/fc7bae7a-1159-40ba-9a0a-0c3c72dba476,marine-environmental-data-information-network
CEFAS44d3259d-564f-443d-b8b6-afa1dfea9cb5,https://ckan.publishing.service.gov.uk/dataset/b820892d-a7f4-415b-a7ff-fde14c229885,marine-environmental-data-information-network
CEFAS451d201c-8098-4bca-b5d2-fc20916f5b21,https://ckan.publishing.service.gov.uk/dataset/4ee25552-2759-4b0a-ac9f-68640da0b1d3,marine-environmental-data-information-network
CEFAS454ae262-f58f-4b60-a040-fbc824741537,https://ckan.publishing.service.gov.uk/dataset/ac24135d-d0d0-49d7-8d9d-e9c1f3bc65a9,marine-environmental-data-information-network
CEFAS454f5848-0a8f-455a-b95a-b97a9b06d2bf,https://ckan.publishing.service.gov.uk/dataset/6293b6e7-c464-46e6-80ea-0b41c36ef86c,marine-environmental-data-information-network
CEFAS4588502b-79e1-4856-9b8a-f2f9bdfd5350,https://ckan.publishing.service.gov.uk/dataset/4a75593e-c898-40bc-90d8-c1c7a4cbcec7,marine-environmental-data-information-network
CEFAS458bfe71-51eb-4309-b29b-8cc769d86e43,https://ckan.publishing.service.gov.uk/dataset/9ea96fb7-419d-47d7-8c4c-520ad8efe4a9,marine-environmental-data-information-network
CEFAS45e3a53b-7a98-429c-8f1f-54d40ecd1af5,https://ckan.publishing.service.gov.uk/dataset/3868cedd-1b15-4774-af99-a19830118f96,marine-environmental-data-information-network
CEFAS45fefb0b-d1b9-4ad2-aa79-f429674c85d1,https://ckan.publishing.service.gov.uk/dataset/837419ac-174f-4ff2-8835-aa2875286150,marine-environmental-data-information-network
CEFAS460477E2-BCF8-4069-A640-51E55DB892EE,https://ckan.publishing.service.gov.uk/dataset/745751a3-b7f6-436e-b78f-27a84e87a532,marine-environmental-data-information-network
CEFAS4609b4f4-d280-4da2-8291-8ddb9ca392e9,https://ckan.publishing.service.gov.uk/dataset/ccbc6745-deb2-4a74-b3d0-c805a16982ee,marine-environmental-data-information-network
CEFAS460beb38-18e2-410d-8f2a-38fbade69954,https://ckan.publishing.service.gov.uk/dataset/79bf4d72-4ebd-4b51-9886-aa8155d0c58c,marine-environmental-data-information-network
CEFAS4638269c-84ea-4ff3-b29e-f81ae1aa3908,https://ckan.publishing.service.gov.uk/dataset/aabfa3bd-4738-4b6a-b4b4-fe00bfc949c3,marine-environmental-data-information-network
CEFAS466c8c74-67ba-4613-839c-c2d8d0102d91,https://ckan.publishing.service.gov.uk/dataset/ccd324c6-8052-45ec-962a-1cf0978d79b6,marine-environmental-data-information-network
CEFAS466CC632-94BF-413F-8EB0-FE1E235C1332,https://ckan.publishing.service.gov.uk/dataset/0132a97c-ec23-4373-b154-6a5ec084d7bb,marine-environmental-data-information-network
CEFAS466f58a2-9d96-476e-9757-bb133558c971,https://ckan.publishing.service.gov.uk/dataset/2043db71-18f1-4108-bce1-79628f92320e,marine-environmental-data-information-network
CEFAS46746da5-ea77-415c-8df8-90fd69417202,https://ckan.publishing.service.gov.uk/dataset/d084a985-34d6-4941-81cb-012dc3f68ebb,marine-environmental-data-information-network
CEFAS467cb5ec-3ab7-4a5d-9a32-0cecfe477726,https://ckan.publishing.service.gov.uk/dataset/29deb802-e482-460b-9b97-c061eb36a44b,marine-environmental-data-information-network
CEFAS4695b256-009b-4417-94f0-649e7f1555fa,https://ckan.publishing.service.gov.uk/dataset/5879752a-5ad5-49a2-84f4-524442d463a3,marine-environmental-data-information-network
CEFAS46a5234f-a7e9-4c08-bab6-ccacea5f2f32,https://ckan.publishing.service.gov.uk/dataset/7a5a54dc-f04a-412f-8ad0-4a0d44c0ee12,marine-environmental-data-information-network
CEFAS470847df-ea0c-48d6-b71e-4a2ffb0045e8,https://ckan.publishing.service.gov.uk/dataset/e749e3ee-b099-4a3a-9099-415d35a034cd,marine-environmental-data-information-network
CEFAS471f890e-e79b-4b5c-8694-27507ad29c43,https://ckan.publishing.service.gov.uk/dataset/f53fa1ac-b43b-4d42-b308-9209a30e9148,marine-environmental-data-information-network
CEFAS475c7fc6-2aa3-4160-9f0b-b0fd80a77ff4,https://ckan.publishing.service.gov.uk/dataset/169782da-7396-41d8-85d2-b7f73b75ecdd,marine-environmental-data-information-network
CEFAS476a8631-6b0f-42a3-8652-68b40047f844,https://ckan.publishing.service.gov.uk/dataset/0417208c-edc3-45bc-8fb8-1222856b54ac,marine-environmental-data-information-network
CEFAS47b55949-b7f5-40b2-84ba-1f4ed65bec11,https://ckan.publishing.service.gov.uk/dataset/52f721fd-f4a4-4580-a163-7b1cd3b3bc94,marine-environmental-data-information-network
CEFAS47d27f56-924c-4a9a-8680-f99baf4f5a8d,https://ckan.publishing.service.gov.uk/dataset/dbcc84ac-3d3a-4ec3-8f74-02359e620192,marine-environmental-data-information-network
CEFAS47d3da35-6e2c-43a5-9a9b-591fceb6324d,https://ckan.publishing.service.gov.uk/dataset/55e838cd-c004-4996-ba0d-10befb9100b0,marine-environmental-data-information-network
CEFAS47E82234-304F-4BAD-A5C1-3C6B0F6B4FCD,https://ckan.publishing.service.gov.uk/dataset/aece89f9-7b5a-44f3-b44c-de49df59b023,marine-environmental-data-information-network
CEFAS47f0a4c7-0bad-4022-a758-899f1c90f146,https://ckan.publishing.service.gov.uk/dataset/77b7f4dc-c041-4556-87d4-7191711b9259,marine-environmental-data-information-network
CEFAS47ffb2b5-3ea4-446e-8bac-33fb4bce91a0,https://ckan.publishing.service.gov.uk/dataset/cce8431e-ebe1-4caa-9d35-190efb6795fa,marine-environmental-data-information-network
CEFAS480e7a76-7166-4e93-8a3e-839e0936d0fc,https://ckan.publishing.service.gov.uk/dataset/a29f5291-dd59-454d-b0da-952fc2d90196,marine-environmental-data-information-network
CEFAS481eeb5d-f329-4de1-97da-2a296351d899,https://ckan.publishing.service.gov.uk/dataset/738b1aa4-3181-456b-9267-908534d37655,marine-environmental-data-information-network
CEFAS48766e5a-9abc-4211-86d6-d424fbc87579,https://ckan.publishing.service.gov.uk/dataset/b9ff26c2-8c8b-4325-b32c-14529f27ea4e,marine-environmental-data-information-network
CEFAS4880ae66-b3ab-48b0-b435-ac533da0b7e6,https://ckan.publishing.service.gov.uk/dataset/648975b6-ee1e-4ee3-8fb0-37cd42e1f1e9,marine-environmental-data-information-network
CEFAS48b3a105-3cad-4fa1-9230-d937ef67135f,https://ckan.publishing.service.gov.uk/dataset/1638aac0-06a7-4fa4-8372-4d2f6b5af815,marine-environmental-data-information-network
CEFAS48e2d836-3c7d-4c0c-9c9a-7ca97cc3bce5,https://ckan.publishing.service.gov.uk/dataset/5614952d-0a12-4fbb-9419-e36d900e2542,marine-environmental-data-information-network
CEFAS490C97F4-170D-489A-9ADE-04DE4E39CCD8,https://ckan.publishing.service.gov.uk/dataset/e88a48f4-b0b3-42b5-b9d2-3878e79c334b,marine-environmental-data-information-network
CEFAS491ba680-8d92-410f-b7c4-8058ffc617bd,https://ckan.publishing.service.gov.uk/dataset/3ac7bf6a-352b-4d5e-9530-ca734dd10dba,marine-environmental-data-information-network
CEFAS4965f75c-558b-4bcb-99a4-1fdefbf87d7d,https://ckan.publishing.service.gov.uk/dataset/a053d1a3-e042-43f9-99ed-5b02d857061d,marine-environmental-data-information-network
CEFAS49976f7c-7905-440d-9942-6931cb1b0a5a,https://ckan.publishing.service.gov.uk/dataset/99e73c7d-9775-4037-a9fc-12bd5f8fa4d3,marine-environmental-data-information-network
CEFAS49a6cd13-8583-4b7c-86d6-960c0c48a957,https://ckan.publishing.service.gov.uk/dataset/eae340e5-0d9d-4282-a370-a4b0d5215f39,marine-environmental-data-information-network
CEFAS49af2a49-73dd-4613-bda9-7f053b3ffc3e,https://ckan.publishing.service.gov.uk/dataset/b97e2823-ea4e-470d-a6b2-5f9db5341b62,marine-environmental-data-information-network
CEFAS4a1c0752-6834-4c1e-bb86-535630409549,https://ckan.publishing.service.gov.uk/dataset/f535b304-fd35-412b-9c53-553f9558c8da,marine-environmental-data-information-network
CEFAS4a726520-768f-4430-8918-96734e606a89,https://ckan.publishing.service.gov.uk/dataset/a4a162cf-a365-4c77-a641-fef28edb6402,marine-environmental-data-information-network
CEFAS4a80f49c-699b-450d-b4b2-107254a08151,https://ckan.publishing.service.gov.uk/dataset/c8412eb0-57c3-4770-893c-1cbd9162807d,marine-environmental-data-information-network
CEFAS4a8fcf9c-d14d-4681-8a7e-507309c62031,https://ckan.publishing.service.gov.uk/dataset/c45abce8-9549-478b-b1a3-e15bca831390,marine-environmental-data-information-network
CEFAS4aa62b35-01a1-4c92-a49b-81450f671c00,https://ckan.publishing.service.gov.uk/dataset/349aa172-7340-44a1-bea8-5e268bfa3d9c,marine-environmental-data-information-network
CEFAS4aecb036-e5f8-4c8e-bb7b-fb9bdcb33f01,https://ckan.publishing.service.gov.uk/dataset/bfa7001a-0d1a-4da4-9a8a-38286d3ca5b6,marine-environmental-data-information-network
CEFAS4b113d3f-0a43-4874-b5e1-81a740b53cdb,https://ckan.publishing.service.gov.uk/dataset/e13c635f-3bb6-45ec-b5c9-54f03edc4cbf,marine-environmental-data-information-network
CEFAS4b5960f6-7e88-4901-af7d-31d8d36babad,https://ckan.publishing.service.gov.uk/dataset/98f662ca-a0c4-4a6b-860b-bb6dacb3f013,marine-environmental-data-information-network
CEFAS4b5f152a-0810-429f-9783-82071cdd3be1,https://ckan.publishing.service.gov.uk/dataset/79f84265-e048-46d6-acfc-e1bd496b87fd,marine-environmental-data-information-network
CEFAS4b7e4ef3-5ca8-4908-b369-b32c5b54ca9e,https://ckan.publishing.service.gov.uk/dataset/c7f8de95-02f5-4f97-98c9-612e222c8144,marine-environmental-data-information-network
CEFAS4b876095-56a2-427e-8cc6-5d0798557909,https://ckan.publishing.service.gov.uk/dataset/0e6b649c-9185-42ee-ac70-a172bf3a1698,marine-environmental-data-information-network
CEFAS4baadd68-e4f5-4dcf-a46e-e7b58f508473,https://ckan.publishing.service.gov.uk/dataset/cd938522-09c3-42a6-805e-78839593f3d0,marine-environmental-data-information-network
CEFAS4bb0528c-1d87-4f13-b845-0c9ac1b9c64f,https://ckan.publishing.service.gov.uk/dataset/1bdc61fb-6b93-4294-9b80-5836cd0676de,marine-environmental-data-information-network
CEFAS4c0a56c0-ed5e-4037-8641-81dbd7feff07,https://ckan.publishing.service.gov.uk/dataset/9dcee3ff-4ff9-4437-b862-4dce3e506182,marine-environmental-data-information-network
CEFAS4C1154D9-382C-4A51-B16A-EC749217529D,https://ckan.publishing.service.gov.uk/dataset/cd936e9e-9b99-4e9c-9f78-667c73289920,marine-environmental-data-information-network
CEFAS4c211624-5366-4324-a318-d2edfc766d7b,https://ckan.publishing.service.gov.uk/dataset/d7a2316a-cdf2-4b99-87fd-d1ceae002840,marine-environmental-data-information-network
CEFAS4c336760-2ea5-4904-ae60-9a6c68b3ccf2,https://ckan.publishing.service.gov.uk/dataset/690edd14-2ca0-4cc6-a51d-75d2019aeea4,marine-environmental-data-information-network
CEFAS4c7c2b71-1651-4f81-b2a6-31f4c39fad79,https://ckan.publishing.service.gov.uk/dataset/a0d09fb9-1909-4dd2-b5c5-333436af6d47,marine-environmental-data-information-network
CEFAS4c8b3b75-a84f-4506-b220-807afbf262f7,https://ckan.publishing.service.gov.uk/dataset/1f547c32-ded8-410f-a192-fd1c2a027197,marine-environmental-data-information-network
CEFAS4ca3c716-f134-487b-a667-a7573e51b08c,https://ckan.publishing.service.gov.uk/dataset/ef9b62d9-36b3-4eb9-9f0d-6ac245c2c980,marine-environmental-data-information-network
CEFAS4D0634FE-6CAD-4563-9984-7E0B585EE264,https://ckan.publishing.service.gov.uk/dataset/9abd6be3-2411-49ae-ae4c-5f038d2a551a,marine-environmental-data-information-network
CEFAS4d148cad-f07d-4cda-8bdc-1760676401fa,https://ckan.publishing.service.gov.uk/dataset/b6c75539-96b4-4a5a-a625-1adecdbfb597,marine-environmental-data-information-network
CEFAS4d7250a6-753f-4c73-8c96-60b8c084eb93,https://ckan.publishing.service.gov.uk/dataset/c9315659-d9ba-42c7-9156-32344424ad24,marine-environmental-data-information-network
CEFAS4d8f315e-fd9e-49c7-a1d9-74d2b9a15664,https://ckan.publishing.service.gov.uk/dataset/e22ba9d0-bbdc-4712-a263-6e561eedbac6,marine-environmental-data-information-network
CEFAS4d9cc872-a9a3-45b5-b737-8f187a3bc5b8,https://ckan.publishing.service.gov.uk/dataset/e3c56aad-61ca-4bc8-9094-ffc5b5d4eb9c,marine-environmental-data-information-network
CEFAS4daca44a-4886-4272-9423-ced2463e1f65,https://ckan.publishing.service.gov.uk/dataset/e91404d2-23b4-4442-acee-aa48638b12e4,marine-environmental-data-information-network
CEFAS4dad2310-7915-4258-8a57-2ae9c833df12,https://ckan.publishing.service.gov.uk/dataset/831c9dd0-3246-42c8-8a0c-b75c1e0029ea,marine-environmental-data-information-network
CEFAS4DCDCCCD-B429-4DD9-A840-1B4462583646,https://ckan.publishing.service.gov.uk/dataset/db444dd5-4c4a-4be2-9d2d-011610b950d1,marine-environmental-data-information-network
CEFAS4dfa84a4-dc2f-4b29-815c-b2283703e143,https://ckan.publishing.service.gov.uk/dataset/a5e4ae65-b463-4466-8034-f771cd1cb468,marine-environmental-data-information-network
CEFAS4dfe2af6-efcf-4061-887d-a1afa47e428b,https://ckan.publishing.service.gov.uk/dataset/701932df-f9d7-445f-9ca4-39e8c9e77782,marine-environmental-data-information-network
CEFAS4e01baba-1b2a-4965-9788-a5f8afa06d4c,https://ckan.publishing.service.gov.uk/dataset/df571f2b-9c02-4fb9-a0c9-08a829bd01c8,marine-environmental-data-information-network
CEFAS4e148f93-2982-4858-a418-8e7f9ded625d,https://ckan.publishing.service.gov.uk/dataset/7059f50b-c3a5-4b1d-84b6-41225054b4b7,marine-environmental-data-information-network
CEFAS4e2a5cb4-f93c-49a5-9b52-833fa93a07d4,https://ckan.publishing.service.gov.uk/dataset/31efb6c1-4eec-4285-bc62-c54b0b71d344,marine-environmental-data-information-network
CEFAS4e30d482-dfa3-44f6-b9de-3086a896fa01,https://ckan.publishing.service.gov.uk/dataset/54a9e8dc-6b79-4527-b815-4d9cbe887db1,marine-environmental-data-information-network
CEFAS4e644fd0-1265-43c1-a759-96a092bd5424,https://ckan.publishing.service.gov.uk/dataset/45cf9899-5974-4093-b498-28bd37ed8c54,marine-environmental-data-information-network
CEFAS4e8fec81-0c63-4c79-9e70-3626db9e8b48,https://ckan.publishing.service.gov.uk/dataset/9dccac36-6638-4902-970c-dae4c2f459f5,marine-environmental-data-information-network
CEFAS4e97a09b-f5e0-4c95-b808-6d60cd5d8254,https://ckan.publishing.service.gov.uk/dataset/3c771305-a6c2-4b44-b8b0-e2dec1163166,marine-environmental-data-information-network
CEFAS4eeecf06-3a06-4ce0-b2d4-67756389ec44,https://ckan.publishing.service.gov.uk/dataset/fd204741-a49c-43bd-ad49-f84199572509,marine-environmental-data-information-network
CEFAS4f21f7ba-4db8-406b-8121-0b95dbdaef10,https://ckan.publishing.service.gov.uk/dataset/63e449dd-6d9a-4b48-a97d-447a4eea5b06,marine-environmental-data-information-network
CEFAS4f236628-dd87-4f0b-be85-2a2669b314ca,https://ckan.publishing.service.gov.uk/dataset/cad42369-3bce-4adf-ad6a-ad6817ba728b,marine-environmental-data-information-network
CEFAS4f3b6ffa-b86a-40f5-ad16-c64f42fabfa0,https://ckan.publishing.service.gov.uk/dataset/9acac788-e7b4-4e61-ba79-286100a4393f,marine-environmental-data-information-network
CEFAS4f61ef2c-6ad3-4b64-b966-a26f897121a6,https://ckan.publishing.service.gov.uk/dataset/64399552-4d47-467c-ad46-b1e9a28dd77d,marine-environmental-data-information-network
CEFAS4f6bea1a-5de8-4347-a4fa-9375bc5b0bf0,https://ckan.publishing.service.gov.uk/dataset/943b5214-6d79-4cc4-a1ab-4fb3ec953d05,marine-environmental-data-information-network
CEFAS4f7409a9-f4c2-478e-a184-4449f07bf834,https://ckan.publishing.service.gov.uk/dataset/f4c98dd7-deae-456d-9fdc-be4c2048d9d8,marine-environmental-data-information-network
CEFAS4F850776-C7FA-4357-B602-968D9F8319AA,https://ckan.publishing.service.gov.uk/dataset/c597e557-266a-4694-b167-cccf2967edb1,marine-environmental-data-information-network
CEFAS4F941761-CCAC-4151-921C-F6D06585D8D1,https://ckan.publishing.service.gov.uk/dataset/560fbab9-8ede-4d4d-a32b-7f4746649e36,marine-environmental-data-information-network
CEFAS4f9d2dfc-1329-464a-8303-9750bd63e934,https://ckan.publishing.service.gov.uk/dataset/a1c62b76-d80f-457d-9391-2930ad7499f6,marine-environmental-data-information-network
CEFAS4fc1e8aa-fa92-49cb-b80f-747f54d8e1f6,https://ckan.publishing.service.gov.uk/dataset/2111dd1c-9648-4241-89ec-fbb6f2136488,marine-environmental-data-information-network
CEFAS500721bc-02e2-4650-b7de-8d3620241aa4,https://ckan.publishing.service.gov.uk/dataset/8f31ceb0-0ed7-4781-ad00-4047885c38e9,marine-environmental-data-information-network
CEFAS501cfdda-0d69-4d64-9a68-1d32d6d371ec,https://ckan.publishing.service.gov.uk/dataset/191b3d55-8957-45df-9422-9f56fd653566,marine-environmental-data-information-network
CEFAS509274f7-a058-4c70-bfe4-840b3c38df9a,https://ckan.publishing.service.gov.uk/dataset/0197023c-0b1f-492d-8d07-f073b9147de3,marine-environmental-data-information-network
CEFAS50ce3e55-df40-4ada-9464-b2ab81d12f58,https://ckan.publishing.service.gov.uk/dataset/acc3e918-6e5b-4405-a57d-38d9b7a54290,marine-environmental-data-information-network
CEFAS50d3e113-f141-4301-a185-5c6577c4e142,https://ckan.publishing.service.gov.uk/dataset/f759c4a9-b894-4405-bdc0-1754f4642822,marine-environmental-data-information-network
CEFAS5130efa4-5104-4ffb-b5cc-91f36092e867,https://ckan.publishing.service.gov.uk/dataset/49e1e064-2d01-4d7f-81ad-d601dbc7b4db,marine-environmental-data-information-network
CEFAS514fe0da-07b6-49a3-9b7c-20d7cefc2cf1,https://ckan.publishing.service.gov.uk/dataset/128205e0-08d5-435c-bcda-dafb8fdfc4d8,marine-environmental-data-information-network
CEFAS51643a90-9988-4b31-8031-96e6406ab55b,https://ckan.publishing.service.gov.uk/dataset/dabd171d-872a-4cac-9146-1540cbe26e38,marine-environmental-data-information-network
CEFAS518561ce-504b-4540-a4b1-9160218c4314,https://ckan.publishing.service.gov.uk/dataset/55e5829a-8269-4263-8ae9-addfb74b00c0,marine-environmental-data-information-network
CEFAS5198681e-e9cd-4e74-acbd-ab91fb71be96,https://ckan.publishing.service.gov.uk/dataset/f40c2dc9-6f81-4dc1-88bb-1c8f9bd39823,marine-environmental-data-information-network
CEFAS519F0066-E425-47E6-A30F-7E3D11231AD8,https://ckan.publishing.service.gov.uk/dataset/c81210e5-fe8a-4a4b-bf53-b7002003dd8d,marine-environmental-data-information-network
CEFAS51a0d480-4627-49ef-bc38-04ab52dfa897,https://ckan.publishing.service.gov.uk/dataset/182e4d25-6edf-47cf-80ce-d0507fc957b1,marine-environmental-data-information-network
CEFAS51d8f417-dfd7-47af-969e-ac0e2c64e1cc,https://ckan.publishing.service.gov.uk/dataset/c479d7bc-ee5d-47f0-a68c-5d047a505e3e,marine-environmental-data-information-network
CEFAS527e0c16-1204-493d-ab87-2d0481dfd8e4,https://ckan.publishing.service.gov.uk/dataset/568a56ae-81d1-459e-8edc-dec274844f93,marine-environmental-data-information-network
CEFAS528d4afd-5077-490e-8211-d94c62fb16d2,https://ckan.publishing.service.gov.uk/dataset/d46b0a27-0712-4aca-bcf4-6fe60e324122,marine-environmental-data-information-network
CEFAS52a6adbd-605d-4375-8fd7-43cb0d1ecfc3,https://ckan.publishing.service.gov.uk/dataset/1dfc826c-9170-4f6e-a336-8f755c9c16be,marine-environmental-data-information-network
CEFAS52a9c9c2-50e3-4610-afbe-12e2c75a1548,https://ckan.publishing.service.gov.uk/dataset/426f10fa-d5ef-4c65-90a8-0241ce9508ac,marine-environmental-data-information-network
CEFAS52b8fc64-7f3b-4cdb-9e09-7cbce70c4a90,https://ckan.publishing.service.gov.uk/dataset/5f90a6cd-ae70-4830-93fe-3bdbb3b5ac48,marine-environmental-data-information-network
CEFAS52cbedaa-2c53-459d-b9f7-6e64eba2e7b8,https://ckan.publishing.service.gov.uk/dataset/965f2284-f2b8-4ede-b686-18010c6882e2,marine-environmental-data-information-network
CEFAS52e8a386-cc30-46c8-8b8e-dbf724e9aa48,https://ckan.publishing.service.gov.uk/dataset/9bde5e47-92e0-49e5-aa67-e4ee17293e6e,marine-environmental-data-information-network
CEFAS52f87b85-e3dd-4d21-a38d-992d1c687aba,https://ckan.publishing.service.gov.uk/dataset/503cbe25-7575-451b-9a06-1080a57c036e,marine-environmental-data-information-network
CEFAS530e2d0b-5a96-4f57-9400-320358803cfe,https://ckan.publishing.service.gov.uk/dataset/bc7d659f-b587-4ab6-a3b3-29c76cf55ea2,marine-environmental-data-information-network
CEFAS530F0FB7-30A3-490A-A8B6-297A509293C3,https://ckan.publishing.service.gov.uk/dataset/478e1b27-679a-4844-94d0-44ffe0ad3014,marine-environmental-data-information-network
CEFAS5319ce70-d17e-48d9-b463-45eb9945e68b,https://ckan.publishing.service.gov.uk/dataset/f88103c1-26c2-482a-9065-b361fa6646b4,marine-environmental-data-information-network
CEFAS5376713D-FF3C-4AF6-96A9-219869228649,https://ckan.publishing.service.gov.uk/dataset/fd96503d-4131-44fd-8f09-4889d56eb995,marine-environmental-data-information-network
CEFAS53859956-4b65-4dff-b4cd-665fa97f73aa,https://ckan.publishing.service.gov.uk/dataset/1944ece3-b32b-48fd-acb0-82a7950ced79,marine-environmental-data-information-network
CEFAS53d8f091-82db-4bdc-82fa-054789de8a0c,https://ckan.publishing.service.gov.uk/dataset/188426b3-20e2-40bd-875e-c4ad96f648fc,marine-environmental-data-information-network
CEFAS53e1978b-1a4e-4b66-825a-28bf28549c0d,https://ckan.publishing.service.gov.uk/dataset/affd0a71-af61-43b9-9b57-264d917a33ae,marine-environmental-data-information-network
CEFAS53eec225-08ba-44bd-af6e-2bfa25541c41,https://ckan.publishing.service.gov.uk/dataset/9f7fb23f-a0d2-4e92-a7b9-a2bb75e35869,marine-environmental-data-information-network
CEFAS5480f0a5-07ba-4551-844d-2afe9cbe6931,https://ckan.publishing.service.gov.uk/dataset/5f3bee44-0b32-4751-8592-1721ce664045,marine-environmental-data-information-network
CEFAS548d3e10-66a0-40bc-9ed0-3f1d1922c883,https://ckan.publishing.service.gov.uk/dataset/e6c569e3-01b5-46dd-a09f-d73a6a1f7471,marine-environmental-data-information-network
CEFAS54a42be8-095c-40f7-a736-8f35a9d62e2f,https://ckan.publishing.service.gov.uk/dataset/2f0bc19c-a4fe-466f-af9e-61f3dd0e45fb,marine-environmental-data-information-network
CEFAS54A5A4B3-EB50-4AA6-99DA-83F7184AEFAB,https://ckan.publishing.service.gov.uk/dataset/a93a286e-e402-4830-ad9f-ec4c08b34fc7,marine-environmental-data-information-network
CEFAS54d6dbfd-6c54-4798-9327-af6ca3f081da,https://ckan.publishing.service.gov.uk/dataset/4bf55a41-48fa-40f2-8f26-2d19d513de0a,marine-environmental-data-information-network
CEFAS54deedcf-8b6b-4dfd-9c0b-b20d02f73e32,https://ckan.publishing.service.gov.uk/dataset/798ba05a-57be-4510-b98a-b7ff5a69b520,marine-environmental-data-information-network
CEFAS5520b8fa-c06c-48a3-ab87-522488e484ec,https://ckan.publishing.service.gov.uk/dataset/5ad0e86d-950e-4dfa-96fc-5f3576b01657,marine-environmental-data-information-network
CEFAS552ee062-f393-4210-b97b-229dc5f6864b,https://ckan.publishing.service.gov.uk/dataset/73ce3217-8fe7-4107-adb9-a0b6d4f48042,marine-environmental-data-information-network
CEFAS552fc4f0-8a92-4d85-9329-bf165917e26b,https://ckan.publishing.service.gov.uk/dataset/01885c3b-29f9-4c2c-8de6-8390450bd6f2,marine-environmental-data-information-network
CEFAS553d1259-3fa2-425e-9ad9-a5152ce93912,https://ckan.publishing.service.gov.uk/dataset/bb742db7-183f-401f-8a20-595f2800193e,marine-environmental-data-information-network
CEFAS55b51c1c-c7e9-4678-98aa-e47d91a7979f,https://ckan.publishing.service.gov.uk/dataset/3b55b676-abb9-4261-a332-a08f495ecbf1,marine-environmental-data-information-network
CEFAS55c86b4e-8997-40c8-8bd7-07a322bde9c8,https://ckan.publishing.service.gov.uk/dataset/6731473e-952c-44ed-ab0d-417977d638b4,marine-environmental-data-information-network
CEFAS55c8baf2-4b42-4ff5-ad00-4323bf422b97,https://ckan.publishing.service.gov.uk/dataset/3f44f128-d0ab-4bd9-9f26-b672e41a0740,marine-environmental-data-information-network
CEFAS55D57FF0-5890-4920-BEE8-80E39073176D,https://ckan.publishing.service.gov.uk/dataset/547f3063-62f7-4608-b978-c4e4ac5c63cb,marine-environmental-data-information-network
CEFAS55e698ff-b306-480b-bf11-ba69d18e5962,https://ckan.publishing.service.gov.uk/dataset/f90f3f42-4a23-42be-830a-90875cca5b5d,marine-environmental-data-information-network
CEFAS5632a063-4d3e-47b7-835b-5abb59086382,https://ckan.publishing.service.gov.uk/dataset/6abbd717-18ef-48e9-a834-358cd122fa14,marine-environmental-data-information-network
CEFAS563acac9-d29b-44e8-b249-b49a190bde9e,https://ckan.publishing.service.gov.uk/dataset/308f5122-3bb6-4c3a-8b63-ac7e016a6e87,marine-environmental-data-information-network
CEFAS56414309-724e-4f6e-a004-3e93065ebfc8,https://ckan.publishing.service.gov.uk/dataset/bdc47bda-52e0-4225-940a-188fecf7eb3a,marine-environmental-data-information-network
CEFAS56506412-97c3-4630-90e3-752f1c9efb8e,https://ckan.publishing.service.gov.uk/dataset/a08f504c-faf6-4ff5-a541-ee8b29eb8e53,marine-environmental-data-information-network
CEFAS56516ee2-1a4f-4f2f-bb18-1633e49aed33,https://ckan.publishing.service.gov.uk/dataset/5a3bd1a3-a3b1-40c2-8543-37313b5f9e1b,marine-environmental-data-information-network
CEFAS565e2530-5b7d-4e0d-ba92-9a0fd7d9d55b,https://ckan.publishing.service.gov.uk/dataset/f65c87bf-2a4d-4001-96fe-319866e0dfdb,marine-environmental-data-information-network
CEFAS56745dc4-42eb-4495-85e1-2f196ccf791a,https://ckan.publishing.service.gov.uk/dataset/c42acba1-3f16-4153-90e3-da50b0857239,marine-environmental-data-information-network
CEFAS567aa047-f777-44d5-836c-defa83b08d21,https://ckan.publishing.service.gov.uk/dataset/0e4be1f7-1308-4466-ab4d-b8d78328d0be,marine-environmental-data-information-network
CEFAS56a65918-9e47-449f-9093-a27297ffc54d,https://ckan.publishing.service.gov.uk/dataset/5ae2c69c-3c41-4b26-929b-543a8ab0730a,marine-environmental-data-information-network
CEFAS57090845-4104-46f8-a5c1-cfa0302c6e97,https://ckan.publishing.service.gov.uk/dataset/ae9c91c6-b105-489b-aa27-f8a2bfc56f8e,marine-environmental-data-information-network
CEFAS5717fabb-59df-42c4-9094-b7f3cbcdf003,https://ckan.publishing.service.gov.uk/dataset/1bd09dc8-c629-41cb-a7c3-0185c91f9606,marine-environmental-data-information-network
CEFAS57b5cf58-2ee8-47e0-aea4-f9a0fc5bff60,https://ckan.publishing.service.gov.uk/dataset/91e1c432-5802-4336-8957-dce3db0087ec,marine-environmental-data-information-network
CEFAS58175dfc-bf1e-48ec-b830-7d0819e410ba,https://ckan.publishing.service.gov.uk/dataset/90e1fcf5-327e-42be-94f5-5df87448a340,marine-environmental-data-information-network
CEFAS582d5efc-9c56-48f1-b543-7dcea736bc74,https://ckan.publishing.service.gov.uk/dataset/c5f12321-9b90-4d60-b7a1-b93ab0d492db,marine-environmental-data-information-network
CEFAS583CF585-9244-4D64-AF58-B81ED2D77379,https://ckan.publishing.service.gov.uk/dataset/4ccec792-ba70-45f5-97f5-7a31e553ef68,marine-environmental-data-information-network
CEFAS586bab8f-f5f1-482f-8765-2f7f55e344f4,https://ckan.publishing.service.gov.uk/dataset/0dfdfad1-93a2-423d-8e35-76ea990c5229,marine-environmental-data-information-network
CEFAS588c3691-50a2-4dd3-bb61-367a6cba0884,https://ckan.publishing.service.gov.uk/dataset/4464e761-1786-4728-8844-df6601a93e62,marine-environmental-data-information-network
CEFAS5891a4ec-978d-4528-aa67-1b7cfc4995a6,https://ckan.publishing.service.gov.uk/dataset/98f0f1ea-d980-48a7-aac6-8336e5bc53cd,marine-environmental-data-information-network
CEFAS589b258e-a1cc-4a70-90e8-4776989754b9,https://ckan.publishing.service.gov.uk/dataset/f65e950b-1337-4546-9090-b3c21b0f7210,marine-environmental-data-information-network
CEFAS58c0d04d-04de-437c-a842-a686ce3569ff,https://ckan.publishing.service.gov.uk/dataset/d9759130-5a3c-452a-8de7-d339dbb7a918,marine-environmental-data-information-network
CEFAS58e95df9-e112-4e50-92ab-3d81a753bd74,https://ckan.publishing.service.gov.uk/dataset/e92a3ecd-1109-4c51-829d-fb20298912a1,marine-environmental-data-information-network
CEFAS58eb68d8-3108-48ed-b787-329ceae9385b,https://ckan.publishing.service.gov.uk/dataset/32089acc-cf95-4b42-816d-8c693fb2cf06,marine-environmental-data-information-network
CEFAS58f7957c-8b51-4f2a-bd1c-55dd3b4550b6,https://ckan.publishing.service.gov.uk/dataset/592b854a-e78b-4454-8b14-7a75bf52c596,marine-environmental-data-information-network
CEFAS595b4469-fdfa-4c6e-ac1f-e7b30141b5ae,https://ckan.publishing.service.gov.uk/dataset/5aa1e1d5-5f29-4589-abcf-0a54bfb5aa28,marine-environmental-data-information-network
CEFAS596bf254-1ba7-4932-82fd-cb6ded8d65cf,https://ckan.publishing.service.gov.uk/dataset/476f1282-56b2-4365-be09-b1f2264e5b42,marine-environmental-data-information-network
CEFAS5971d7a8-2645-4680-9e92-6759ecdf31c9,https://ckan.publishing.service.gov.uk/dataset/ad80a3ae-e984-45f5-938c-9a2bd6876293,marine-environmental-data-information-network
CEFAS59935e8f-a781-4eb1-92df-17d494f74513,https://ckan.publishing.service.gov.uk/dataset/9940f875-6dab-4b32-a035-efde88bfcfd1,marine-environmental-data-information-network
CEFAS59c1f7fd-3fa8-4f3d-8a26-b0c7aae794ad,https://ckan.publishing.service.gov.uk/dataset/56491abc-1b50-4709-bbf4-bd344f3f5ba3,marine-environmental-data-information-network
CEFAS5a0fa3d1-565f-440d-8f74-0fd1e206fb51,https://ckan.publishing.service.gov.uk/dataset/12ae88df-e55c-4452-a7f7-c68c6a6fae2f,marine-environmental-data-information-network
CEFAS5a1f009f-b17d-41be-9f21-5dd56d51f21c,https://ckan.publishing.service.gov.uk/dataset/0baeb206-930f-4e1a-929f-d6c3d922a0ef,marine-environmental-data-information-network
CEFAS5a410d4a-3d06-450b-93c9-b05404f3029d,https://ckan.publishing.service.gov.uk/dataset/0778d2a4-ff89-4a55-8d91-3ee3dfbbdc8f,marine-environmental-data-information-network
CEFAS5a57b192-968f-4ac0-8948-ff9b6894f65b,https://ckan.publishing.service.gov.uk/dataset/07538d84-b577-4962-ad5a-840b7f5f365b,marine-environmental-data-information-network
CEFAS5a58b5ab-67a7-4c3e-9172-e2342234b06a,https://ckan.publishing.service.gov.uk/dataset/207f0b96-6cc0-4c3b-9c93-fa5b43d828d8,marine-environmental-data-information-network
CEFAS5a6a46a8-978a-4c1e-ad80-c84b2c40d763,https://ckan.publishing.service.gov.uk/dataset/86a627c3-7658-4146-a783-feed2e423873,marine-environmental-data-information-network
CEFAS5a813979-a675-4e77-a5e8-c532b712f8a1,https://ckan.publishing.service.gov.uk/dataset/62fd8f77-1241-41c9-9783-872b68666070,marine-environmental-data-information-network
CEFAS5a90ec02-b755-489a-906b-23ae08f183cf,https://ckan.publishing.service.gov.uk/dataset/a4ae205d-cb32-41d4-9f35-bee2f1e65209,marine-environmental-data-information-network
CEFAS5b014942-ea27-42c9-acb7-8d35ffaf7bd8,https://ckan.publishing.service.gov.uk/dataset/33046baa-3748-4f63-8d34-8f97fab32331,marine-environmental-data-information-network
CEFAS5B0718C5-F9BD-4528-A764-1519D4623DBC,https://ckan.publishing.service.gov.uk/dataset/fd936c8d-05d1-4d26-813b-f20aad2ad623,marine-environmental-data-information-network
CEFAS5b2475ef-facc-440f-bc31-3a0618c02ae5,https://ckan.publishing.service.gov.uk/dataset/421c2388-762f-4cc0-b64c-45330b8dc600,marine-environmental-data-information-network
CEFAS5b3b4e6f-9131-46c6-904b-e9bda48c4769,https://ckan.publishing.service.gov.uk/dataset/7ee6adbe-08ec-4703-8bbc-999cb43735b4,marine-environmental-data-information-network
CEFAS5b9df5f1-8a4c-46cc-9bf3-e3328d30b171,https://ckan.publishing.service.gov.uk/dataset/774f06e4-1b30-472b-ab67-55bc227d8560,marine-environmental-data-information-network
CEFAS5bcc1293-93a1-4771-a539-418b6f3aedf7,https://ckan.publishing.service.gov.uk/dataset/620367d2-ab4d-41d8-9322-e91d24b0a873,marine-environmental-data-information-network
CEFAS5bd19e90-21c9-4cd6-86f2-a833be7d724d,https://ckan.publishing.service.gov.uk/dataset/5e21cec1-81c2-4ac4-a077-024c9e57dd16,marine-environmental-data-information-network
CEFAS5bda80e5-9d81-4d90-bc8f-dc1c844fa1db,https://ckan.publishing.service.gov.uk/dataset/e9c86a76-e6bd-4d0d-907e-5479133bf1c0,marine-environmental-data-information-network
CEFAS5bddfacf-34d3-43f9-b332-30bb28cd51a7,https://ckan.publishing.service.gov.uk/dataset/c853deda-02b4-4873-ba13-c747a724dfc3,marine-environmental-data-information-network
CEFAS5bf4cfc7-099c-4e5a-8537-ba889430547f,https://ckan.publishing.service.gov.uk/dataset/950e388c-8956-44e4-9cfb-c8d65968f18e,marine-environmental-data-information-network
CEFAS5c507bd9-7366-410e-891a-3a1533167eaa,https://ckan.publishing.service.gov.uk/dataset/6af52d75-bbfd-4658-9470-ddec0252fb07,marine-environmental-data-information-network
CEFAS5c5a317d-cdfa-4026-96d5-cf8c07297e4f,https://ckan.publishing.service.gov.uk/dataset/4366e48a-fae2-4440-8fdf-613a045459a2,marine-environmental-data-information-network
CEFAS5ca77f38-7e0c-4e0c-872f-e7ae8a10249f,https://ckan.publishing.service.gov.uk/dataset/3c9a66f3-ae0e-4445-8b3a-c17b1ed52692,marine-environmental-data-information-network
CEFAS5cc80bf6-c7de-4804-af86-ebf2f0364c37,https://ckan.publishing.service.gov.uk/dataset/c34a361e-1e53-4883-adc3-19c247a09fbd,marine-environmental-data-information-network
CEFAS5cd9958c-c1d1-4e98-91fd-f18a7ae8dd99,https://ckan.publishing.service.gov.uk/dataset/c803dce9-8851-460a-9557-8bb8a5921152,marine-environmental-data-information-network
CEFAS5d002172-8b80-4075-8b7f-7dfaee3ce08e,https://ckan.publishing.service.gov.uk/dataset/1b922309-083e-4897-9e65-cefa2c73160f,marine-environmental-data-information-network
CEFAS5d0dd50a-8f7b-4d90-b986-b0f5a5727014,https://ckan.publishing.service.gov.uk/dataset/979d5aee-4df1-46c2-87cc-9c14101415d5,marine-environmental-data-information-network
CEFAS5d267b6b-f275-48e5-ba06-434e23384662,https://ckan.publishing.service.gov.uk/dataset/15e0298f-b2aa-4a64-9ab4-f301726c09c2,marine-environmental-data-information-network
CEFAS5d74b1c7-3f5a-4636-b708-d8a6dc85e70c,https://ckan.publishing.service.gov.uk/dataset/27ece172-bc5e-4ab4-b688-f456236f5809,marine-environmental-data-information-network
CEFAS5db0317a-6080-44d8-8c65-0cad0853c646,https://ckan.publishing.service.gov.uk/dataset/41420d69-5539-44f1-b44c-6c3e65b21f3b,marine-environmental-data-information-network
CEFAS5db1bd88-ebea-4a69-bcdf-747b38763f1e,https://ckan.publishing.service.gov.uk/dataset/84fdd2e2-a08b-4203-beab-a74864c08793,marine-environmental-data-information-network
CEFAS5dbe8d87-9ea2-4983-85d2-b261586ad6ae,https://ckan.publishing.service.gov.uk/dataset/d8dc54e9-bec1-47e8-b048-203425dfb670,marine-environmental-data-information-network
CEFAS5dc21720-5e79-44b0-b6d4-aa9f50923f19,https://ckan.publishing.service.gov.uk/dataset/1f9e20e5-c504-4cb5-94d6-fec48fa1b36b,marine-environmental-data-information-network
CEFAS5dccbb11-8b10-4ef2-8da9-725ff331972a,https://ckan.publishing.service.gov.uk/dataset/075e5e9d-d4d7-4af5-ad45-0abe3f6fefd7,marine-environmental-data-information-network
CEFAS5dcd2d79-81b0-460a-9da3-946c642ac9ee,https://ckan.publishing.service.gov.uk/dataset/13b76260-efed-438b-8387-2c93edafc596,marine-environmental-data-information-network
CEFAS5ddcc160-61da-4f33-82f2-0c898dffe823,https://ckan.publishing.service.gov.uk/dataset/861ce63b-3949-4f64-a486-7bf9e08eaa02,marine-environmental-data-information-network
CEFAS5dfddcc0-f16d-4b21-9842-6fb834e8ded7,https://ckan.publishing.service.gov.uk/dataset/06bff690-02f6-4588-ad73-6bbdd84becb7,marine-environmental-data-information-network
CEFAS5e042529-7fa3-447d-b758-3af7632f8d72,https://ckan.publishing.service.gov.uk/dataset/3db6e7f1-0bd1-415c-ad7a-e5a77e8779aa,marine-environmental-data-information-network
CEFAS5e339d9c-ea1e-43e2-9d89-8a2a32e949a0,https://ckan.publishing.service.gov.uk/dataset/8f698d82-9297-42cf-b305-5964e4744225,marine-environmental-data-information-network
CEFAS5e372cd9-1d8a-4102-be91-523932395c67,https://ckan.publishing.service.gov.uk/dataset/a980ffeb-70be-4856-8ace-73f1dd3e99f6,marine-environmental-data-information-network
CEFAS5e3c342f-04c9-4f99-9d29-f9db3a1cc1f8,https://ckan.publishing.service.gov.uk/dataset/aef86262-1262-4da6-928e-416e73c8500f,marine-environmental-data-information-network
CEFAS5e502d81-7851-4d12-8459-970ca83538d1,https://ckan.publishing.service.gov.uk/dataset/5c550029-14be-4252-a580-99f6cff412b3,marine-environmental-data-information-network
CEFAS5e8b1b8d-881b-4a11-a213-ccedce8f715d,https://ckan.publishing.service.gov.uk/dataset/1d815044-c4c7-47ce-a24d-497399307dcc,marine-environmental-data-information-network
CEFAS5e90410d-44a5-4a90-8321-6254f6dc61bc,https://ckan.publishing.service.gov.uk/dataset/364e1653-b23c-4312-a3dd-c72c91e01f31,marine-environmental-data-information-network
CEFAS5eb1ef51-5d74-41f1-9c67-8ec5db166669,https://ckan.publishing.service.gov.uk/dataset/f99b8bb8-6cb4-45a3-8daf-ca72ab5aa5d5,marine-environmental-data-information-network
CEFAS5ebf7474-016d-467f-b684-456f677dae16,https://ckan.publishing.service.gov.uk/dataset/50adc68b-b41c-401c-b9b4-5ec9eaecf13b,marine-environmental-data-information-network
CEFAS5ef552b3-3ad6-4d2f-a0e5-37dc492e0123,https://ckan.publishing.service.gov.uk/dataset/09b8206f-ec52-4296-a79e-bcc332155391,marine-environmental-data-information-network
CEFAS5efa0e00-6a3e-4e8f-b75d-49d7bbacbc2e,https://ckan.publishing.service.gov.uk/dataset/857f67a9-67ff-40de-a81f-daa4a88386e2,marine-environmental-data-information-network
CEFAS5efa0e00-6a3e-4e8f-b75d-49d7bbacbc2e,https://ckan.publishing.service.gov.uk/dataset/a422b1b7-e4e4-47f7-99c1-f264f3465f5f,marine-environmental-data-information-network
CEFAS5f02af0c-65d3-4189-8ad6-338f85511a23,https://ckan.publishing.service.gov.uk/dataset/19bc9316-9e2f-4d04-97a6-d91a11d614d1,marine-environmental-data-information-network
CEFAS5f14af43-9448-4788-adb1-bdda8e53dab7,https://ckan.publishing.service.gov.uk/dataset/998f76c5-3d85-4571-9849-8b804224056b,marine-environmental-data-information-network
CEFAS5f614dc5-be0c-4379-8dad-33dce560813b,https://ckan.publishing.service.gov.uk/dataset/53cd9fca-b0b6-4d15-b63f-8c299d4dbe28,marine-environmental-data-information-network
CEFAS5f7264f6-19b0-4f32-85ef-1daf7dd9e5e6,https://ckan.publishing.service.gov.uk/dataset/3fedfd08-d0b0-4902-994d-5bf7a0aa7c5c,marine-environmental-data-information-network
CEFAS5f99105a-ed3d-41ee-8920-e0568b2dad3e,https://ckan.publishing.service.gov.uk/dataset/6edf34e2-c8a9-4999-b026-57cdaa688fcf,marine-environmental-data-information-network
CEFAS5fa0b14a-3aac-4079-ab44-098dbe77a95a,https://ckan.publishing.service.gov.uk/dataset/4acf12aa-a3fe-428f-ba86-e747dd8d5e6f,marine-environmental-data-information-network
CEFAS5fd008c6-d487-4a1a-bf56-d1db899cb122,https://ckan.publishing.service.gov.uk/dataset/64a3ee66-bc3c-4815-a0fa-e7369c775bdf,marine-environmental-data-information-network
CEFAS5ff0e336-5091-4987-b016-b3d8d4fb35b3,https://ckan.publishing.service.gov.uk/dataset/f048f603-22d9-4472-85e3-5bd73441fcd2,marine-environmental-data-information-network
CEFAS6022be85-8008-4651-9653-1a4a2ff297f0,https://ckan.publishing.service.gov.uk/dataset/123a46c1-11f4-458a-a626-ebe5d1d745bc,marine-environmental-data-information-network
CEFAS60484fb2-67b1-458b-be92-852a64e07a3a,https://ckan.publishing.service.gov.uk/dataset/adab96be-bf81-44d9-a270-d94b7d5b1bde,marine-environmental-data-information-network
CEFAS6055683A-8565-4230-82FA-55CF49EC9042,https://ckan.publishing.service.gov.uk/dataset/d9d3e881-441c-4b97-94c8-ac4cdc809a62,marine-environmental-data-information-network
CEFAS60747c12-0be4-47dd-bdbc-2ea4a45ace1c,https://ckan.publishing.service.gov.uk/dataset/799c36cd-1653-4889-966c-101cef7f7320,marine-environmental-data-information-network
CEFAS608d6ce9-e13f-47c6-ace5-1f137596e62e,https://ckan.publishing.service.gov.uk/dataset/a3b547d4-89fa-4953-a89f-895635ccd3ca,marine-environmental-data-information-network
CEFAS609b7878-6b2c-40ed-b717-657284436d5c,https://ckan.publishing.service.gov.uk/dataset/dbae3e6b-9479-4109-92a9-f6ad82e2adb0,marine-environmental-data-information-network
CEFAS60AA67EE-9570-4C44-BBD5-8D82D985FAEB,https://ckan.publishing.service.gov.uk/dataset/72673102-e9d5-451d-8afa-cd8e32a039b5,marine-environmental-data-information-network
CEFAS60ad25cb-5fc0-468d-af1f-8ceda5e46e88,https://ckan.publishing.service.gov.uk/dataset/9da13869-6185-4688-a7c1-28ea2d146772,marine-environmental-data-information-network
CEFAS60c8ef6b-e782-489e-8f68-b1a0e22f8728,https://ckan.publishing.service.gov.uk/dataset/35b4585d-cff1-425a-9f12-0d9d2430184d,marine-environmental-data-information-network
CEFAS61077f46-1d40-4ac2-a295-44ce7de14681,https://ckan.publishing.service.gov.uk/dataset/3878b10e-0661-4df5-bcfd-9ba5e57a148f,marine-environmental-data-information-network
CEFAS61101c98-d50a-4fde-9579-54411744a208,https://ckan.publishing.service.gov.uk/dataset/46dc3db9-57ea-41b1-9a24-3ddd14b11869,marine-environmental-data-information-network
CEFAS6127ace5-4ec2-4594-9aab-691ee9b207f7,https://ckan.publishing.service.gov.uk/dataset/642a2742-f5f9-4c6a-b3e1-863418d90e7b,marine-environmental-data-information-network
CEFAS6196ae91-34dd-4a65-a754-ea6b3e0c61fa,https://ckan.publishing.service.gov.uk/dataset/a4d3d17e-3cf7-4e07-be67-ac2eab9fadaa,marine-environmental-data-information-network
CEFAS61ad15cc-89e5-4417-b3d1-22a5cf7ba632,https://ckan.publishing.service.gov.uk/dataset/34f88b45-8d25-495e-a543-0a23890d87b2,marine-environmental-data-information-network
CEFAS61e3737a-419f-4ed9-98a5-00b211b8308d,https://ckan.publishing.service.gov.uk/dataset/d7e98d62-b132-40b8-8b4b-5f8bc29d67c6,marine-environmental-data-information-network
CEFAS61ee69cb-2a1c-4542-bddb-f01b40c0b7db,https://ckan.publishing.service.gov.uk/dataset/0f0d8ccf-d7ea-43c4-9d4f-b152ce77b854,marine-environmental-data-information-network
CEFAS61fe102c-1c97-4557-94b5-ba83ee119901,https://ckan.publishing.service.gov.uk/dataset/58fb9a85-dfbf-4724-8319-9494f398983c,marine-environmental-data-information-network
CEFAS6216c341-a325-4ee2-8db0-7b30f56341fc,https://ckan.publishing.service.gov.uk/dataset/8b72025d-5030-4c74-b950-48e0bdfb778f,marine-environmental-data-information-network
CEFAS624189fe-1e39-4074-8186-e59da551208b,https://ckan.publishing.service.gov.uk/dataset/91eeecb3-a6eb-42a0-b772-537fb6d0d05e,marine-environmental-data-information-network
CEFAS62e09c46-66f7-41ea-a1f7-dc0500164ab7,https://ckan.publishing.service.gov.uk/dataset/5c2ad378-b01b-40a4-879e-e7d35b454a52,marine-environmental-data-information-network
CEFAS630824af-5b3e-4848-afe1-72e5a0eb0bde,https://ckan.publishing.service.gov.uk/dataset/fe82bd91-fba4-4454-b1de-52830bca8768,marine-environmental-data-information-network
CEFAS637a0a3d-6f49-446b-ba31-39b14a97182d,https://ckan.publishing.service.gov.uk/dataset/d8f111bd-8f2e-437a-a8b6-7d1d0256ea5c,marine-environmental-data-information-network
CEFAS63854b2e-2a1e-4bdb-9ec1-be42f6ec7fae,https://ckan.publishing.service.gov.uk/dataset/42ec952a-6ff0-419e-86de-dbeccdeeab56,marine-environmental-data-information-network
CEFAS63a4ae9c-187e-4ddd-b05f-5523c7472130,https://ckan.publishing.service.gov.uk/dataset/6db7d35f-f180-46ac-81c0-99ddb5aa6027,marine-environmental-data-information-network
CEFAS63b7a2a5-dbbc-48d9-92ee-7df049101f78,https://ckan.publishing.service.gov.uk/dataset/adabcefd-1047-4e5b-89d9-315f5107aeb6,marine-environmental-data-information-network
CEFAS63befd33-1c31-43d7-840d-07813713059d,https://ckan.publishing.service.gov.uk/dataset/14332625-4fc0-4120-851d-7bdc45ba7a49,marine-environmental-data-information-network
CEFAS63ca5d98-74c0-4830-aabe-e499f09c6e8d,https://ckan.publishing.service.gov.uk/dataset/09a7422e-9a4d-42f0-8368-6d0695888c91,marine-environmental-data-information-network
CEFAS63db6e24-2847-46df-ba4b-ee59baacbede,https://ckan.publishing.service.gov.uk/dataset/060c112e-dc4e-44d6-870d-ca587744b573,marine-environmental-data-information-network
CEFAS6403505a-ace3-47b3-b073-0172b9a0c20c,https://ckan.publishing.service.gov.uk/dataset/e694fa5e-805c-4736-beb3-3445d458aa2e,marine-environmental-data-information-network
CEFAS64270cfa-956a-4452-9d2c-0f7bbbe6ac3b,https://ckan.publishing.service.gov.uk/dataset/43f6b765-ace8-49cf-b78f-c246a04994cd,marine-environmental-data-information-network
CEFAS645281e0-3926-496f-85f1-b56ebe8d6222,https://ckan.publishing.service.gov.uk/dataset/5034dc25-e743-4313-af44-99163da74eac,marine-environmental-data-information-network
CEFAS64c0b283-298b-4425-822b-05f98a513bf0,https://ckan.publishing.service.gov.uk/dataset/def6af91-a5c5-4584-a449-7215b7e54a95,marine-environmental-data-information-network
CEFAS64d23a2d-59c4-41b8-93b4-9b5ce54a89f2,https://ckan.publishing.service.gov.uk/dataset/d29c0ad9-6736-4c22-a172-31bf891b1835,marine-environmental-data-information-network
CEFAS64f34ab3-e6da-45b6-99bf-0f22bb056e1e,https://ckan.publishing.service.gov.uk/dataset/10125431-3d51-475e-8a71-42433e37e81f,marine-environmental-data-information-network
CEFAS6505d8c5-adfc-4a0a-b85b-25778b9c8276,https://ckan.publishing.service.gov.uk/dataset/2647af1e-35d4-42ec-a8fc-4ca57f4e2eb6,marine-environmental-data-information-network
CEFAS650C16AE-B5C6-47A9-A72E-2FB7C0102A0B,https://ckan.publishing.service.gov.uk/dataset/8a30beaf-4945-427d-b1c4-0413591906be,marine-environmental-data-information-network
CEFAS65253023-1e99-4bac-bda4-443321ff3fd3,https://ckan.publishing.service.gov.uk/dataset/0c92ff79-0158-40a5-82a1-0f00f68ddaf6,marine-environmental-data-information-network
CEFAS655ed899-0326-4cce-853f-3f83866cd4bb,https://ckan.publishing.service.gov.uk/dataset/53900e24-5dac-46d5-9dd1-3195a4199d88,marine-environmental-data-information-network
CEFAS65ae05f9-23f3-472c-b18f-7942c3914b08,https://ckan.publishing.service.gov.uk/dataset/f806e750-efe5-456e-93b6-cd4e724848d8,marine-environmental-data-information-network
CEFAS65b00928-251b-4c28-b392-a7fcf03cd8df,https://ckan.publishing.service.gov.uk/dataset/1168028d-1673-4f7c-95f7-65602bac6d32,marine-environmental-data-information-network
CEFAS65e2c500-1b18-4026-9292-1c4409606d10,https://ckan.publishing.service.gov.uk/dataset/48fb4fcc-a366-4492-86e2-2de7812ca612,marine-environmental-data-information-network
CEFAS65E478A4-5940-4FDF-AC9B-94FBA9BDF968,https://ckan.publishing.service.gov.uk/dataset/28924c7c-954f-4578-9a61-2dcfd06c669d,marine-environmental-data-information-network
CEFAS65f1b9d1-27f8-492f-a8f2-8394634bb6b8,https://ckan.publishing.service.gov.uk/dataset/5e1558fb-5277-4987-86a2-a150e25b4b3e,marine-environmental-data-information-network
CEFAS6617f450-55d6-4a5b-a752-19568f7f2da0,https://ckan.publishing.service.gov.uk/dataset/ca04fc75-b189-44a6-acf5-423981c21b57,marine-environmental-data-information-network
CEFAS6624e1e6-8c7a-40d4-a998-9f2a2f717edd,https://ckan.publishing.service.gov.uk/dataset/cddbbe02-ca0d-40ef-8721-aed1cbad3ad4,marine-environmental-data-information-network
CEFAS669c7e1e-d1a7-4532-a452-4ea1f499f4e1,https://ckan.publishing.service.gov.uk/dataset/ac909074-b1e8-4999-945a-735c0a2241d3,marine-environmental-data-information-network
CEFAS66b3b3b0-f3b7-4cf2-a420-8d2eb2769109,https://ckan.publishing.service.gov.uk/dataset/7f7cfce5-f833-43d7-9079-654688ab5e07,marine-environmental-data-information-network
CEFAS66cd859d-dc36-4406-a5c4-97a9248156c2,https://ckan.publishing.service.gov.uk/dataset/95061017-3a73-4665-ad9f-69edcbe12495,marine-environmental-data-information-network
CEFAS66d79337-5339-4a1c-a749-be5983e2aa25,https://ckan.publishing.service.gov.uk/dataset/b115362f-afb0-4761-8431-910e4b0645d6,marine-environmental-data-information-network
CEFAS66d7a418-520a-46ae-ba57-ef772e2be703,https://ckan.publishing.service.gov.uk/dataset/eb3df0fd-7c67-4b06-9ea4-359462162608,marine-environmental-data-information-network
CEFAS66F2AB7B-4D7D-414A-AAC2-FF65F5C0FB76,https://ckan.publishing.service.gov.uk/dataset/d2f4b635-3ce1-4411-a26a-b2f902bb6283,marine-environmental-data-information-network
CEFAS66fc1764-e0e9-4c0e-a885-5c60805a2447,https://ckan.publishing.service.gov.uk/dataset/037177e1-009c-4ce8-814d-0b65f8cb8291,marine-environmental-data-information-network
CEFAS6704da89-f2c6-42db-9e54-256727caf904,https://ckan.publishing.service.gov.uk/dataset/5ee00de0-3258-4c80-aeb9-2f990f6797fe,marine-environmental-data-information-network
CEFAS671f102c-6ada-4654-b502-917626b1ec6f,https://ckan.publishing.service.gov.uk/dataset/a60ea73c-b9aa-4a97-ad83-35dc3c9d1b3b,marine-environmental-data-information-network
CEFAS676ded08-8be0-4c0c-bcca-9906c3936f4b,https://ckan.publishing.service.gov.uk/dataset/d6afb125-47d9-40b6-ba0c-184b726bf500,marine-environmental-data-information-network
CEFAS677847a4-6b00-43c0-8275-500699b4550f,https://ckan.publishing.service.gov.uk/dataset/697c0094-5c39-43a5-b331-ced07e655302,marine-environmental-data-information-network
CEFAS67868f27-5cd7-43cd-92da-1a1786313512,https://ckan.publishing.service.gov.uk/dataset/50d21d48-431f-4892-9705-edeb6779eff7,marine-environmental-data-information-network
CEFAS67a3b446-2706-4490-b01e-19d9b5d83406,https://ckan.publishing.service.gov.uk/dataset/aa36d5a3-1c72-40bc-92af-8fa50eefba7f,marine-environmental-data-information-network
CEFAS67aac098-4e45-45fb-820a-fc7a01029690,https://ckan.publishing.service.gov.uk/dataset/426fd42c-967a-4c3d-9eea-ed8f88be6ad9,marine-environmental-data-information-network
CEFAS67C615FF-5EB1-4698-AD40-3C93C1877CE1,https://ckan.publishing.service.gov.uk/dataset/80171ce4-582c-4084-9003-c1801064d986,marine-environmental-data-information-network
CEFAS67e295b8-cd73-4c01-95cd-418869bdde08,https://ckan.publishing.service.gov.uk/dataset/c2a9f7f6-ba29-4421-b3c2-c5634a119812,marine-environmental-data-information-network
CEFAS681813d1-6043-4256-8975-93955731a861,https://ckan.publishing.service.gov.uk/dataset/0b6a15a3-cc92-41b0-a231-a8144819f045,marine-environmental-data-information-network
CEFAS68251DA8-8618-4219-8479-9C22660FA031,https://ckan.publishing.service.gov.uk/dataset/c3a8d0e9-6438-4407-8d51-c34e8ee20ab0,marine-environmental-data-information-network
CEFAS686e18bd-e72c-41e4-90ec-362da683dab0,https://ckan.publishing.service.gov.uk/dataset/1f5b6482-9015-4758-ae01-17e60a3bcf95,marine-environmental-data-information-network
CEFAS687e8fd9-e6cc-44c0-b560-69ae5a3d954b,https://ckan.publishing.service.gov.uk/dataset/fb2addc6-b3f4-47da-9de2-f47de3d6d90f,marine-environmental-data-information-network
CEFAS68836eaf-4f54-46b7-ae95-e56a0ade1963,https://ckan.publishing.service.gov.uk/dataset/c3d79cf6-6e4f-4297-bb01-35b76a605221,marine-environmental-data-information-network
CEFAS688e2a4d-2d05-43f4-b827-364f1cb59eab,https://ckan.publishing.service.gov.uk/dataset/5da583b0-331f-4aff-bcb0-0a9a538fb198,marine-environmental-data-information-network
CEFAS689b657c-1f87-4909-9867-b0aa42cc8811,https://ckan.publishing.service.gov.uk/dataset/f422c37c-c5d3-400c-b5dd-c913c17e8f35,marine-environmental-data-information-network
CEFAS68ded27d-afa3-4cee-86d8-9267a98a0d64,https://ckan.publishing.service.gov.uk/dataset/3f72ba58-e3dc-4fad-a4d4-f3b310024114,marine-environmental-data-information-network
CEFAS69094b66-82d3-46f8-aafd-559c7425e7d5,https://ckan.publishing.service.gov.uk/dataset/907ea392-0bfe-4aa7-9418-c28d9d997b9e,marine-environmental-data-information-network
CEFAS690ba840-b6db-49bc-a05c-4b9cab34e67c,https://ckan.publishing.service.gov.uk/dataset/c0d2013d-f926-4ebe-bb77-d1993282477b,marine-environmental-data-information-network
CEFAS690f6097-115d-4f9e-9924-a6979809a8c8,https://ckan.publishing.service.gov.uk/dataset/452d4b2a-95fc-42f5-9ee2-508ca3fbdac3,marine-environmental-data-information-network
CEFAS692195f5-3fee-4858-979e-65de280d3bf4,https://ckan.publishing.service.gov.uk/dataset/e69e3ccd-77bc-4ff4-b8fe-20afc2a36d37,marine-environmental-data-information-network
CEFAS69289a97-9c8b-4d6a-9858-911b672cdafa,https://ckan.publishing.service.gov.uk/dataset/f5ba4ac8-47fd-4e22-a576-037c52538bf6,marine-environmental-data-information-network
CEFAS692CBAA0-B78D-4488-AAE3-A8F1C3E41E62,https://ckan.publishing.service.gov.uk/dataset/33d4843a-123e-4e27-9c79-024fb0fb86b9,marine-environmental-data-information-network
CEFAS69380749-7FA5-4E58-8D66-EB26BCB27C49,https://ckan.publishing.service.gov.uk/dataset/1e5beb55-5e9e-4805-aeee-b2089ce77a6f,marine-environmental-data-information-network
CEFAS693b6656-bbeb-4d2a-9edf-7b6450ce6203,https://ckan.publishing.service.gov.uk/dataset/484628b8-71ce-4d7a-99f1-77a09e9e1bf9,marine-environmental-data-information-network
CEFAS694d3f15-8fb4-40c4-8484-ee3f5614cedb,https://ckan.publishing.service.gov.uk/dataset/a00f0f59-dccc-486e-a2e9-9c2a95eaa7dc,marine-environmental-data-information-network
CEFAS695dd5f5-ffa1-4283-9aac-a53b5be5ccca,https://ckan.publishing.service.gov.uk/dataset/588833eb-00dd-402f-829a-5d109c5bb2b1,marine-environmental-data-information-network
CEFAS69641bee-04ca-43d8-b3e8-569abaa1e12e,https://ckan.publishing.service.gov.uk/dataset/4cf742c3-361a-42b9-aab2-7cb07b3b6ff8,marine-environmental-data-information-network
CEFAS697e2edd-c5c3-4d89-b84c-f8e5e7c62586,https://ckan.publishing.service.gov.uk/dataset/559153ed-4350-4cd2-bdf3-b496b0f6682a,marine-environmental-data-information-network
CEFAS69AA507E-91AA-44D2-B7FD-E1B1B09E2B04,https://ckan.publishing.service.gov.uk/dataset/4a2d2999-7d58-42f1-9c1e-48241b791f81,marine-environmental-data-information-network
CEFAS69AA80FB-A572-4A4F-94AA-261F0155DFF2,https://ckan.publishing.service.gov.uk/dataset/67e329e6-84f0-40f9-b619-5e6ac25b2e26,marine-environmental-data-information-network
CEFAS69dbd6f3-5e9e-46ab-b94c-e1a36b4110b4,https://ckan.publishing.service.gov.uk/dataset/329df21e-3794-46df-a3e4-889e9470762d,marine-environmental-data-information-network
CEFAS69ecca90-5d93-41ff-a1e5-4e9a3c653a2a,https://ckan.publishing.service.gov.uk/dataset/7434c112-b251-4067-acb0-cdc79b28f6ef,marine-environmental-data-information-network
CEFAS6a077cfe-cb59-4b06-9caf-5491f408f511,https://ckan.publishing.service.gov.uk/dataset/e22ab82a-3697-42cc-ade8-f8b016c15fa6,marine-environmental-data-information-network
CEFAS6a2bc503-2902-4d5d-9a3b-87cb0fba2d8a,https://ckan.publishing.service.gov.uk/dataset/37ada06d-1984-401c-a35b-432a853bfa39,marine-environmental-data-information-network
CEFAS6A4494FD-664E-4C58-9D60-1B768919C174,https://ckan.publishing.service.gov.uk/dataset/e8e5e9d4-2e81-4ee9-aed9-584e4022696d,marine-environmental-data-information-network
CEFAS6a64e418-0be4-45a0-9bf6-a17c9aa44cb0,https://ckan.publishing.service.gov.uk/dataset/6b87a885-283d-48e5-9647-ce1987796519,marine-environmental-data-information-network
CEFAS6a773390-f2d4-4dd8-a869-906c8b8165b4,https://ckan.publishing.service.gov.uk/dataset/8eac041e-1d14-4ecc-9fab-35d9996dd26b,marine-environmental-data-information-network
CEFAS6a90515b-3a0a-4003-849c-1fe6ed0801c7,https://ckan.publishing.service.gov.uk/dataset/ad01bad0-d0f9-4405-ac23-224ad8290ad1,marine-environmental-data-information-network
CEFAS6ab217d9-4425-4901-8f63-0fecea32375c,https://ckan.publishing.service.gov.uk/dataset/94bcff83-7f24-4460-8be1-ea63b8800655,marine-environmental-data-information-network
CEFAS6adffa87-cada-4279-9108-891ce2891f34,https://ckan.publishing.service.gov.uk/dataset/76d9df93-2d31-4ce5-8236-0a17fa37009f,marine-environmental-data-information-network
CEFAS6ae2ccac-eb18-4acc-b81a-31c14003fea6,https://ckan.publishing.service.gov.uk/dataset/1fbec2f2-c6d7-42d0-aecd-915fae587385,marine-environmental-data-information-network
CEFAS6af2d49f-9779-4efc-a62e-c62d89235971,https://ckan.publishing.service.gov.uk/dataset/36e5e60f-5a62-40ba-afc3-29df6c340d5b,marine-environmental-data-information-network
CEFAS6b2ebd05-6c97-492d-8fbf-977b43f6fd2c,https://ckan.publishing.service.gov.uk/dataset/e9e09fc3-7eed-40cc-91f2-f0fbd6cfcaca,marine-environmental-data-information-network
CEFAS6b31595a-1e64-4e32-bc99-0a8d0e86cbde,https://ckan.publishing.service.gov.uk/dataset/d4c8180e-07e3-4ec5-9afa-95401657002a,marine-environmental-data-information-network
CEFAS6b35b258-d87d-411d-9cf5-c1fa30e3e5b6,https://ckan.publishing.service.gov.uk/dataset/098f2c6c-12e4-4975-9fbe-12696124acde,marine-environmental-data-information-network
CEFAS6b6e5e63-cb2e-4450-94c2-8488f73a9490,https://ckan.publishing.service.gov.uk/dataset/b3a04410-d174-4b1c-801b-979361c6d928,marine-environmental-data-information-network
CEFAS6bb15a3b-db2e-46f4-a49b-8126bc047a0f,https://ckan.publishing.service.gov.uk/dataset/71d1a917-531c-49cb-8a64-671195eb0f2c,marine-environmental-data-information-network
CEFAS6bbd1d24-1c1d-4d22-bfc4-f4d610c55f6c,https://ckan.publishing.service.gov.uk/dataset/e347d6a7-b999-418a-b4af-fe4ec5d6a360,marine-environmental-data-information-network
CEFAS6bbf8fe2-3f3a-4c15-8dfe-804dd1227958,https://ckan.publishing.service.gov.uk/dataset/5874aa7d-7d7f-4a02-b56c-8d898993118a,marine-environmental-data-information-network
CEFAS6BC594A5-8C45-45C1-AEC5-9EA6052662D3,https://ckan.publishing.service.gov.uk/dataset/57c6b95d-5cdb-46ab-a594-73c9695ed46e,marine-environmental-data-information-network
CEFAS6bcb8439-c1e4-42f2-8ef4-97f8d0dc54f8,https://ckan.publishing.service.gov.uk/dataset/6a9d9c43-1be7-4edd-95a0-3c6eaf7027f9,marine-environmental-data-information-network
CEFAS6bd8041f-68bc-4b20-a2bc-645d9bda17f1,https://ckan.publishing.service.gov.uk/dataset/3cbedc47-f49f-44e6-a345-d90654b7eb68,marine-environmental-data-information-network
CEFAS6be20c69-ed07-4314-b9bc-a4d4029bba3c,https://ckan.publishing.service.gov.uk/dataset/7bf44ab2-0214-4bb0-8931-0702e68e17d3,marine-environmental-data-information-network
CEFAS6be9866e-dc0a-4e57-9f6c-de7bff72793c,https://ckan.publishing.service.gov.uk/dataset/e05e0e07-3e6d-43c5-9d0d-7a6d2149732f,marine-environmental-data-information-network
CEFAS6c15c065-b0f3-43f6-b7e5-c44a8b10a6fa,https://ckan.publishing.service.gov.uk/dataset/052ff7be-4211-44cd-b31f-25611743bb3e,marine-environmental-data-information-network
CEFAS6c23924c-57f2-4b5a-91e6-79d36debcba2,https://ckan.publishing.service.gov.uk/dataset/a25adf14-083c-4bf0-968f-8a803e1c0754,marine-environmental-data-information-network
CEFAS6c51f343-fce1-418a-ba4a-35f4b0ce6469,https://ckan.publishing.service.gov.uk/dataset/0c287198-85ea-47d1-bca1-5d323f3b963e,marine-environmental-data-information-network
CEFAS6c7784d4-d0fd-4b4a-8a93-af284c05963f,https://ckan.publishing.service.gov.uk/dataset/3b7dfcf8-4979-428d-82b7-2926fd0d072b,marine-environmental-data-information-network
CEFAS6c90690b-13d7-40b7-bdfc-c2f0dfdde288,https://ckan.publishing.service.gov.uk/dataset/50d269a3-9645-4ba7-b15e-07d6cd1e5ce6,marine-environmental-data-information-network
CEFAS6c93b8e9-1525-4500-85bb-eb9cc7586407,https://ckan.publishing.service.gov.uk/dataset/2d9496a7-3bee-490e-adc5-c5740496b173,marine-environmental-data-information-network
CEFAS6caf9ede-1fe2-449b-97e3-d0ee4fe86ea2,https://ckan.publishing.service.gov.uk/dataset/61b50b5e-fb24-491c-8607-7e4f87a10b7d,marine-environmental-data-information-network
CEFAS6cd1f6cb-58ac-404e-93a7-b981e7b95641,https://ckan.publishing.service.gov.uk/dataset/3bd5ce05-03f6-4d52-843c-a81d37e753e9,marine-environmental-data-information-network
CEFAS6d2142a9-03da-4ef1-9ff5-55a7f9e2afbc,https://ckan.publishing.service.gov.uk/dataset/4f6b97d8-026a-442a-a38f-bf6ef3b2a242,marine-environmental-data-information-network
CEFAS6d29b859-fe91-4da9-93e2-266771602751,https://ckan.publishing.service.gov.uk/dataset/7b2e3dad-6cbf-460a-8939-0413bcc6d1bb,marine-environmental-data-information-network
CEFAS6d3c365e-3c76-45dc-abe4-3b44467067a0,https://ckan.publishing.service.gov.uk/dataset/a3bf74f7-4a16-431c-8e59-20cc03be8905,marine-environmental-data-information-network
CEFAS6d791d13-8093-4967-80b7-c8b101ebfa32,https://ckan.publishing.service.gov.uk/dataset/da13ccfa-2b77-4e8f-bf5f-eeb752d65356,marine-environmental-data-information-network
CEFAS6dbe669c-06d2-460b-8895-db9fef9b6654,https://ckan.publishing.service.gov.uk/dataset/317f7445-58a1-4e73-a45a-c996aaf5640f,marine-environmental-data-information-network
CEFAS6de18bf8-a114-4bd8-a649-de4607a698e1,https://ckan.publishing.service.gov.uk/dataset/668dd128-ec14-465d-a567-634dc7358988,marine-environmental-data-information-network
CEFAS6e03c430-769c-4526-b93f-fc5288a5a0b3,https://ckan.publishing.service.gov.uk/dataset/772984b1-57a3-401e-a1b5-d46b0350a3d9,marine-environmental-data-information-network
CEFAS6e34fcf7-a8d1-4ab2-a1f5-01e4d0b2111b,https://ckan.publishing.service.gov.uk/dataset/968231f8-8a31-4d87-99ca-2da2e80d8ce5,marine-environmental-data-information-network
CEFAS6e35d03b-91b8-447a-bc09-b9e897929590,https://ckan.publishing.service.gov.uk/dataset/2c4c5dcd-eb58-444b-a640-f94b718af8e0,marine-environmental-data-information-network
CEFAS6e3b40f3-9dbc-44ba-836e-4cd7b99492d8,https://ckan.publishing.service.gov.uk/dataset/345bae7d-60c9-4cf1-8411-753fff3f66b7,marine-environmental-data-information-network
CEFAS6e42c34b-18a6-466e-baf6-9c14f81aba7a,https://ckan.publishing.service.gov.uk/dataset/219bd01c-aac5-48e5-b8e3-54ada541258c,marine-environmental-data-information-network
CEFAS6e5603ea-65f8-4722-806c-67dd22173987,https://ckan.publishing.service.gov.uk/dataset/2be2767d-c207-4718-a374-050c7d41e335,marine-environmental-data-information-network
CEFAS6e6b32ef-34a3-44e5-a35e-1d728be3ab3a,https://ckan.publishing.service.gov.uk/dataset/b1e2d361-0d39-4582-807d-4b7f413d5c6f,marine-environmental-data-information-network
CEFAS6e781511-47c3-4629-aa5e-6a9d6e102f5f,https://ckan.publishing.service.gov.uk/dataset/d79b7275-0df1-4e46-9ec9-71f697717998,marine-environmental-data-information-network
CEFAS6e921427-db10-4619-be2d-06552782d6f6,https://ckan.publishing.service.gov.uk/dataset/57bc6922-6f18-40b7-a9cf-1504841deac0,marine-environmental-data-information-network
CEFAS6ed476c0-0c3f-4217-857d-9efe70516a65,https://ckan.publishing.service.gov.uk/dataset/56f73b89-ac10-490d-aded-cba19c00de8a,marine-environmental-data-information-network
CEFAS6f480658-37bb-4781-9e4d-9d69318cf5e2,https://ckan.publishing.service.gov.uk/dataset/ff6957ef-1549-4079-80bd-313db36c210a,marine-environmental-data-information-network
CEFAS6f670eff-a62c-4dd4-9cc4-673a1ca28905,https://ckan.publishing.service.gov.uk/dataset/d44b0b20-fd26-437c-ac00-5c1b0b5282ce,marine-environmental-data-information-network
CEFAS6FEEF959-F454-4347-AB88-8675D0778A6C,https://ckan.publishing.service.gov.uk/dataset/b45ca2a0-c7b7-4e15-82db-3204b89aa6c9,marine-environmental-data-information-network
CEFAS701DE35A-1554-4AD0-BE83-9373347F3A9D,https://ckan.publishing.service.gov.uk/dataset/b3a69019-600e-4c3e-8e63-8692ec479465,marine-environmental-data-information-network
CEFAS70218011-6d20-47a7-9250-4eeb6eda76d3,https://ckan.publishing.service.gov.uk/dataset/398d7aa8-8669-459d-9f93-692e437335a4,marine-environmental-data-information-network
CEFAS70294643-ba8e-44f3-b3ba-0834ff840590,https://ckan.publishing.service.gov.uk/dataset/f2e28305-0c01-4b67-b71b-48c783a0754c,marine-environmental-data-information-network
CEFAS702d6d06-e848-411e-bfe4-635c3883d4fd,https://ckan.publishing.service.gov.uk/dataset/f7818bac-7f64-4a26-a18f-e8b8104fe9a0,marine-environmental-data-information-network
CEFAS70329432-d2a1-4863-a2b2-a4f7d4bdcfbc,https://ckan.publishing.service.gov.uk/dataset/6de37142-ac1b-421f-a0cf-3a6f502cfaf2,marine-environmental-data-information-network
CEFAS703297cb-9faa-464b-b6a6-471aeccac6db,https://ckan.publishing.service.gov.uk/dataset/96cff02a-9896-4023-a502-393aaa36a5d4,marine-environmental-data-information-network
CEFAS703a9869-99f2-4351-b575-c399a7f986f3,https://ckan.publishing.service.gov.uk/dataset/f0c66ffc-8c70-4b03-af21-832f4f009d6c,marine-environmental-data-information-network
CEFAS70936b6e-ba3b-492c-8cf0-f23eb6cc4090,https://ckan.publishing.service.gov.uk/dataset/3c6db422-1d59-4b71-8600-87e94addc2bb,marine-environmental-data-information-network
CEFAS70949586-71f7-41aa-a4af-8f0c542e159c,https://ckan.publishing.service.gov.uk/dataset/9a21d315-31f9-4755-aa4b-21988f4794cf,marine-environmental-data-information-network
CEFAS709EDFD0-88C7-42FB-AA31-B59044AAFDF5,https://ckan.publishing.service.gov.uk/dataset/a111a871-e982-4d65-9d23-f231bf38e7f1,marine-environmental-data-information-network
CEFAS70e4bb98-0a89-45fb-aa12-a9888e4e0151,https://ckan.publishing.service.gov.uk/dataset/49838fb2-56e3-490a-ac92-839341b496f0,marine-environmental-data-information-network
CEFAS70e51b25-dc2f-41ce-9a11-5b2156d9b1e1,https://ckan.publishing.service.gov.uk/dataset/8a0a36d6-bf45-441e-bf49-fe9f648ab729,marine-environmental-data-information-network
CEFAS70fbfb1c-e591-474c-b851-7bfb11c02348,https://ckan.publishing.service.gov.uk/dataset/d966c958-5092-41c5-8d4d-03bf7511bfc4,marine-environmental-data-information-network
CEFAS71580633-9331-4b82-9506-eb2dc7361c2d,https://ckan.publishing.service.gov.uk/dataset/2372d3f4-e05c-4341-8c48-a19cdb7fff12,marine-environmental-data-information-network
CEFAS71678210-f37a-4599-be59-f9b1479540a1,https://ckan.publishing.service.gov.uk/dataset/574a2c0d-3534-44be-8332-1038b829916c,marine-environmental-data-information-network
CEFAS71ABD748-A5AE-4BAD-9D93-6C08A5A9F56E,https://ckan.publishing.service.gov.uk/dataset/e6f51277-856b-400c-8e0e-5342fa782116,marine-environmental-data-information-network
CEFAS71babc55-71bf-4061-b659-536866bbc33e,https://ckan.publishing.service.gov.uk/dataset/a3b79f9d-17f2-414b-a632-88b62cbae750,marine-environmental-data-information-network
CEFAS71e0c66b-2db7-4138-8d87-519db265f139,https://ckan.publishing.service.gov.uk/dataset/e8960dea-f2e2-433b-97da-30477127016b,marine-environmental-data-information-network
CEFAS71e7d71e-3b0e-4d4e-b678-04678689f3c4,https://ckan.publishing.service.gov.uk/dataset/9c41ac18-c89d-4ce8-8658-7571eafae9e9,marine-environmental-data-information-network
CEFAS71f650cd-0399-45ee-b8fe-3a1e695e2d0e,https://ckan.publishing.service.gov.uk/dataset/8762a4c4-bc46-4404-b9ed-5ba33a997449,marine-environmental-data-information-network
CEFAS720cfe67-5bbf-440a-a74a-3287254ec6cd,https://ckan.publishing.service.gov.uk/dataset/961f5620-223d-4172-b727-aef877f1cf4d,marine-environmental-data-information-network
CEFAS72679642-5f00-43f3-84c0-831439398a6f,https://ckan.publishing.service.gov.uk/dataset/bafe83d8-5a43-414d-81c1-09b4d8d6c855,marine-environmental-data-information-network
CEFAS7282f3b6-7dd2-48f8-b999-dc70546d14ab,https://ckan.publishing.service.gov.uk/dataset/200cb466-0a8f-4c8d-b056-4751c93d9480,marine-environmental-data-information-network
CEFAS728a436b-7bd4-45c6-b35a-72fb1de33230,https://ckan.publishing.service.gov.uk/dataset/84c94fca-f35a-4e59-bc0f-e370868fc37a,marine-environmental-data-information-network
CEFAS72cce4a7-2a03-4cd6-880f-14c283c596a2,https://ckan.publishing.service.gov.uk/dataset/2051ba68-c2da-4e84-891f-3cb7986f009e,marine-environmental-data-information-network
CEFAS72cdb96f-43d9-4f76-8389-76239784b969,https://ckan.publishing.service.gov.uk/dataset/9c8a568e-d138-466f-997a-f5f59df6b262,marine-environmental-data-information-network
CEFAS72d4abf4-efd1-4750-8f8a-3ea3843f6296,https://ckan.publishing.service.gov.uk/dataset/b71dbc29-1fa9-481e-b7b9-80395fd5d93b,marine-environmental-data-information-network
CEFAS72e66b1f-7b33-4dfe-9e35-bfd92b2c7b84,https://ckan.publishing.service.gov.uk/dataset/5c0340ab-af88-4984-b559-f2f63ebb4bc6,marine-environmental-data-information-network
CEFAS730B4399-4199-4AD1-851D-C713E750AFCC,https://ckan.publishing.service.gov.uk/dataset/a06c4acc-def6-4d38-8baa-750479629c40,marine-environmental-data-information-network
CEFAS735f49c3-5a1f-44ac-97b7-e7db4b472193,https://ckan.publishing.service.gov.uk/dataset/2705c9a2-7b7b-46ef-a344-8edc2d2aaa8a,marine-environmental-data-information-network
CEFAS7360E9FC-F5A6-4977-9B2C-0C84262C4112,https://ckan.publishing.service.gov.uk/dataset/289941b5-5f43-4782-aa17-f8e1f68f9f1b,marine-environmental-data-information-network
CEFAS73a6f865-60c6-470f-a2df-b2ff623600fc,https://ckan.publishing.service.gov.uk/dataset/a6472c05-8bc9-486a-bef9-eac58f87f2bd,marine-environmental-data-information-network
CEFAS73a817f4-47d8-4c46-90e1-0f4eb3333852,https://ckan.publishing.service.gov.uk/dataset/5f291fa8-0b33-46a4-8c09-8615068db7dd,marine-environmental-data-information-network
CEFAS73abf134-72b4-4529-80eb-eaf8db913b7e,https://ckan.publishing.service.gov.uk/dataset/6fc944e5-9190-478e-bc6f-312d4ffeae5c,marine-environmental-data-information-network
CEFAS73b33c6e-3f04-4515-90bc-00bb7f9d390c,https://ckan.publishing.service.gov.uk/dataset/da280eb0-6b66-486b-950a-e2e01b4853f5,marine-environmental-data-information-network
CEFAS742b396b-e638-4501-8d43-9818510d13fd,https://ckan.publishing.service.gov.uk/dataset/882bb2d6-2b7c-48e3-a618-db1225c4d0a1,marine-environmental-data-information-network
CEFAS742b550a-2ff1-4983-b506-934491a747bb,https://ckan.publishing.service.gov.uk/dataset/96110ad5-a956-4451-926d-313a68816fb8,marine-environmental-data-information-network
CEFAS7446f16b-f124-4c2d-af79-436bcda05881,https://ckan.publishing.service.gov.uk/dataset/6b2031dd-62e2-4bfd-8985-5675d69595ad,marine-environmental-data-information-network
CEFAS74B550EC-3DDF-4EE9-AB19-A1B45370D457,https://ckan.publishing.service.gov.uk/dataset/db9332cf-329b-44ea-960f-c55c8701c19c,marine-environmental-data-information-network
CEFAS74e413b2-9521-4739-85eb-ebc3001a53c9,https://ckan.publishing.service.gov.uk/dataset/50c4711a-5633-4028-a583-b7ac5a9ed1d0,marine-environmental-data-information-network
CEFAS756591ea-32c7-433a-a620-f9a9a9a49b8c,https://ckan.publishing.service.gov.uk/dataset/90fe1f0e-d0c2-4ab9-a28f-88a0661deab0,marine-environmental-data-information-network
CEFAS75b9aa9d-4287-4345-97c8-358ce4fecfc9,https://ckan.publishing.service.gov.uk/dataset/7b3f328d-d50d-425c-a504-3311a7ffa3c7,marine-environmental-data-information-network
CEFAS75d1cf77-3883-40a0-bd24-2ed6d419ca02,https://ckan.publishing.service.gov.uk/dataset/42342697-92bd-473e-bc7e-f9ba534aab47,marine-environmental-data-information-network
CEFAS761fdb76-cb65-4aa4-8b95-b4bb41ed63dd,https://ckan.publishing.service.gov.uk/dataset/6185189d-00c1-4755-b76d-d69fc49d3490,marine-environmental-data-information-network
CEFAS769ce50e-247b-4c02-8062-f1b90cb0842e,https://ckan.publishing.service.gov.uk/dataset/d1f9c703-d779-4fe3-a2eb-d1d749515dd9,marine-environmental-data-information-network
CEFAS76d581e1-7522-4da7-8a46-347012ed721f,https://ckan.publishing.service.gov.uk/dataset/66477027-957e-4fbd-b035-5946b5dcb99f,marine-environmental-data-information-network
CEFAS76e18bb4-4e1c-421f-bfc9-1c10ea77af5f,https://ckan.publishing.service.gov.uk/dataset/d6f52eb4-d1d9-4eec-8c91-2d12890cc81b,marine-environmental-data-information-network
CEFAS76e70ba8-09d1-452d-83a4-19e2412a72af,https://ckan.publishing.service.gov.uk/dataset/ef35024f-de3e-4da2-a399-13b71d87b9a4,marine-environmental-data-information-network
CEFAS76ef8f7a-e951-410a-8912-6ab61f130a23,https://ckan.publishing.service.gov.uk/dataset/79ac597f-7e49-4fe8-960f-8353c39d7c6b,marine-environmental-data-information-network
CEFAS770577aa-7cd0-4265-9562-0821dba9f7eb,https://ckan.publishing.service.gov.uk/dataset/60d1bec1-6020-4bc3-ac85-574d420b22e9,marine-environmental-data-information-network
CEFAS77099330-0cf9-4cbd-9c71-8bc6df3466fa,https://ckan.publishing.service.gov.uk/dataset/4f2fd821-f02e-4c19-b614-566b0f724da7,marine-environmental-data-information-network
CEFAS7710f95b-fce4-4a28-ba3b-9e4344b784c3,https://ckan.publishing.service.gov.uk/dataset/7062b00b-25ac-46dc-84a3-7c0c14a82284,marine-environmental-data-information-network
CEFAS7736ebff-ae2f-4e77-a578-c44ed79d0346,https://ckan.publishing.service.gov.uk/dataset/bc2958ae-1209-4e26-b737-8aaf1cdc6b91,marine-environmental-data-information-network
CEFAS775365c8-e372-47b4-b610-cfa14a3fb481,https://ckan.publishing.service.gov.uk/dataset/7c3b6cc6-a0a0-4270-9b85-71e335b78ee8,marine-environmental-data-information-network
CEFAS777ecdea-cdff-4dc6-a68d-137e86a5a573,https://ckan.publishing.service.gov.uk/dataset/3d61b414-6ccd-441f-aaf4-d1763b2226d5,marine-environmental-data-information-network
CEFAS7784b905-f661-408b-94f9-35627f70d06a,https://ckan.publishing.service.gov.uk/dataset/3590037f-ce62-4707-8a1c-659261fb9e1a,marine-environmental-data-information-network
CEFAS7787599e-cfcc-4fec-acbe-57820b096066,https://ckan.publishing.service.gov.uk/dataset/43e11c8c-e0b6-4537-ab68-ce1fd6707319,marine-environmental-data-information-network
CEFAS77B585B7-E829-4E41-AA75-243C406B7A97,https://ckan.publishing.service.gov.uk/dataset/03b9988c-0bf0-4dc7-a7f4-ecafc9d00ee5,marine-environmental-data-information-network
CEFAS77cc19f2-572a-42c4-b644-be7d1c3426a0,https://ckan.publishing.service.gov.uk/dataset/95ce5837-de19-4615-9d20-41787f8b1d2f,marine-environmental-data-information-network
CEFAS77daa5ce-d7f0-40f7-a656-16e7858bbcdb,https://ckan.publishing.service.gov.uk/dataset/eb7a87c6-25bc-4d19-8042-a28af75a4349,marine-environmental-data-information-network
CEFAS77f0a3c8-9f08-4bcf-b96e-20dbba8b02b8,https://ckan.publishing.service.gov.uk/dataset/8d1b676f-7f42-46ee-91e4-3a85e45759ae,marine-environmental-data-information-network
CEFAS77f2f53a-5521-4d52-ace7-d573b39b12a1,https://ckan.publishing.service.gov.uk/dataset/5e32757c-1ec9-4aac-bd16-5b86f9cafe71,marine-environmental-data-information-network
CEFAS77f38e2e-ff4a-45b4-8ad4-4184610a66c1,https://ckan.publishing.service.gov.uk/dataset/4d95e9e4-cf67-4c81-a14e-027d7fcdfa0e,marine-environmental-data-information-network
CEFAS786e686f-1d51-4db8-b08d-946da7e8fdec,https://ckan.publishing.service.gov.uk/dataset/668b80c0-77ed-4e30-98df-3a4f2572a830,marine-environmental-data-information-network
CEFAS78818939-7906-47c2-a2fa-a467bca0bf5d,https://ckan.publishing.service.gov.uk/dataset/533324e8-e823-49e4-91f3-dd80c96d4b4c,marine-environmental-data-information-network
CEFAS78985032-504e-44d7-92ef-02c7569d59ae,https://ckan.publishing.service.gov.uk/dataset/c00e8b31-4805-403b-abca-091c7385b584,marine-environmental-data-information-network
CEFAS789878ea-0b9e-4bda-91b4-e105dfcc3fc7,https://ckan.publishing.service.gov.uk/dataset/b7c950b4-0879-4090-b3f7-b4001e370b31,marine-environmental-data-information-network
CEFAS78d865e2-1f51-44fa-8f01-396e5079088a,https://ckan.publishing.service.gov.uk/dataset/7e18c1d6-e14a-4fd5-9f61-f1a66f2dffcc,marine-environmental-data-information-network
CEFAS78da8aef-3653-42f6-bf4c-be15a64e10fc,https://ckan.publishing.service.gov.uk/dataset/46ff35f3-01a0-4ee3-95b4-10a241bf1d75,marine-environmental-data-information-network
CEFAS78edae85-c899-409b-ac05-1b5f6c1f68ae,https://ckan.publishing.service.gov.uk/dataset/85dfab8e-5ce6-4317-80a2-5479f1343d8f,marine-environmental-data-information-network
CEFAS78f30b78-7529-4f7a-ac7d-ababb6a60365,https://ckan.publishing.service.gov.uk/dataset/df8af871-3786-4154-85e5-a22ae1293c80,marine-environmental-data-information-network
CEFAS78f4568d-1b66-4110-a064-4886f7b3388e,https://ckan.publishing.service.gov.uk/dataset/04446468-e80a-43c4-90ec-0bc1b51a8633,marine-environmental-data-information-network
CEFAS78f7098c-e355-4ff1-b26a-540d483f6feb,https://ckan.publishing.service.gov.uk/dataset/f1b92b3e-518c-44cf-9175-45ef68573253,marine-environmental-data-information-network
CEFAS7923cc75-b57d-4aaf-85f5-6bb99d33a905,https://ckan.publishing.service.gov.uk/dataset/2ecafaa6-70b6-4226-abd0-2062b1f432b0,marine-environmental-data-information-network
CEFAS794933fd-8bd7-49de-957e-a99c6c74c329,https://ckan.publishing.service.gov.uk/dataset/0f1aaed7-e486-4ced-adce-072d98edd4f8,marine-environmental-data-information-network
CEFAS796be96c-8c52-4e32-8762-c8b52119ee49,https://ckan.publishing.service.gov.uk/dataset/f040f57a-fa4c-4406-a7dc-c21c86fbb9fb,marine-environmental-data-information-network
CEFAS79db82a6-f839-4309-8240-1231a5c8db47,https://ckan.publishing.service.gov.uk/dataset/2b63321d-1516-403d-ad72-c2f295966bce,marine-environmental-data-information-network
CEFAS79ee3407-6490-4961-a207-d58c8e65618d,https://ckan.publishing.service.gov.uk/dataset/a6f06cb3-fc14-487e-a858-d8e1833b55e3,marine-environmental-data-information-network
CEFAS79efd4e6-91fb-4ef8-b23d-1a72c75b0438,https://ckan.publishing.service.gov.uk/dataset/b380abfa-5280-4289-bed2-592b846f71ee,marine-environmental-data-information-network
CEFAS7a1e6d77-4c6d-4d64-befd-2290dcdcaeef,https://ckan.publishing.service.gov.uk/dataset/0a9bef23-1bb8-4a7a-ba54-4c1d05bfd358,marine-environmental-data-information-network
CEFAS7a95cc7d-85a8-42f3-9224-4153ea6aa0ad,https://ckan.publishing.service.gov.uk/dataset/f5348f98-98e5-443e-aed9-ddace875d7dc,marine-environmental-data-information-network
CEFAS7a9a22f9-c90b-4c64-9eeb-713c90084932,https://ckan.publishing.service.gov.uk/dataset/5d479633-6e4c-4dd8-9732-3de3bd49e42f,marine-environmental-data-information-network
CEFAS7aba3389-0797-46f7-8a97-7955f498d7f7,https://ckan.publishing.service.gov.uk/dataset/50d2aa58-0ae3-4171-9afd-6a4210671ed9,marine-environmental-data-information-network
CEFAS7ADDD897-5A23-4605-B8EE-08C50A142642,https://ckan.publishing.service.gov.uk/dataset/13c98b65-fe4b-429e-990d-fb5bfc4f5351,marine-environmental-data-information-network
CEFAS7b2e131f-5802-419c-a3fe-eb053851b84d,https://ckan.publishing.service.gov.uk/dataset/1ee76ecd-0ffc-4364-bfca-d39a595fb4dc,marine-environmental-data-information-network
CEFAS7b338761-8ad4-4ff0-b6b7-1872e1beb21c,https://ckan.publishing.service.gov.uk/dataset/886492b3-8c1a-4595-9020-09a736273648,marine-environmental-data-information-network
CEFAS7b80dc8f-10e1-4568-8113-dbdf6c0d43dc,https://ckan.publishing.service.gov.uk/dataset/c7a8d924-620d-4fd2-b20a-83d3960cbd1e,marine-environmental-data-information-network
CEFAS7b8d2ba1-3454-4885-aef0-ad0380b7451d,https://ckan.publishing.service.gov.uk/dataset/4aa1d206-86c1-413f-91cd-2163b5f994e0,marine-environmental-data-information-network
CEFAS7b92ea85-8616-40ae-9abe-01154e8f875a,https://ckan.publishing.service.gov.uk/dataset/4f9acb74-bbe9-4738-9285-204f487441c0,marine-environmental-data-information-network
CEFAS7bf177a1-62e0-48db-a0b4-3e34788e5cc3,https://ckan.publishing.service.gov.uk/dataset/2690218c-ea56-45a6-b4b9-83c86cb5adf1,marine-environmental-data-information-network
CEFAS7c071bd2-5e52-4d6c-ae63-b977571a5b62,https://ckan.publishing.service.gov.uk/dataset/2b929098-d495-489d-809a-f6bf9eb9ba38,marine-environmental-data-information-network
CEFAS7c1d97b9-926b-4b5d-93c1-93293990d6a9,https://ckan.publishing.service.gov.uk/dataset/0f7d04e2-957e-45a8-a631-74739d479e30,marine-environmental-data-information-network
CEFAS7c2c2d5c-9f52-4f82-8d50-66f328a8febe,https://ckan.publishing.service.gov.uk/dataset/f02433ad-be3d-4fbe-9341-5aca77240aad,marine-environmental-data-information-network
CEFAS7c5ae7d0-6d4f-485f-b110-b46b43682869,https://ckan.publishing.service.gov.uk/dataset/3d181958-a657-4489-bf4f-a61148d2953a,marine-environmental-data-information-network
CEFAS7c66106f-2073-437a-8470-0fc8e59fb91a,https://ckan.publishing.service.gov.uk/dataset/e016e353-477d-4686-90da-ec682a8a46a6,marine-environmental-data-information-network
CEFAS7c6e0aff-c70c-4df2-aed6-5490cce310c9,https://ckan.publishing.service.gov.uk/dataset/4d1f6a1a-19b9-4865-9e9b-2d93eceb72ae,marine-environmental-data-information-network
CEFAS7c862911-a35e-4646-825e-dc6fbee5fa75,https://ckan.publishing.service.gov.uk/dataset/0ffab7ce-657b-49f4-80e3-44682d8334bb,marine-environmental-data-information-network
CEFAS7c8d8347-5b29-4633-ad24-2bf165716678,https://ckan.publishing.service.gov.uk/dataset/362cc8dd-6d97-47b3-9c72-7cd179e13ab2,marine-environmental-data-information-network
CEFAS7cb2a2a0-af92-4936-ab12-0f266c168c9b,https://ckan.publishing.service.gov.uk/dataset/5afc2d36-f605-4a09-9cd1-c3fa4ad72135,marine-environmental-data-information-network
CEFAS7cb3974a-f675-4831-ba11-76a83f4721d5,https://ckan.publishing.service.gov.uk/dataset/d7fa0b52-a813-40c3-a9c3-f9ea6c6a2303,marine-environmental-data-information-network
CEFAS7cc50770-7459-4b36-9757-d0698ad7bf0c,https://ckan.publishing.service.gov.uk/dataset/857c205a-7491-435c-a3dc-c79222080478,marine-environmental-data-information-network
CEFAS7ce66e01-3b47-46a2-a752-f6bd6f04d181,https://ckan.publishing.service.gov.uk/dataset/779f4367-0f2d-4e2a-9c4e-95c52e269080,marine-environmental-data-information-network
CEFAS7cf285dc-e959-4083-a0e1-eafa305e0f49,https://ckan.publishing.service.gov.uk/dataset/dcb6cad3-de8a-48d0-a8a1-66b831e2671e,marine-environmental-data-information-network
CEFAS7d06e860-18a9-42c0-9469-12ff0bd3d56b,https://ckan.publishing.service.gov.uk/dataset/237b1647-ff3f-4e48-8f65-4066e85237c3,marine-environmental-data-information-network
CEFAS7d141e0d-0f59-4a9e-8286-e4d0282eb767,https://ckan.publishing.service.gov.uk/dataset/ac925475-8a7e-44ff-b5af-9e0bb0f49e1c,marine-environmental-data-information-network
CEFAS7d4e573e-3b9c-4bc5-8446-41054fde0683,https://ckan.publishing.service.gov.uk/dataset/8dbb8516-80e4-4b46-907c-318ebc2e0670,marine-environmental-data-information-network
CEFAS7d719fd0-df88-412e-a951-6dccc1777784,https://ckan.publishing.service.gov.uk/dataset/8c0d36cb-63ca-47d9-ac81-d612748bdbb1,marine-environmental-data-information-network
CEFAS7d7a7ee4-14fa-4425-b62c-fcf6546af18d,https://ckan.publishing.service.gov.uk/dataset/58c17e89-f8d5-4fe4-80b3-e42f7f72d83a,marine-environmental-data-information-network
CEFAS7d81420f-551d-4854-ba6c-0484b3e14077,https://ckan.publishing.service.gov.uk/dataset/b951a896-d170-46d4-b951-7cf2d949ecad,marine-environmental-data-information-network
CEFAS7d8208bd-c232-433a-8918-b1c03ce97bc3,https://ckan.publishing.service.gov.uk/dataset/b3597169-2867-45c2-928c-0a7ac6897643,marine-environmental-data-information-network
CEFAS7d857b89-df77-4355-b2b2-227c72cc340d,https://ckan.publishing.service.gov.uk/dataset/e1b3d15f-ff7c-4f37-97c8-98107163cce0,marine-environmental-data-information-network
CEFAS7da9264d-7ac7-4962-9251-1d0920457250,https://ckan.publishing.service.gov.uk/dataset/8bfe3f2c-0547-4b7e-85e0-28e0c7eb8c1b,marine-environmental-data-information-network
CEFAS7df74062-47b2-4507-b324-0d1cca4fec03,https://ckan.publishing.service.gov.uk/dataset/10d788a3-1755-48dc-9451-e7d173d60b92,marine-environmental-data-information-network
CEFAS7e103967-1a68-4b13-bb9f-c08b6febb3ba,https://ckan.publishing.service.gov.uk/dataset/cffe35f6-0035-4580-ac0c-f237b7da8e78,marine-environmental-data-information-network
CEFAS7E22AABB-6CBC-4CFA-99DD-722BD0FFE8B1,https://ckan.publishing.service.gov.uk/dataset/bcb35f34-1576-4941-a131-736d7e22323b,marine-environmental-data-information-network
CEFAS7e480485-4ebd-4b3d-a8d2-90086072824f,https://ckan.publishing.service.gov.uk/dataset/113ed4bb-b44e-439c-b554-7058ace49553,marine-environmental-data-information-network
CEFAS7e5452a4-2a42-4568-9850-2b286a99bd31,https://ckan.publishing.service.gov.uk/dataset/c385b9d5-76b0-4dcd-8318-e4bfcebf8415,marine-environmental-data-information-network
CEFAS7ECF971C-BCB6-4C22-865F-6B4FB5951FEC,https://ckan.publishing.service.gov.uk/dataset/bb66771e-dd07-4ba0-8f01-93064c7929e6,marine-environmental-data-information-network
CEFAS7EE4CF63-A908-49F4-AFA2-76F526BA53AF,https://ckan.publishing.service.gov.uk/dataset/6b0c3237-8aed-444a-a75c-e9e86d2718ab,marine-environmental-data-information-network
CEFAS7F1F0D37-0CBC-45AC-99CB-AC37DDCFDFBB,https://ckan.publishing.service.gov.uk/dataset/b8225238-c30d-4cd6-b1b6-396fee78890a,marine-environmental-data-information-network
CEFAS7f22e7a3-9fb5-4c09-9a91-776a877dec33,https://ckan.publishing.service.gov.uk/dataset/160de1d4-fa0f-4829-b974-eed8bf71ac46,marine-environmental-data-information-network
CEFAS7f47db1e-ee8a-4df0-8039-c1f1e2b6f275,https://ckan.publishing.service.gov.uk/dataset/3c7d0c72-d9f3-45f4-8a84-1c14829e8e80,marine-environmental-data-information-network
CEFAS7f61b179-36c5-4533-87b6-002396332b5e,https://ckan.publishing.service.gov.uk/dataset/6d28c79f-17d0-48a2-95c2-a0f3e8e25ffd,marine-environmental-data-information-network
CEFAS7F6CCECD-15BD-470A-A511-349783386919,https://ckan.publishing.service.gov.uk/dataset/3fad1260-2b08-4fd7-a2cb-0a9766cbb062,marine-environmental-data-information-network
CEFAS7f7bd2de-6bb4-45a7-a4f8-ff0c09aa7aec,https://ckan.publishing.service.gov.uk/dataset/d12d096c-3db0-4c2a-95eb-6df4a7e539a4,marine-environmental-data-information-network
CEFAS7f8857ff-f5bc-49bd-af2a-44068e256233,https://ckan.publishing.service.gov.uk/dataset/538efe5a-d794-432a-ad12-5fec37fd2542,marine-environmental-data-information-network
CEFAS7f9e09a9-a840-4fd0-b76b-1cc900510476,https://ckan.publishing.service.gov.uk/dataset/5c26420f-b256-4f92-9a4d-76c7ef12ade2,marine-environmental-data-information-network
CEFAS7f9ffe62-1736-471a-b9c8-ecfe032a13ce,https://ckan.publishing.service.gov.uk/dataset/d80aaf22-81dd-4411-a0d2-228e6fadbd38,marine-environmental-data-information-network
CEFAS7fc07e07-9189-47d1-b4ec-64305328f098,https://ckan.publishing.service.gov.uk/dataset/ffe4fea6-543b-46b0-9b0a-8f71b735cea0,marine-environmental-data-information-network
CEFAS7fd9fe43-fd0e-45f4-951f-1602ad9a2ee6,https://ckan.publishing.service.gov.uk/dataset/9d92f378-b079-4e33-9a4b-3c91df525bf4,marine-environmental-data-information-network
CEFAS7ff25d36-63be-4fb0-aa14-eca5eb951ab2,https://ckan.publishing.service.gov.uk/dataset/92eeb17a-8618-4557-8486-c6ff5eb3b153,marine-environmental-data-information-network
CEFAS80044bb5-6f2d-4b75-bbe1-066646361387,https://ckan.publishing.service.gov.uk/dataset/848c7ccf-01d3-4de7-b91e-4acd1be5cbb1,marine-environmental-data-information-network
CEFAS8007f01d-145c-47ae-b2e8-9fc182423e22,https://ckan.publishing.service.gov.uk/dataset/2f3cea1e-8a33-4a68-8a65-ca3703f9014a,marine-environmental-data-information-network
CEFAS801e4a66-f6f5-462e-a58f-a797cd2b9aee,https://ckan.publishing.service.gov.uk/dataset/6b060b5b-e5e7-47f0-9ab1-5009c85a67ca,marine-environmental-data-information-network
CEFAS8020a522-1067-4a32-acd6-25f572818ced,https://ckan.publishing.service.gov.uk/dataset/02ea1431-e15f-4b49-8642-730e1f5d7451,marine-environmental-data-information-network
CEFAS80334640-9140-4bfb-b23d-f99c941bef18,https://ckan.publishing.service.gov.uk/dataset/b5ef7c47-bdec-4552-b922-6d21c47e1214,marine-environmental-data-information-network
CEFAS804ee7b5-03af-425c-b329-cff0dbc3f62a,https://ckan.publishing.service.gov.uk/dataset/1310f463-bf76-4908-b182-94dd223e66c3,marine-environmental-data-information-network
CEFAS80578b8e-0f5a-41ed-906d-b8b6a9001802,https://ckan.publishing.service.gov.uk/dataset/24fc9ab4-6d4c-4f72-b1e7-46379c7acd87,marine-environmental-data-information-network
CEFAS8063026f-7745-4134-9381-c5152cd0a83c,https://ckan.publishing.service.gov.uk/dataset/3a48118d-ab87-4952-a4db-46259a0c33ad,marine-environmental-data-information-network
CEFAS80a17faf-5bba-43ae-8d2e-63fa1b65e0b6,https://ckan.publishing.service.gov.uk/dataset/67e95cef-c3c8-4ef5-884f-10d328cecc47,marine-environmental-data-information-network
CEFAS80aacde9-78de-4eb2-a3ab-93ee6bf54192,https://ckan.publishing.service.gov.uk/dataset/7d5484bf-687a-43a3-aa0f-8a6851766810,marine-environmental-data-information-network
CEFAS80c4e1b6-59ae-4eeb-be64-e9e77c277530,https://ckan.publishing.service.gov.uk/dataset/0c9f452b-122f-49ef-a7b1-0cb38380f19f,marine-environmental-data-information-network
CEFAS80da10ab-8f01-40dc-a8b5-be90ecf60ed8,https://ckan.publishing.service.gov.uk/dataset/2daa7711-87e3-4ac8-889e-d4e2ebaf3fde,marine-environmental-data-information-network
CEFAS80dddb2f-dccc-4f18-b336-e8d92af82e94,https://ckan.publishing.service.gov.uk/dataset/efcd801b-c51e-4c66-9a80-8e483131995c,marine-environmental-data-information-network
CEFAS80e2d1c8-259e-4db0-9f73-f466124108de,https://ckan.publishing.service.gov.uk/dataset/532ce74e-263b-4ca7-9f14-aa1bc7384dc5,marine-environmental-data-information-network
CEFAS81024d87-28fd-4589-bec8-d260c3551f60,https://ckan.publishing.service.gov.uk/dataset/d9abc20d-4682-4bca-a0c3-ba05effd5355,marine-environmental-data-information-network
CEFAS8104b284-3387-4947-a30b-c98eff545933,https://ckan.publishing.service.gov.uk/dataset/e2d8e3f4-c34e-42b3-9783-008b954a02f7,marine-environmental-data-information-network
CEFAS81115dc9-b8e2-43ff-a7a0-e591a0a05ee1,https://ckan.publishing.service.gov.uk/dataset/2c56a859-6519-468b-967f-37df278fd4d1,marine-environmental-data-information-network
CEFAS8116e2ed-8f99-43f3-8bdc-2069b80bed01,https://ckan.publishing.service.gov.uk/dataset/fc41323e-fe07-4079-99d5-0128e5f19712,marine-environmental-data-information-network
CEFAS81722d71-9cb4-43f3-98fb-99258f8dcb69,https://ckan.publishing.service.gov.uk/dataset/3035431e-c3f4-4d7d-afaa-ccc629330bbe,marine-environmental-data-information-network
CEFAS8195313e-0105-4bbc-a44a-4c502805f990,https://ckan.publishing.service.gov.uk/dataset/0de4a55f-9aa3-45d9-acbc-0cb9a2e71aa5,marine-environmental-data-information-network
CEFAS819b3b97-dd6e-48a3-aa6e-19b88f7691ac,https://ckan.publishing.service.gov.uk/dataset/2d45fc2f-4c7c-478e-91ab-a5acd4bc99ac,marine-environmental-data-information-network
CEFAS81b7c5cc-5464-4f3f-97e8-605e65e5deb5,https://ckan.publishing.service.gov.uk/dataset/eb1c163b-d37c-4751-b6dc-58d6d3b0a932,marine-environmental-data-information-network
CEFAS81E9D504-52B2-4E07-A5DC-12AB3C3CA99F,https://ckan.publishing.service.gov.uk/dataset/4cd34659-089f-4082-9ab5-15431bd97e80,marine-environmental-data-information-network
CEFAS820a3172-e194-4078-a44a-dbd86e8b8fd4,https://ckan.publishing.service.gov.uk/dataset/ce929313-efd9-4c64-829d-c47c268528cf,marine-environmental-data-information-network
CEFAS820d1047-f1a8-49d4-8615-e0ccb92a78a9,https://ckan.publishing.service.gov.uk/dataset/fb4c8f80-2438-43a9-8e3c-85513b6ab731,marine-environmental-data-information-network
CEFAS82352CF0-42E8-43A2-9789-054F7131491E,https://ckan.publishing.service.gov.uk/dataset/079feee6-b232-4a14-bc32-f5b9e895dfb1,marine-environmental-data-information-network
CEFAS82484202-485a-45e6-8caa-e8658ebf1ee2,https://ckan.publishing.service.gov.uk/dataset/b4c3bf17-f8be-4662-bf1b-b429be0a4931,marine-environmental-data-information-network
CEFAS824c845c-09b7-48b4-8b82-00f1f0e021b3,https://ckan.publishing.service.gov.uk/dataset/2fbb65e1-ef63-40aa-be87-bc58431f81bf,marine-environmental-data-information-network
CEFAS825195a9-7a1a-44d2-b186-64bd2b630388,https://ckan.publishing.service.gov.uk/dataset/1481391e-f201-4214-acaa-fa748f17004a,marine-environmental-data-information-network
CEFAS825c6deb-2be3-4f82-8c9d-4cafb477dd5d,https://ckan.publishing.service.gov.uk/dataset/c6723230-3b50-48ef-ba4d-84620aa9f884,marine-environmental-data-information-network
CEFAS8288a8cf-b1d5-4b2b-9eae-2c902be56879,https://ckan.publishing.service.gov.uk/dataset/0b79d32d-c020-431f-8b59-0f3be8652a3d,marine-environmental-data-information-network
CEFAS82ab6501-9cfd-4d74-bf17-ace2727aa2a4,https://ckan.publishing.service.gov.uk/dataset/c19492eb-68e7-44fd-b2f9-9ee595aad76e,marine-environmental-data-information-network
CEFAS82ba7b9f-7246-4c3e-adf3-bbef6c03060a,https://ckan.publishing.service.gov.uk/dataset/4ec7923c-98f8-4754-b98d-8ecb15742f1e,marine-environmental-data-information-network
CEFAS82c75381-3daa-48a1-81c2-89608ca7402d,https://ckan.publishing.service.gov.uk/dataset/82a23e80-3385-4594-8dbd-52d3c8576615,marine-environmental-data-information-network
CEFAS82c7d2a6-2c50-4e8c-898e-2c8ea1940e82,https://ckan.publishing.service.gov.uk/dataset/334f978a-584d-4d08-87d0-2cd77e995796,marine-environmental-data-information-network
CEFAS82d442b5-97a6-42a6-87b0-fa969ab9c3ac,https://ckan.publishing.service.gov.uk/dataset/debe11fb-d486-4bf7-b7da-d423e2081ca7,marine-environmental-data-information-network
CEFAS83a0c9c4-6d47-4e3a-838b-179effb361e8,https://ckan.publishing.service.gov.uk/dataset/59489de7-fbfc-4fad-9d77-04783a7352df,marine-environmental-data-information-network
CEFAS83ad2ece-6a0b-4583-b780-12f0791ebc81,https://ckan.publishing.service.gov.uk/dataset/8b398eb8-cf90-441e-8248-a7d7a28ea5da,marine-environmental-data-information-network
CEFAS83C1BF0A-1B79-487C-B6B8-41B1F6E531C8,https://ckan.publishing.service.gov.uk/dataset/ca778072-a76c-4ae2-9fe2-56cf7ac0f82a,marine-environmental-data-information-network
CEFAS84210ac6-2209-4616-9c66-86d7cd9843bd,https://ckan.publishing.service.gov.uk/dataset/5a4e4578-cd6e-4041-b4af-3d8c763eea20,marine-environmental-data-information-network
CEFAS84464469-0bdc-451d-aea7-084361ea93d1,https://ckan.publishing.service.gov.uk/dataset/d9a8bd2e-bb7e-4176-b290-c0052d7de989,marine-environmental-data-information-network
CEFAS846d91d2-2326-431a-a11c-c4384eb9fc4e,https://ckan.publishing.service.gov.uk/dataset/489cf040-0c9c-480d-ac67-3424c3f5682e,marine-environmental-data-information-network
CEFAS8477d0df-a7cc-4289-b20c-30e5d057bb39,https://ckan.publishing.service.gov.uk/dataset/60f39832-d430-4571-8c4f-c5c314eb4d06,marine-environmental-data-information-network
CEFAS84de0fd4-4af2-4a04-9354-c8202da6d302,https://ckan.publishing.service.gov.uk/dataset/87198472-1196-4d0a-9a0e-8d92311633c6,marine-environmental-data-information-network
CEFAS84e3540d-bfc1-476f-b693-c4a1c5e767a5,https://ckan.publishing.service.gov.uk/dataset/fae176b6-b804-42df-aa14-76984414eee4,marine-environmental-data-information-network
CEFAS85014d2c-311d-475a-9b5b-6c92facf8a7b,https://ckan.publishing.service.gov.uk/dataset/3fd4a72b-172c-40e3-b22a-ea640031b023,marine-environmental-data-information-network
CEFAS8522fbb2-a2d7-49fd-bd98-6fbd604b7e92,https://ckan.publishing.service.gov.uk/dataset/8d21c1c6-dc89-47d8-bcf3-446689ae2685,marine-environmental-data-information-network
CEFAS8556fc64-0eb0-4ab1-bac2-f6882d28d20c,https://ckan.publishing.service.gov.uk/dataset/a17b9789-14e9-4c40-9d50-057dc26ad59e,marine-environmental-data-information-network
CEFAS855902b3-57f4-478e-9b4e-5aa8c247d358,https://ckan.publishing.service.gov.uk/dataset/88638778-f0d7-4d10-8601-6fbaf7f38c5c,marine-environmental-data-information-network
CEFAS856641f5-81f1-48f0-867d-b2f01018acc4,https://ckan.publishing.service.gov.uk/dataset/960e28aa-e228-4a25-98fe-8b1e89d7a807,marine-environmental-data-information-network
CEFAS856ecd47-0af5-4759-bb3e-03a90ec22314,https://ckan.publishing.service.gov.uk/dataset/b6840cfd-e699-47ba-b811-5212b0b11b5e,marine-environmental-data-information-network
CEFAS856ee40c-f043-4fd8-a90c-69bc6a491aa0,https://ckan.publishing.service.gov.uk/dataset/6ccaf347-f6e3-4cbb-9401-56a2ed50bda6,marine-environmental-data-information-network
CEFAS8596988c-67f3-49a5-9e34-86242f314c82,https://ckan.publishing.service.gov.uk/dataset/5cf98ede-b32a-4059-add0-ea4d3195ebe1,marine-environmental-data-information-network
CEFAS85973eeb-88c6-4292-89f9-d7a384c223b1,https://ckan.publishing.service.gov.uk/dataset/42e6b1a8-5511-4941-83c2-44dfa38f37b7,marine-environmental-data-information-network
CEFAS85c5f1aa-99ac-4f3b-b27e-b2d6483af35f,https://ckan.publishing.service.gov.uk/dataset/32631dc0-a8c8-41df-b713-25c33a22b3f0,marine-environmental-data-information-network
CEFAS8615947d-7a94-44b6-bfc1-2c9d52a4fb3a,https://ckan.publishing.service.gov.uk/dataset/fa73edeb-4860-4844-bee0-6a178c7bf403,marine-environmental-data-information-network
CEFAS86199ccb-8299-4dae-bd30-39cf1a448606,https://ckan.publishing.service.gov.uk/dataset/520fd5cd-0876-4ac4-b857-5749be68b09b,marine-environmental-data-information-network
CEFAS8641a1b4-5a42-4db2-a6af-84b59130688a,https://ckan.publishing.service.gov.uk/dataset/123044ec-3943-4bb2-bb8a-c30df724d96f,marine-environmental-data-information-network
CEFAS865b5775-4b08-4d98-a630-b4a70c327ef7,https://ckan.publishing.service.gov.uk/dataset/4c154980-717a-42d3-9fe3-052b1d616914,marine-environmental-data-information-network
CEFAS8671ae7c-bac4-458e-90b6-0b978d68d385,https://ckan.publishing.service.gov.uk/dataset/33b106d5-fdf8-4de6-a419-c64461cc78ff,marine-environmental-data-information-network
CEFAS867a89ff-90ec-4445-8ae5-a9b650a43dd0,https://ckan.publishing.service.gov.uk/dataset/406fc9a2-2d55-459b-9065-e436753b0ac6,marine-environmental-data-information-network
CEFAS86c8e789-6b91-4b57-9d96-3ad24122f017,https://ckan.publishing.service.gov.uk/dataset/48b32c0a-789b-4ada-802e-00094ab2fb2c,marine-environmental-data-information-network
CEFAS86dc6266-2512-4214-8dd7-3f6455cf9134,https://ckan.publishing.service.gov.uk/dataset/3138cb33-36e1-4c05-9900-8ad53526e89a,marine-environmental-data-information-network
CEFAS86f777fd-e9ad-4d60-857e-ea2112653180,https://ckan.publishing.service.gov.uk/dataset/873f6f88-a545-4d24-925c-459cc95bbbaa,marine-environmental-data-information-network
CEFAS871546ec-b1b3-45e3-ba98-1862c741044c,https://ckan.publishing.service.gov.uk/dataset/cf58dfce-0b21-4d8f-bf3c-df77bd5f008d,marine-environmental-data-information-network
CEFAS872a571e-7ded-4ea7-a70f-4dfee2886e7b,https://ckan.publishing.service.gov.uk/dataset/e0032595-ca3a-44a9-ab9a-090c86165e37,marine-environmental-data-information-network
CEFAS8750fc58-911a-442c-840b-6e657b368b17,https://ckan.publishing.service.gov.uk/dataset/29a140d3-c6d1-4772-9c21-703ca5f123c1,marine-environmental-data-information-network
CEFAS87623277-f4fd-470b-9518-221fd87141a6,https://ckan.publishing.service.gov.uk/dataset/51aff59c-90cd-4e4d-91f9-b0013b300f25,marine-environmental-data-information-network
CEFAS8774ec18-1eb5-4278-aa85-b3148a0b605e,https://ckan.publishing.service.gov.uk/dataset/99294aaf-15ca-4e20-8247-899b1ad47766,marine-environmental-data-information-network
CEFAS87f7eee6-5323-4141-9968-151179d9cb5f,https://ckan.publishing.service.gov.uk/dataset/83592517-40fe-41a9-b01f-23163e9bbc69,marine-environmental-data-information-network
CEFAS87F963AF-5DA2-4CE7-8835-4494AD0702CA,https://ckan.publishing.service.gov.uk/dataset/80218d5d-cf22-48a3-8a4b-6f4cdbad6ee0,marine-environmental-data-information-network
CEFAS881af97d-d477-4a00-9151-7cfe0550978e,https://ckan.publishing.service.gov.uk/dataset/b492bbb6-c8e0-40f3-b692-968356d719e0,marine-environmental-data-information-network
CEFAS88267e98-b571-43cf-b0bb-68360729fb23,https://ckan.publishing.service.gov.uk/dataset/2ac87800-dc13-4734-95ab-993bff76ab4c,marine-environmental-data-information-network
CEFAS884023f2-f037-4696-8e06-06962637f9e8,https://ckan.publishing.service.gov.uk/dataset/a2e43cff-228c-49fd-859a-c1288d2aee6d,marine-environmental-data-information-network
CEFAS884ea07e-4abd-4d46-978e-93413476644d,https://ckan.publishing.service.gov.uk/dataset/7f8c22d4-b295-41b2-ae26-94c102df8de7,marine-environmental-data-information-network
CEFAS885b264a-a63c-429e-952c-5a4cd1b06a6c,https://ckan.publishing.service.gov.uk/dataset/3aca3509-4304-46a6-a006-25a606269189,marine-environmental-data-information-network
CEFAS8861d021-8b87-456c-94b1-7dde89b3fa5a,https://ckan.publishing.service.gov.uk/dataset/0ece5680-917f-46e4-bee7-af1ff8be27a3,marine-environmental-data-information-network
CEFAS88769449-dda6-4727-905d-d43c35bf0cf9,https://ckan.publishing.service.gov.uk/dataset/5a36cf79-c1d6-418f-881d-ffac14391d80,marine-environmental-data-information-network
CEFAS88d7a5e8-191c-41c6-98ad-439d83de5b32,https://ckan.publishing.service.gov.uk/dataset/dbe09aab-1e6c-46d5-b2c0-ebc0cf693beb,marine-environmental-data-information-network
CEFAS88f971d7-7d08-494c-8306-dbad0797f88b,https://ckan.publishing.service.gov.uk/dataset/ea771b60-f208-4948-94f5-8b41394ae8cb,marine-environmental-data-information-network
CEFAS88fbb5b0-566b-4d9e-8b2c-d02b61357307,https://ckan.publishing.service.gov.uk/dataset/430d4d20-ed47-44cd-a7ac-e5f1d3a152ae,marine-environmental-data-information-network
CEFAS8907e530-88d5-4425-ba29-45bc7117d16f,https://ckan.publishing.service.gov.uk/dataset/088bc7e5-bbb4-44cb-94d4-5ba3492e28ac,marine-environmental-data-information-network
CEFAS891371ae-ddaa-459e-a5ef-4d97480aeb43,https://ckan.publishing.service.gov.uk/dataset/0ac66e0b-a501-4e59-ac9c-22313b497eac,marine-environmental-data-information-network
CEFAS897a19df-2030-4594-9406-68de886048f5,https://ckan.publishing.service.gov.uk/dataset/b763c376-46bb-4f4b-b5ce-a60d0b4b991e,marine-environmental-data-information-network
CEFAS89be7bf8-3391-461f-93fa-30340f44b5d0,https://ckan.publishing.service.gov.uk/dataset/8954fd0e-674e-4c9d-85ae-39c0e5633866,marine-environmental-data-information-network
CEFAS89efde02-6c5d-46c8-9bc5-40ca2c757bce,https://ckan.publishing.service.gov.uk/dataset/325ec945-9b62-4344-85a1-dc6013f9efdf,marine-environmental-data-information-network
CEFAS89fbed84-bfbf-483b-a8c5-3228a1a93c4f,https://ckan.publishing.service.gov.uk/dataset/ee865096-7774-4e40-ac99-28c81e27ad9f,marine-environmental-data-information-network
CEFAS8A0057D3-1A06-449F-B81E-BE985097A68B,https://ckan.publishing.service.gov.uk/dataset/ef2a0853-2b8a-46b8-8a38-f4b3663d1c94,marine-environmental-data-information-network
CEFAS8a0bffa4-5cec-4f75-8759-7df1ec9934e1,https://ckan.publishing.service.gov.uk/dataset/744a7a2b-bc12-4c9d-a37c-4927145f5e2c,marine-environmental-data-information-network
CEFAS8a27597c-e906-4fe8-842f-8fabb738cca8,https://ckan.publishing.service.gov.uk/dataset/68e9497e-c2e8-42d9-a84e-132f29c5dcd2,marine-environmental-data-information-network
CEFAS8a6a9306-3a57-45c0-9b56-91773e50fd20,https://ckan.publishing.service.gov.uk/dataset/3ed2de3b-7a15-4287-9559-6ccaec78c76f,marine-environmental-data-information-network
CEFAS8a719d7b-05eb-41d6-ae4d-85a159538b7b,https://ckan.publishing.service.gov.uk/dataset/3efe9577-9d13-4b51-8821-903bf685da48,marine-environmental-data-information-network
CEFAS8aa9c974-9199-41eb-a7c7-05c4feaf2591,https://ckan.publishing.service.gov.uk/dataset/f4c062a2-73b5-4a73-a755-a18113f6cec5,marine-environmental-data-information-network
CEFAS8af8cd7a-d82e-401b-b9f0-8e470156f0de,https://ckan.publishing.service.gov.uk/dataset/669bdc69-7cf1-4927-a796-36cacf1aa18d,marine-environmental-data-information-network
CEFAS8afcf3c9-e96c-4ffb-9374-2236948873d3,https://ckan.publishing.service.gov.uk/dataset/a4ddb7f1-aa0f-4978-a89c-91b1e1d2ec7f,marine-environmental-data-information-network
CEFAS8B5545B4-F62B-4F37-BC18-DE6B1E3CB3C0,https://ckan.publishing.service.gov.uk/dataset/3bfa695a-6a90-433a-83f2-2468b48b59ff,marine-environmental-data-information-network
CEFAS8b57c2b8-8f31-4d50-80e9-1b7884df8fd0,https://ckan.publishing.service.gov.uk/dataset/eaf3ba31-7732-42de-8749-3b35f9956755,marine-environmental-data-information-network
CEFAS8b7ffcc2-2b75-4d61-8f30-18b5364619cf,https://ckan.publishing.service.gov.uk/dataset/6a6e8cd0-1fb8-4d97-99e3-5211fad7d37f,marine-environmental-data-information-network
CEFAS8b88cb3e-0a95-4f46-b47a-725445630f8a,https://ckan.publishing.service.gov.uk/dataset/5c9d557a-cafe-4ddc-a928-72dadc8d1c45,marine-environmental-data-information-network
CEFAS8b92fe55-32f0-417f-a552-60d28259a11d,https://ckan.publishing.service.gov.uk/dataset/3458d5a7-a19a-4962-a2e7-51254c0a1a0b,marine-environmental-data-information-network
CEFAS8bdbce0e-7208-4c27-a014-17fc256aeccf,https://ckan.publishing.service.gov.uk/dataset/89432b18-1528-477e-b08a-11aa1735ff89,marine-environmental-data-information-network
CEFAS8c0fb40e-47a8-4bc7-b2e5-6ba6b859839a,https://ckan.publishing.service.gov.uk/dataset/3f2de34b-1dfa-4af6-9f4e-2091936a7338,marine-environmental-data-information-network
CEFAS8c33112e-03ff-498d-bc73-551fac4453cc,https://ckan.publishing.service.gov.uk/dataset/b1b29f7f-1f1f-4308-8216-7857c7a3be36,marine-environmental-data-information-network
CEFAS8c339bd8-cb8c-4d3d-8c91-b8c258e9ef53,https://ckan.publishing.service.gov.uk/dataset/33a03dff-6d5a-4696-b5ce-58256c084c0d,marine-environmental-data-information-network
CEFAS8c54b213-9dda-4a3d-b5c6-9d2258a62c96,https://ckan.publishing.service.gov.uk/dataset/53778e62-839a-45e6-8e08-5641f829bce3,marine-environmental-data-information-network
CEFAS8c5e1ee9-b987-4c0f-a421-3fcc274652ee,https://ckan.publishing.service.gov.uk/dataset/3fdbef67-9dbc-44ac-be76-e9753c110c03,marine-environmental-data-information-network
CEFAS8C82A8DC-E526-4532-A1F8-CDABD7BD4C9A,https://ckan.publishing.service.gov.uk/dataset/d6db9b2b-4930-41f6-857c-788d8524f11a,marine-environmental-data-information-network
CEFAS8CA689C9-434A-4EB4-9B16-DFD27D47C4C3,https://ckan.publishing.service.gov.uk/dataset/471794d4-0ea7-4d6d-b6f5-d1cca716af61,marine-environmental-data-information-network
CEFAS8cab0ed9-c299-4907-b903-01469ec8d80e,https://ckan.publishing.service.gov.uk/dataset/29dddcf0-3d00-457b-a77e-32597b2d26f9,marine-environmental-data-information-network
CEFAS8cccd45a-544f-451c-a63b-2bd0bd5c0a3f,https://ckan.publishing.service.gov.uk/dataset/7da0432f-61f6-473a-bd1e-ecb5d2189f78,marine-environmental-data-information-network
CEFAS8cff4ab7-7f0b-4729-9ea2-83ebfcd14753,https://ckan.publishing.service.gov.uk/dataset/57d723ee-3c05-4316-8c2c-db78c8860099,marine-environmental-data-information-network
CEFAS8d06aab4-d0c0-484b-9d7e-ddaea99cadf7,https://ckan.publishing.service.gov.uk/dataset/f8602fd8-da0e-4042-951b-cba05aeae356,marine-environmental-data-information-network
CEFAS8d53bc19-73a6-4aa9-9b29-01ebc51ed433,https://ckan.publishing.service.gov.uk/dataset/8f30ba0d-44b9-401c-89f3-e6d80983c5c8,marine-environmental-data-information-network
CEFAS8d8417de-e3fa-4a7d-90c2-7e4368b4f9cc,https://ckan.publishing.service.gov.uk/dataset/dc3086db-bd7f-42c9-b9b4-683acf7bb994,marine-environmental-data-information-network
CEFAS8d8fa54a-96b9-40eb-a2c1-5962831bef1e,https://ckan.publishing.service.gov.uk/dataset/bdb73adb-a632-432d-8942-bef0926cd164,marine-environmental-data-information-network
CEFAS8dbee6f1-a8c1-4c20-a08c-0c799e188c18,https://ckan.publishing.service.gov.uk/dataset/d4352ce6-89b7-493e-97ca-da7c3052b55b,marine-environmental-data-information-network
CEFAS8dd634f1-83f2-494f-9e2c-ef3ba0dde1ba,https://ckan.publishing.service.gov.uk/dataset/6d0bff6c-451e-43cc-926c-c439b45829db,marine-environmental-data-information-network
CEFAS8dd806bc-8ce2-4460-81fd-0bfb03bb5334,https://ckan.publishing.service.gov.uk/dataset/62dd6855-f649-485c-a199-c31dcd8f7075,marine-environmental-data-information-network
CEFAS8dee24f4-da2c-4741-af7f-b57c6a0859f8,https://ckan.publishing.service.gov.uk/dataset/b91686a4-3aae-4b05-a9a7-a2e42e640353,marine-environmental-data-information-network
CEFAS8df6feb6-9e8c-486b-bf28-b150394bfe67,https://ckan.publishing.service.gov.uk/dataset/0a72d174-ce50-4083-89eb-a1ef19421976,marine-environmental-data-information-network
CEFAS8e035d77-f5dd-4486-9c96-18143ad6b89d,https://ckan.publishing.service.gov.uk/dataset/399e6f93-cb47-4545-9d1c-5e00249800ad,marine-environmental-data-information-network
CEFAS8e18e7f1-2115-41e4-b0ff-55aae7248a83,https://ckan.publishing.service.gov.uk/dataset/274eed72-307d-4a19-8c15-16101e3febec,marine-environmental-data-information-network
CEFAS8e24e67a-9e59-489f-baec-9543f2b3b5a4,https://ckan.publishing.service.gov.uk/dataset/a8dec034-ea64-4bfc-b55a-ba4694cef948,marine-environmental-data-information-network
CEFAS8e70f072-72f1-4b69-8842-8651ba7a42df,https://ckan.publishing.service.gov.uk/dataset/ec096abb-1e77-47aa-b80a-a01b10ef11f2,marine-environmental-data-information-network
CEFAS8e930157-f4af-4ebe-91cc-c00e074b4608,https://ckan.publishing.service.gov.uk/dataset/c2c2cb06-3d78-477a-b32e-bf527119443d,marine-environmental-data-information-network
CEFAS8e946208-f562-4a4e-aaef-f105bcca0b45,https://ckan.publishing.service.gov.uk/dataset/a5969030-2712-4981-9d34-8f215f4c3acb,marine-environmental-data-information-network
CEFAS8e94ef30-c713-4d40-8e4f-3984c09bf417,https://ckan.publishing.service.gov.uk/dataset/f4b35c18-bbad-4340-861c-64993d9b3c6c,marine-environmental-data-information-network
CEFAS8ebf17b5-af9f-48d1-87c9-6b4787354be5,https://ckan.publishing.service.gov.uk/dataset/61f3000f-7378-4d27-8c0d-6212de8239ac,marine-environmental-data-information-network
CEFAS8ee3d480-22be-4bfa-aaf9-5b7c05ad962b,https://ckan.publishing.service.gov.uk/dataset/b649f635-5f18-47e8-b80e-3828d80239fe,marine-environmental-data-information-network
CEFAS8f129abd-3cd5-47ea-a1ab-617c8efdbc81,https://ckan.publishing.service.gov.uk/dataset/74393471-8308-492d-be99-458ad8a4850e,marine-environmental-data-information-network
CEFAS8f2401b3-2517-4144-a52c-6d3dbab6155e,https://ckan.publishing.service.gov.uk/dataset/e456e41f-4f88-4f05-9fe2-d3d790b67f16,marine-environmental-data-information-network
CEFAS8f3f64fb-ed55-46db-8aec-ac0cd63d9946,https://ckan.publishing.service.gov.uk/dataset/594ea993-0cba-437f-a314-4141a3ed6aee,marine-environmental-data-information-network
CEFAS8f53cdba-917f-4eb8-8cc2-7bd7fe229952,https://ckan.publishing.service.gov.uk/dataset/c9ebb79f-9dbf-4916-8aba-95103e48a79f,marine-environmental-data-information-network
CEFAS8f5bcef4-9ec2-40b5-addb-18674b2cc48d,https://ckan.publishing.service.gov.uk/dataset/6faf2e9b-5203-427b-a890-f6d2abe7d51f,marine-environmental-data-information-network
CEFAS8f6b321f-77b2-4c94-915f-af15d45e6662,https://ckan.publishing.service.gov.uk/dataset/ee4b64b8-d887-4bcc-9dc3-fe3f40d5acb2,marine-environmental-data-information-network
CEFAS8f73f3ca-a1ee-41be-a208-3f2474309d78,https://ckan.publishing.service.gov.uk/dataset/539a4625-5388-4c09-9a1c-218dd56f3a13,marine-environmental-data-information-network
CEFAS8f78a8b9-e1b5-417b-a12f-5c813ae55b76,https://ckan.publishing.service.gov.uk/dataset/9fc554f3-3193-41bd-98cf-435e72a96fa5,marine-environmental-data-information-network
CEFAS8fc023de-48c1-4cb3-826e-0d5c5ed60d94,https://ckan.publishing.service.gov.uk/dataset/ad691e22-c0b8-4f81-b07c-155dfd85a966,marine-environmental-data-information-network
CEFAS8fc60f26-11be-4033-b4e4-a7e8c3a0b7d6,https://ckan.publishing.service.gov.uk/dataset/f43096a2-2cb0-463f-8705-5b49d5bfdbf8,marine-environmental-data-information-network
CEFAS8fef6ee0-93a8-4356-a551-9354267bf2e4,https://ckan.publishing.service.gov.uk/dataset/8cdaf480-6cb3-4cc4-b379-4b5fee3846c1,marine-environmental-data-information-network
CEFAS9015d8ba-9903-40ad-b9ce-d5f5ed2e8470,https://ckan.publishing.service.gov.uk/dataset/c1713f10-49bc-48d2-93ce-5b634e9d529e,marine-environmental-data-information-network
CEFAS901eb960-3e26-4ad5-a155-7e5697f1e2ae,https://ckan.publishing.service.gov.uk/dataset/986e5032-cfe5-4cee-8411-1e32f5331c83,marine-environmental-data-information-network
CEFAS909389aa-4f15-431e-9343-9f57e974dba1,https://ckan.publishing.service.gov.uk/dataset/ab680dc7-8db3-48b1-b7cd-fb78247f3e2d,marine-environmental-data-information-network
CEFAS90a47845-4b96-49bc-b38a-244719fa8b18,https://ckan.publishing.service.gov.uk/dataset/373621d3-3ed7-4369-8581-67811e5b2780,marine-environmental-data-information-network
CEFAS90f9a490-1bf7-4a40-a385-743fa61dfd1a,https://ckan.publishing.service.gov.uk/dataset/e2c93cce-e3cc-4134-8719-10cd0a84728d,marine-environmental-data-information-network
CEFAS912c2eaa-f99d-4114-b627-a6d988530519,https://ckan.publishing.service.gov.uk/dataset/aee5baf6-c815-4218-b449-60ec91589a8a,marine-environmental-data-information-network
CEFAS9131061d-c072-405e-a6d0-86d210d52538,https://ckan.publishing.service.gov.uk/dataset/4b112ec3-164e-42a9-90d9-5ad1ef8e2713,marine-environmental-data-information-network
CEFAS915556A0-A297-4965-9A01-1B4BD7A4C22F,https://ckan.publishing.service.gov.uk/dataset/eeab738b-b884-4c39-9d75-95942ad700f5,marine-environmental-data-information-network
CEFAS915BCE6B-3D53-441B-9B01-CA3CD59E79BA,https://ckan.publishing.service.gov.uk/dataset/2be44cda-2d3f-4012-82c0-4719ce9d98bb,marine-environmental-data-information-network
CEFAS9166a8af-1ec0-4f59-b2f4-af8d863f8071,https://ckan.publishing.service.gov.uk/dataset/5581d0f7-3a4c-40fd-a242-e38ab0f6d1a5,marine-environmental-data-information-network
CEFAS918e745b-51a7-46ef-b941-00375279c45e,https://ckan.publishing.service.gov.uk/dataset/e07fddc8-d663-4c08-a402-257c107aa500,marine-environmental-data-information-network
CEFAS9196c71f-07ea-4c16-9e08-0ecaeadc2dd4,https://ckan.publishing.service.gov.uk/dataset/0882fdc3-19dc-4b4e-947a-52ec3ce222bf,marine-environmental-data-information-network
CEFAS91CB90E5-F37F-42E7-9A04-9B7B9FDFA391,https://ckan.publishing.service.gov.uk/dataset/83d30692-96d5-4d27-9483-d6449363ae32,marine-environmental-data-information-network
CEFAS91ccd720-5c9e-4a18-ab8e-88afbe8951df,https://ckan.publishing.service.gov.uk/dataset/966bba66-371d-49d3-abeb-0441df020167,marine-environmental-data-information-network
CEFAS91d822a0-70ac-4943-9ea5-7cbfd1a46fb6,https://ckan.publishing.service.gov.uk/dataset/41029387-6b75-4c00-831b-0acaaa4c2d80,marine-environmental-data-information-network
CEFAS91f06cbb-ed60-4bb7-afd0-f61fe2773a81,https://ckan.publishing.service.gov.uk/dataset/68f35432-6a23-42dd-9544-3f795649b66a,marine-environmental-data-information-network
CEFAS9222c9d7-336e-4ea4-b4d9-87d080403a88,https://ckan.publishing.service.gov.uk/dataset/d742f65e-d18f-4090-bbdc-c039fc92e3d0,marine-environmental-data-information-network
CEFAS924b8203-63b8-44e2-993c-969f17025a5a,https://ckan.publishing.service.gov.uk/dataset/0e7443f8-9ff0-4f85-81da-5ed77d7c7b14,marine-environmental-data-information-network
CEFAS9266bfee-3707-46f0-a8a8-193e32a0dccb,https://ckan.publishing.service.gov.uk/dataset/708a0af9-ff9e-4cd5-bc72-05708151d63e,marine-environmental-data-information-network
CEFAS9271f1b1-3463-4c71-b58f-792707e5271a,https://ckan.publishing.service.gov.uk/dataset/0cfdba4d-2b52-4898-ad06-93c81d0143ee,marine-environmental-data-information-network
CEFAS92a546d0-64f8-497e-9e22-58b8147b2209,https://ckan.publishing.service.gov.uk/dataset/1f3f105e-b008-4e20-ae24-9fa69eaf49d1,marine-environmental-data-information-network
CEFAS92c4a977-3f3c-4e4c-a108-13130c4a6f24,https://ckan.publishing.service.gov.uk/dataset/402eee15-f98e-4d37-a0b6-5590ce1039e2,marine-environmental-data-information-network
CEFAS92d7425e-0ed4-4093-bdf0-975381918e8c,https://ckan.publishing.service.gov.uk/dataset/756d78ff-e97d-43d5-a7ac-a23a6e7f706e,marine-environmental-data-information-network
CEFAS931c1983-b1e8-4eee-9cb6-8a3cd8029ebb,https://ckan.publishing.service.gov.uk/dataset/4a417b1a-be4c-4f71-a714-c3553fc02c31,marine-environmental-data-information-network
CEFAS932b5dd8-9842-45f9-a879-973563c5e16a,https://ckan.publishing.service.gov.uk/dataset/366aa720-7182-4bda-a5cf-7004ea168dbb,marine-environmental-data-information-network
CEFAS934592f4-9952-454c-a7df-f34474b19236,https://ckan.publishing.service.gov.uk/dataset/b478081e-1ae1-404f-9db4-f8e98ab2f278,marine-environmental-data-information-network
CEFAS934dc8c4-87c9-4961-bff3-0c346c4a8743,https://ckan.publishing.service.gov.uk/dataset/32661fa8-c60c-47f7-9f0b-5d8f99f474db,marine-environmental-data-information-network
CEFAS9374261c-7767-4e5c-9293-0986895ec7f6,https://ckan.publishing.service.gov.uk/dataset/1d82507f-d88c-4130-b89c-127d390cccd6,marine-environmental-data-information-network
CEFAS93a20e37-cc85-4644-9284-7608c3bc2034,https://ckan.publishing.service.gov.uk/dataset/d907c551-ba61-4f8b-a3c5-b5e7fe0a07b3,marine-environmental-data-information-network
CEFAS93BB3492-87E9-4825-82DE-69428C64EB79,https://ckan.publishing.service.gov.uk/dataset/bd5adc33-8489-46bb-b9cb-3bee681378da,marine-environmental-data-information-network
CEFAS93c47de0-922d-47ff-b06b-df1bc79f2116,https://ckan.publishing.service.gov.uk/dataset/1d6fc46e-e5f4-450c-95d6-4d3bd392a66d,marine-environmental-data-information-network
CEFAS93d5838b-b4e1-45cb-99eb-e1317a8fb004,https://ckan.publishing.service.gov.uk/dataset/9ce52423-7900-47c4-aa3a-de4f9da36077,marine-environmental-data-information-network
CEFAS93e40413-ce42-4fde-b503-1238107c02b8,https://ckan.publishing.service.gov.uk/dataset/4812dbca-8577-418a-9f07-9bc684a3e448,marine-environmental-data-information-network
CEFAS9421344b-4cae-4ee8-8038-e52e05251252,https://ckan.publishing.service.gov.uk/dataset/808a9403-99b2-4e05-8c99-7194e975a9d0,marine-environmental-data-information-network
CEFAS944ad8fa-ac5e-4d55-9132-819b13699e32,https://ckan.publishing.service.gov.uk/dataset/96625112-c9ef-4110-8a01-bd5f5b44ecf8,marine-environmental-data-information-network
CEFAS9476a51b-5ada-45a3-821a-0586b0f1b32d,https://ckan.publishing.service.gov.uk/dataset/c0b46b98-ea6f-4f0d-92bb-a32f33630976,marine-environmental-data-information-network
CEFAS949675ac-b548-4776-99c0-b6650a6454a4,https://ckan.publishing.service.gov.uk/dataset/179b9ccf-67a6-4599-95e4-34d5c10dd109,marine-environmental-data-information-network
CEFAS94a71419-e105-4d27-b72e-5a969d408e6f,https://ckan.publishing.service.gov.uk/dataset/5a5855cf-35f8-4067-93d7-e399f120d499,marine-environmental-data-information-network
CEFAS94c3efed-9964-4050-b232-8ed4f5f71ff7,https://ckan.publishing.service.gov.uk/dataset/33f36074-97de-4d1e-8e9c-5ad967054637,marine-environmental-data-information-network
CEFAS94d94070-3cb7-4c7f-bd8e-6fd0e4ade02d,https://ckan.publishing.service.gov.uk/dataset/097ec901-ebba-4d5d-b340-d4fff8386344,marine-environmental-data-information-network
CEFAS94ed94c1-c1b8-40e8-93a6-fab749173314,https://ckan.publishing.service.gov.uk/dataset/408b3bb9-235c-4992-a441-a0e0f5b03d9e,marine-environmental-data-information-network
CEFAS94f92423-5f45-4600-9df4-2947124b26ee,https://ckan.publishing.service.gov.uk/dataset/c7e7bcdc-1c61-41ec-89a7-15b995e4f0f2,marine-environmental-data-information-network
CEFAS951466fa-e165-457c-8abe-b740aefa105b,https://ckan.publishing.service.gov.uk/dataset/19b506c6-dce7-4a6b-b252-5a6649255e82,marine-environmental-data-information-network
CEFAS9524d651-f75d-4a95-b789-4c44850622a8,https://ckan.publishing.service.gov.uk/dataset/8dc473b2-1cec-4b3e-a5a5-a243f5d7d249,marine-environmental-data-information-network
CEFAS9560129C-403D-4CB9-ADB2-04FA698AFB80,https://ckan.publishing.service.gov.uk/dataset/da8f8159-a546-461e-9d40-17c764ac90ee,marine-environmental-data-information-network
CEFAS9561b9ea-9c50-4a29-868e-ef7bf168266d,https://ckan.publishing.service.gov.uk/dataset/c39b120b-7101-4ac2-82cf-005109123673,marine-environmental-data-information-network
CEFAS959959bb-ef46-4562-adf4-33d8ba027434,https://ckan.publishing.service.gov.uk/dataset/6f302264-9046-415c-a018-a5fc64f036b8,marine-environmental-data-information-network
CEFAS95b7dea6-0375-4a84-892d-9d6391a92127,https://ckan.publishing.service.gov.uk/dataset/7de7a766-c615-4568-b8d2-b83cbdd73266,marine-environmental-data-information-network
CEFAS95e3e817-f0c8-480e-8ca3-b8693b00ebc8,https://ckan.publishing.service.gov.uk/dataset/8d5c9177-686b-4e8a-bea5-9afd517d32ea,marine-environmental-data-information-network
CEFAS961d3b52-6f40-4ee5-96fe-416809734401,https://ckan.publishing.service.gov.uk/dataset/9ee611ae-7e39-405a-a912-a1d1766f50f6,marine-environmental-data-information-network
CEFAS964f8756-eaa4-43b7-8ac6-4f81623e84fc,https://ckan.publishing.service.gov.uk/dataset/1d68a9d1-6ff7-4501-8fac-9cc6b8b68095,marine-environmental-data-information-network
CEFAS9660dd3a-3d5e-45da-ad80-4db3e638dc95,https://ckan.publishing.service.gov.uk/dataset/a104c620-5c71-4594-8d01-abe48a79af84,marine-environmental-data-information-network
CEFAS9690c5d5-dd4d-4f81-94ce-207cc6b58466,https://ckan.publishing.service.gov.uk/dataset/62ac75d1-fc3d-49f8-b8ff-1e8dd0fdec02,marine-environmental-data-information-network
CEFAS969e1824-ccb8-4ae2-ae4c-32a1d3d4a8a9,https://ckan.publishing.service.gov.uk/dataset/0841a271-a9bf-466d-9b7b-f2a20bc15864,marine-environmental-data-information-network
CEFAS96a34b36-6c01-46f2-9385-2cfe2b0baca6,https://ckan.publishing.service.gov.uk/dataset/e1bbf2cd-e100-402a-b483-0f60a9cd24a4,marine-environmental-data-information-network
CEFAS96a5ec0b-2964-48ce-af9a-08b16e8db159,https://ckan.publishing.service.gov.uk/dataset/c3dec721-6437-4340-bf84-dfe7fae70d73,marine-environmental-data-information-network
CEFAS96dde6ca-7c65-430e-aac4-f90af0a3fb2c,https://ckan.publishing.service.gov.uk/dataset/21a8eca7-75f8-4925-ae98-a96b3f1649ea,marine-environmental-data-information-network
CEFAS970bee10-06b9-4a71-a478-3b9a706a46d6,https://ckan.publishing.service.gov.uk/dataset/022e64b6-16aa-495e-8283-1eda901b40fe,marine-environmental-data-information-network
CEFAS9744bee5-b3ea-40f2-8ece-28c56a5df286,https://ckan.publishing.service.gov.uk/dataset/6117c08c-ba8b-4314-9105-febbf16838d1,marine-environmental-data-information-network
CEFAS974575b6-6069-478c-a286-5dfeb2f4e15a,https://ckan.publishing.service.gov.uk/dataset/b240ef65-984c-44d5-a3fc-fc2358584b1f,marine-environmental-data-information-network
CEFAS9757fc49-9a68-47a4-affb-c8f65756f1ed,https://ckan.publishing.service.gov.uk/dataset/52999f9f-71bc-4e8e-930e-013f96fffa9e,marine-environmental-data-information-network
CEFAS97608de7-e4c9-4053-9008-7d5198b40f5c,https://ckan.publishing.service.gov.uk/dataset/a45adf94-bf28-4d22-9ce1-335acf7470be,marine-environmental-data-information-network
CEFAS9767efd2-d04a-475e-9205-2f8dfc78d822,https://ckan.publishing.service.gov.uk/dataset/4b00dd9c-d6fb-4079-8e77-c9837b7eaa9f,marine-environmental-data-information-network
CEFAS97853412-ac42-437d-9de0-33f877bdd2c2,https://ckan.publishing.service.gov.uk/dataset/40a44ff1-895a-4285-9188-28dd23dd5bdf,marine-environmental-data-information-network
CEFAS979c9414-ec63-477d-a1b1-67f650a4bebc,https://ckan.publishing.service.gov.uk/dataset/90e2b637-537c-45c4-8fff-7ac4d78b82d6,marine-environmental-data-information-network
CEFAS97A75B70-21AC-40E1-8F99-168C33DC5D52,https://ckan.publishing.service.gov.uk/dataset/e4005b9b-cd9f-4d8b-86dc-6bc55c2ec511,marine-environmental-data-information-network
CEFAS97adb404-9171-4a8d-82b5-cb2b1254e0fc,https://ckan.publishing.service.gov.uk/dataset/b3e2e661-5c5b-4aa4-93aa-f56b75df6401,marine-environmental-data-information-network
CEFAS97B666FB-FBD5-495C-A6E3-E6FA8EF6B2F8,https://ckan.publishing.service.gov.uk/dataset/8010862e-030a-46fe-adf2-725c1b1aab2e,marine-environmental-data-information-network
CEFAS97c81a85-6e7e-42e0-9272-db178cf75040,https://ckan.publishing.service.gov.uk/dataset/2e9f2731-8063-428a-bbb6-5a233c811422,marine-environmental-data-information-network
CEFAS97e500a4-6816-49c9-8ad6-450b08e06bc8,https://ckan.publishing.service.gov.uk/dataset/eb335d69-9ec0-4361-b94d-5150c0a51dfd,marine-environmental-data-information-network
CEFAS9824b73b-6d8d-4b48-9a70-a27e64617710,https://ckan.publishing.service.gov.uk/dataset/77567ef1-ace9-43a5-b675-42d8037779d3,marine-environmental-data-information-network
CEFAS982ec606-b8d3-4d27-8461-96f796430e52,https://ckan.publishing.service.gov.uk/dataset/4d76e50a-562c-494f-a7d7-c24204f8e4ed,marine-environmental-data-information-network
CEFAS983dd297-c22f-4cea-997b-a48794885ffb,https://ckan.publishing.service.gov.uk/dataset/f469ee08-762f-42f9-85ab-b7afeaab1f7f,marine-environmental-data-information-network
CEFAS9844abcb-9a99-41e0-a1b8-20dfb25eb799,https://ckan.publishing.service.gov.uk/dataset/cd23b463-d912-45f5-88bc-eb5957535ea2,marine-environmental-data-information-network
CEFAS984c2691-a725-459a-8c88-18134c1e7b7a,https://ckan.publishing.service.gov.uk/dataset/28671773-1a00-4bdc-b025-76d5d441f517,marine-environmental-data-information-network
CEFAS98604d58-d34f-4ff5-b97d-8a0bef5e3e38,https://ckan.publishing.service.gov.uk/dataset/accef305-676d-440b-b022-32688db255c7,marine-environmental-data-information-network
CEFAS9879DD43-767A-402C-8C69-585D6A9EE60D,https://ckan.publishing.service.gov.uk/dataset/7a57cda4-69cb-4368-a48e-777614f69840,marine-environmental-data-information-network
CEFAS9881fc23-51d3-4c9b-abda-235a8e25b3a4,https://ckan.publishing.service.gov.uk/dataset/da179f5a-c8ae-421e-97bb-ca219c2da7e3,marine-environmental-data-information-network
CEFAS98a73010-3e00-40fa-8f5d-c759e04eb650,https://ckan.publishing.service.gov.uk/dataset/d0ca4031-c551-4a78-99e4-349f6b5ad1db,marine-environmental-data-information-network
CEFAS98abfc0e-3b57-48a8-82ff-8cee5f687f2f,https://ckan.publishing.service.gov.uk/dataset/32fa70d5-c85a-4b60-9c26-34ddbc968b57,marine-environmental-data-information-network
CEFAS98d545ce-8436-4a08-b952-1189b477de17,https://ckan.publishing.service.gov.uk/dataset/4657bec1-7fd4-4076-b227-46b88e3fe787,marine-environmental-data-information-network
CEFAS98ec66df-3ad7-4f3a-b772-0f7d91a17432,https://ckan.publishing.service.gov.uk/dataset/0e50da52-c0b0-4836-9f9d-e8099e0169d1,marine-environmental-data-information-network
CEFAS9909285a-29bc-44dd-b663-25e9834628cf,https://ckan.publishing.service.gov.uk/dataset/c459697b-6dee-4c66-b510-ac8f46d43bf2,marine-environmental-data-information-network
CEFAS9931ace6-76fb-49ae-a12e-e9e29048841a,https://ckan.publishing.service.gov.uk/dataset/ba96aef1-85ef-4e0c-beb5-6ca96bd4d997,marine-environmental-data-information-network
CEFAS993e5863-9dad-4cdd-b3c0-0a3364fe48c1,https://ckan.publishing.service.gov.uk/dataset/cff3990f-6111-420c-ab3b-1a0dc6a76e11,marine-environmental-data-information-network
CEFAS996cc1a4-7022-409b-a102-99dda792e2f0,https://ckan.publishing.service.gov.uk/dataset/b751ef7c-5c3d-46c9-bc11-138751ad97c3,marine-environmental-data-information-network
CEFAS997b0b80-23b1-4cc6-92d6-5e4a81128438,https://ckan.publishing.service.gov.uk/dataset/0f710d9f-a803-409b-b4b9-c4549111d243,marine-environmental-data-information-network
CEFAS99a80fac-519c-43bf-8dd1-d314ae663ffb,https://ckan.publishing.service.gov.uk/dataset/fb5c9d4e-9936-4870-95a8-722e390edbca,marine-environmental-data-information-network
CEFAS99d0084b-98a5-411e-a8d4-edafb4d64e67,https://ckan.publishing.service.gov.uk/dataset/dae2cf33-4db8-492f-8447-cf6317b61321,marine-environmental-data-information-network
CEFAS9a28a921-d4ea-471d-9fb4-eee8410bb478,https://ckan.publishing.service.gov.uk/dataset/ae3d87cf-72fe-4f37-a4de-815179d39d83,marine-environmental-data-information-network
CEFAS9a3622d1-b1e6-4c04-bdd0-86586e2fc249,https://ckan.publishing.service.gov.uk/dataset/3478bdf4-bb83-4707-866e-d2c2efbc5d9d,marine-environmental-data-information-network
CEFAS9a626c63-5971-4f68-82ba-4f77b0eb47fc,https://ckan.publishing.service.gov.uk/dataset/fd1e069d-b231-479a-85f9-a311287a738f,marine-environmental-data-information-network
CEFAS9a7b1b6c-c2fb-4387-8b9b-8da574469840,https://ckan.publishing.service.gov.uk/dataset/43c3c41b-3817-451a-a368-b694fe56b612,marine-environmental-data-information-network
CEFAS9adb3ed7-5f5c-4804-9b7e-c6ba27c97f29,https://ckan.publishing.service.gov.uk/dataset/4f232449-26c4-46a6-8644-415624cfa52a,marine-environmental-data-information-network
CEFAS9b2b3acc-38c4-40fe-a22c-2473a698c625,https://ckan.publishing.service.gov.uk/dataset/3af9a099-6d16-4e5b-a1a8-e52c8256afc4,marine-environmental-data-information-network
CEFAS9b4263f0-f1d9-402b-9d69-39f80a15d2e4,https://ckan.publishing.service.gov.uk/dataset/17f1c5d2-dd4b-4a34-88b0-dbbf559697f5,marine-environmental-data-information-network
CEFAS9b4c9aff-110f-430d-88bc-cb5bc4a75ef1,https://ckan.publishing.service.gov.uk/dataset/98f657c0-53f5-40a6-a7f1-ad98816a8adf,marine-environmental-data-information-network
CEFAS9b598ee7-1ca2-4e73-8717-6601c16ffe66,https://ckan.publishing.service.gov.uk/dataset/00e9dd8f-98f1-40f1-9e33-a4af4c1f01d8,marine-environmental-data-information-network
CEFAS9b5cf4e2-16d9-4b9e-bd43-39641af2f511,https://ckan.publishing.service.gov.uk/dataset/3bf59a27-81f9-446b-9082-19bd5041baa5,marine-environmental-data-information-network
CEFAS9b6ade81-41df-445c-aec8-3ade53fe6b83,https://ckan.publishing.service.gov.uk/dataset/003c9814-25cb-40c0-b5e0-47a1af3af426,marine-environmental-data-information-network
CEFAS9ba41315-7356-4d25-baff-1c4b3d8da0a4,https://ckan.publishing.service.gov.uk/dataset/9e2aa9f5-3d7a-4f98-b32f-ceeab644d119,marine-environmental-data-information-network
CEFAS9be0ad72-9eb8-4340-97da-ce09e85a4731,https://ckan.publishing.service.gov.uk/dataset/2e23ee26-4aa3-4e26-9f8b-11f08296c7d2,marine-environmental-data-information-network
CEFAS9c0164aa-9b5a-4da6-bbc7-53404b3d09bc,https://ckan.publishing.service.gov.uk/dataset/25d0255c-2ee5-4aa5-8342-20d0e949529f,marine-environmental-data-information-network
CEFAS9c1592b2-d954-4462-8883-447a6bb822c5,https://ckan.publishing.service.gov.uk/dataset/9ce033c0-acfe-4d06-bd3d-344977276f7f,marine-environmental-data-information-network
CEFAS9c4855d8-cabc-4c21-acb8-e8540a03e397,https://ckan.publishing.service.gov.uk/dataset/d190ee55-54d7-4294-81a1-2e1708816ffa,marine-environmental-data-information-network
CEFAS9c72a6cd-faf9-4ac9-8929-12ee606bea15,https://ckan.publishing.service.gov.uk/dataset/1e9fd7ad-a4b9-492b-9a6b-336b1cbd69f2,marine-environmental-data-information-network
CEFAS9ca26f25-8a70-441a-9e0d-8d7141b2d5b9,https://ckan.publishing.service.gov.uk/dataset/55964ae0-9734-4a07-9aaa-8ad47510d812,marine-environmental-data-information-network
CEFAS9cae6063-713e-4b8e-8490-ad23888556a0,https://ckan.publishing.service.gov.uk/dataset/146e7825-0fcf-45eb-9ca8-5104c0c3f219,marine-environmental-data-information-network
CEFAS9caede34-69e1-4f2c-9c95-7dbbb2255a17,https://ckan.publishing.service.gov.uk/dataset/1bc9d444-9406-40e6-90f8-9a9d42c94f0c,marine-environmental-data-information-network
CEFAS9cd423fd-9c30-443f-aed1-ca350493b8ce,https://ckan.publishing.service.gov.uk/dataset/393f8266-8c24-4287-a078-53ac49202abc,marine-environmental-data-information-network
CEFAS9cf26ce6-0359-452a-9860-395e6562c32b,https://ckan.publishing.service.gov.uk/dataset/94747718-9c06-48ad-87e3-5737da5f1abb,marine-environmental-data-information-network
CEFAS9cf664d3-4df8-4c46-84fe-2f53c0fe9dad,https://ckan.publishing.service.gov.uk/dataset/1b56826c-cec9-42e2-9c03-62b7931be978,marine-environmental-data-information-network
CEFAS9cfa507e-1581-450c-b122-8692f9eca30c,https://ckan.publishing.service.gov.uk/dataset/6dc14a37-9719-4d25-95f2-d87dc96aa2dd,marine-environmental-data-information-network
CEFAS9cfccb68-222c-4de1-98db-7a409c97732e,https://ckan.publishing.service.gov.uk/dataset/3879b5b1-4988-4978-a9b7-6d1ab56c005c,marine-environmental-data-information-network
CEFAS9cff2a2f-a70a-4b73-a12b-7bc0d62859e4,https://ckan.publishing.service.gov.uk/dataset/8ca4e30c-3562-47eb-9371-5564326e06d9,marine-environmental-data-information-network
CEFAS9d02050d-4ea6-47ca-809a-1c444237aa42,https://ckan.publishing.service.gov.uk/dataset/8f65af7f-453f-4200-b568-2356eb467820,marine-environmental-data-information-network
CEFAS9d24aeba-62da-45af-9a90-4f7d8d2fd1a3,https://ckan.publishing.service.gov.uk/dataset/cb519707-2801-4abf-b750-b33664f6804a,marine-environmental-data-information-network
CEFAS9d473071-20b1-4fab-a0f9-b03b49fb47f8,https://ckan.publishing.service.gov.uk/dataset/651964b9-8b99-4a69-86f7-acdebc2659da,marine-environmental-data-information-network
CEFAS9d5852de-2498-4726-840e-cacb63161b07,https://ckan.publishing.service.gov.uk/dataset/e17d1de6-cd0f-4182-8bae-591ff78b12cc,marine-environmental-data-information-network
CEFAS9d77ce7b-0378-4b0e-9caa-e05c018f9316,https://ckan.publishing.service.gov.uk/dataset/7a13633c-8ffb-4799-ab56-a4ad9cb84820,marine-environmental-data-information-network
CEFAS9d8558bc-dc64-408b-bf81-d9a110b7b1da,https://ckan.publishing.service.gov.uk/dataset/0c1b5854-f68e-4312-a9aa-f075c1248353,marine-environmental-data-information-network
CEFAS9d9cc0d1-22ac-41fe-8d6f-d348a7cca684,https://ckan.publishing.service.gov.uk/dataset/6dcb3565-e644-4905-a02c-42c9ed30d19e,marine-environmental-data-information-network
CEFAS9dafc8ad-b613-4228-845c-46b61d1fde8a,https://ckan.publishing.service.gov.uk/dataset/535c6e9f-87b2-476e-8a2a-a548aa422200,marine-environmental-data-information-network
CEFAS9dc68220-2540-4c7d-9d0a-9f4228100473,https://ckan.publishing.service.gov.uk/dataset/c47b4718-b4ce-4d56-9a83-03a8d3616f1e,marine-environmental-data-information-network
CEFAS9dc9f5ad-b183-46a0-b52f-7ed1adba934b,https://ckan.publishing.service.gov.uk/dataset/867bfee8-13d9-44db-ad39-39218318f42f,marine-environmental-data-information-network
CEFAS9dd0f4fc-72f3-4bdc-86d4-b4c4aa3b51c9,https://ckan.publishing.service.gov.uk/dataset/0b0bbbb5-ee86-4297-aaaf-3d244b488422,marine-environmental-data-information-network
CEFAS9dd9078d-89d1-4de4-8ed8-ecd34e1d51dc,https://ckan.publishing.service.gov.uk/dataset/5795fe87-dfb9-422f-886f-3b1d3583a2f2,marine-environmental-data-information-network
CEFAS9ddfb55b-14ee-4219-8149-509d95f814a7,https://ckan.publishing.service.gov.uk/dataset/8d776efc-15dc-47bc-a68f-d22e00993ca6,marine-environmental-data-information-network
CEFAS9e09bd24-bb16-45e7-8c8b-8695a825bc4b,https://ckan.publishing.service.gov.uk/dataset/ba9d3f85-1702-48e1-ab40-2798b7b815d0,marine-environmental-data-information-network
CEFAS9e2ebd35-31fe-4374-b23a-15f32da1e90f,https://ckan.publishing.service.gov.uk/dataset/20fb77d7-85ba-42d1-bf8d-bb7e9b2cc007,marine-environmental-data-information-network
CEFAS9e368cdd-6956-4fe0-8051-39a44f20f568,https://ckan.publishing.service.gov.uk/dataset/984dbc03-5487-4bef-b2f0-b51a26d26312,marine-environmental-data-information-network
CEFAS9e3efd4f-0b37-4011-9c27-533c52619138,https://ckan.publishing.service.gov.uk/dataset/4520868a-a573-4f2c-a92c-2c5211de2bd2,marine-environmental-data-information-network
CEFAS9e8460e8-e2b6-4d70-9023-1b9a3c23669f,https://ckan.publishing.service.gov.uk/dataset/6fb1cae3-1160-47b8-a4ec-dbe9e8b0f1fa,marine-environmental-data-information-network
CEFAS9e8df82d-40b6-4931-9a77-3c72d3af82d8,https://ckan.publishing.service.gov.uk/dataset/705f2285-1693-4ab4-87df-f0649af63599,marine-environmental-data-information-network
CEFAS9eaf7623-1247-4509-b102-3d99738311b6,https://ckan.publishing.service.gov.uk/dataset/14a550e9-7a15-40c2-b8b4-55721ed8d419,marine-environmental-data-information-network
CEFAS9ebb6dea-ec2d-44a8-96a6-28f490607864,https://ckan.publishing.service.gov.uk/dataset/4a71a44f-9b99-4324-b676-13335e897c2b,marine-environmental-data-information-network
CEFAS9ebd811e-d58e-4912-af9c-2c9f225c8999,https://ckan.publishing.service.gov.uk/dataset/55bf2c1c-ab7a-4da0-836a-8df3018ebf8d,marine-environmental-data-information-network
CEFAS9eda0576-f011-47e5-b56c-513000ea3197,https://ckan.publishing.service.gov.uk/dataset/ac1420b6-b1c3-4db8-bbef-8e9da8a5a097,marine-environmental-data-information-network
CEFAS9F188973-D28A-4C15-B13E-9834A9EB5B7F,https://ckan.publishing.service.gov.uk/dataset/9cb440d2-a955-48c0-801b-2ba0bf60c7cf,marine-environmental-data-information-network
CEFAS9f4c42a3-b6d4-4143-bc45-05d90a1837d6,https://ckan.publishing.service.gov.uk/dataset/b186c59d-1d26-41bb-812f-fde4782fe2a0,marine-environmental-data-information-network
CEFAS9f6ebd7d-8217-48bb-b6dc-25f61f986e24,https://ckan.publishing.service.gov.uk/dataset/c2b39004-6f09-4288-8565-59593b3e3d99,marine-environmental-data-information-network
CEFAS9f77b40d-41fe-4482-b479-61c50535ddd5,https://ckan.publishing.service.gov.uk/dataset/6aefd2bb-0abc-40bb-9625-00eaf2c65fa2,marine-environmental-data-information-network
CEFAS9f8aca4e-34ff-4883-b5aa-334dafb9dd7a,https://ckan.publishing.service.gov.uk/dataset/28d2d8eb-fa2a-4c33-94e0-c8a0c6ed1cd7,marine-environmental-data-information-network
CEFAS9f9eabed-b250-46bb-b4c2-b007974451b8,https://ckan.publishing.service.gov.uk/dataset/ddd70138-4e28-491e-b131-067444bbdf8f,marine-environmental-data-information-network
CEFAS9fa6cfaa-1bfa-4d9c-ab1e-a70f89142227,https://ckan.publishing.service.gov.uk/dataset/12e1381b-8ffe-4ba4-9b96-f737d5f154d3,marine-environmental-data-information-network
CEFAS9fbfca53-d56b-4d91-8da7-a2914e9f591a,https://ckan.publishing.service.gov.uk/dataset/4036f629-818d-4dd5-9654-4693952e687f,marine-environmental-data-information-network
CEFAS9fe78d51-ac86-4161-98b0-7c0020cc39fa,https://ckan.publishing.service.gov.uk/dataset/609b1e90-b7e1-4d52-a6a5-cfd52e1f3b8e,marine-environmental-data-information-network
CEFAS9ff912ca-e2e8-4294-9178-a5707aceca66,https://ckan.publishing.service.gov.uk/dataset/ddb32321-5498-400b-a020-6928446fdb5e,marine-environmental-data-information-network
CEFASa01d8a81-31d8-4032-b6e2-16ea0436f28e,https://ckan.publishing.service.gov.uk/dataset/a801ed85-8ac2-4574-b182-b9dc27c6b60a,marine-environmental-data-information-network
CEFASa023b845-a78e-480d-be7a-9d441b38e69a,https://ckan.publishing.service.gov.uk/dataset/930d0861-5f67-4bd2-9f8e-1c3dab391c5b,marine-environmental-data-information-network
CEFASa06268a0-ff83-45c9-86be-dd4cad794965,https://ckan.publishing.service.gov.uk/dataset/0eaa62af-a2dc-412c-93a3-6fc22402347a,marine-environmental-data-information-network
CEFASa06a67c7-3077-4308-aff5-c813d7783687,https://ckan.publishing.service.gov.uk/dataset/c815b4a7-c334-465a-90d0-f8515cb34f95,marine-environmental-data-information-network
CEFASa0b6d48d-7b9f-4696-abf2-2d6d5f36016f,https://ckan.publishing.service.gov.uk/dataset/993b7f58-337c-42b7-9acf-05839c7338c5,marine-environmental-data-information-network
CEFASa0d0227b-495c-4f78-ba5c-62a35c1847d3,https://ckan.publishing.service.gov.uk/dataset/89648a2d-f3b6-4667-9759-07daa5ea5595,marine-environmental-data-information-network
CEFASa11fcdbb-09c9-48ce-a680-70f503bd5231,https://ckan.publishing.service.gov.uk/dataset/329c0840-7112-4fa2-b83d-bf4f798b3b27,marine-environmental-data-information-network
CEFASa1281f37-b26d-41db-b4ef-fca92f344332,https://ckan.publishing.service.gov.uk/dataset/f5898a83-3831-4d48-9c5d-dd437390984a,marine-environmental-data-information-network
CEFASa13d2b07-99da-4146-afe0-8ba82b5ee661,https://ckan.publishing.service.gov.uk/dataset/7fc3dd41-82c2-45d8-a02a-fc6fcb560af9,marine-environmental-data-information-network
CEFASa162fab7-de69-4127-b083-83db63c1b05b,https://ckan.publishing.service.gov.uk/dataset/689f1ffc-ca02-4738-a79c-f170dc3c85c6,marine-environmental-data-information-network
CEFASa173981b-d8f1-44be-b141-816bc070face,https://ckan.publishing.service.gov.uk/dataset/37ef1165-806f-4afa-952a-ca590189e9f3,marine-environmental-data-information-network
CEFASa1c322bb-aca5-4128-bc57-ebab6044b31a,https://ckan.publishing.service.gov.uk/dataset/f1e4267e-5489-45cc-a1f9-178475144940,marine-environmental-data-information-network
CEFASa1cd5edc-7cce-48a3-bde6-87a777a64025,https://ckan.publishing.service.gov.uk/dataset/d87772f6-10cb-419f-acb8-4e10bc4f3914,marine-environmental-data-information-network
CEFASa1d27d67-09a1-46e4-975a-b480859594ae,https://ckan.publishing.service.gov.uk/dataset/1a22ef6d-d9b4-403a-89c8-a2f45d628d28,marine-environmental-data-information-network
CEFASA1F1D172-52EA-4628-A3B9-D457F5CC6097,https://ckan.publishing.service.gov.uk/dataset/0c4abb1c-6821-4117-b1c9-06b434976837,marine-environmental-data-information-network
CEFASA1F40BD2-61E4-461A-9BC8-3C69CD1446AF,https://ckan.publishing.service.gov.uk/dataset/fd7200e5-3eed-4ff7-acf8-46757c4e61c2,marine-environmental-data-information-network
CEFASa20a3e8e-036f-4212-9c7a-617a4d18689a,https://ckan.publishing.service.gov.uk/dataset/33f0ac24-dfdd-4944-8389-5edf0fabe0c8,marine-environmental-data-information-network
CEFASa22c9a6d-8304-4495-9672-02d6c6108746,https://ckan.publishing.service.gov.uk/dataset/fe3899fc-19f2-41e8-bd9a-773c5a0a6781,marine-environmental-data-information-network
CEFASa24b7ea7-78db-40e8-9208-273bff40a253,https://ckan.publishing.service.gov.uk/dataset/e4e77c89-cf7b-4db8-9426-433a5b4a3936,marine-environmental-data-information-network
CEFASa264aa26-86a1-48e7-b8a2-726c49588923,https://ckan.publishing.service.gov.uk/dataset/a863d903-354d-4b61-8bcc-4c254c3e1793,marine-environmental-data-information-network
CEFASa26d8b71-2bdd-46f9-bdc2-1077ed97cfa1,https://ckan.publishing.service.gov.uk/dataset/83dc7433-77b4-4669-89e3-e8044282c79d,marine-environmental-data-information-network
CEFASA276D24B-2DA8-4466-9CB8-D639AF274BD5,https://ckan.publishing.service.gov.uk/dataset/0fb770c1-8bc5-48f8-8531-a0d1b4432cd5,marine-environmental-data-information-network
CEFASa28acb65-7870-45d7-9fea-735995555a14,https://ckan.publishing.service.gov.uk/dataset/6017d94c-f28c-4ca9-bd31-23c55aad4411,marine-environmental-data-information-network
CEFASa29c09e1-1212-4d69-a892-864ee3dd14d8,https://ckan.publishing.service.gov.uk/dataset/7aa9a4ba-0fbf-41bf-b5f3-16790f53dbc9,marine-environmental-data-information-network
CEFASa3206d8e-3df9-4265-ab92-4dad31ccacdb,https://ckan.publishing.service.gov.uk/dataset/92e7706f-2fb9-4846-bb38-951820ae456f,marine-environmental-data-information-network
CEFASa34d8fe1-7770-4eb9-afef-02b5edcd93cb,https://ckan.publishing.service.gov.uk/dataset/f3f36a98-134d-4b5d-be3d-68ab4bfde5d6,marine-environmental-data-information-network
CEFASa3c801bd-4e98-4bd6-be7a-00c8a3c27a7f,https://ckan.publishing.service.gov.uk/dataset/421c6e89-7710-4255-bc1c-3adaf3e9a6be,marine-environmental-data-information-network
CEFASa4055838-62f0-4992-aeb0-097c2112b0a0,https://ckan.publishing.service.gov.uk/dataset/a75aaaae-ecaa-46a8-bbc2-581de1bc1026,marine-environmental-data-information-network
CEFASa41d5e25-be11-423a-b196-bb763259939f,https://ckan.publishing.service.gov.uk/dataset/6a3e4fdc-642b-43bd-ada2-105214f9b94e,marine-environmental-data-information-network
CEFASa457883a-dd69-4f6d-901e-3bebd4346469,https://ckan.publishing.service.gov.uk/dataset/09cd202c-bda2-41c6-ae60-3dcf6f59dfc5,marine-environmental-data-information-network
CEFASa461a3fc-4aa2-48c5-aa27-cb20e48b48ce,https://ckan.publishing.service.gov.uk/dataset/b8c5e19a-f80a-4bed-b4e7-e77a17f16f1d,marine-environmental-data-information-network
CEFASa48a34c3-be97-41ec-ab63-afb92d9d1b53,https://ckan.publishing.service.gov.uk/dataset/77ccee70-e485-40f2-a86c-06553b0e6f3b,marine-environmental-data-information-network
CEFASa4906784-6b0e-418e-97b2-b7f93305c8ac,https://ckan.publishing.service.gov.uk/dataset/2edc4ec0-2859-469f-8f97-b78b5581c1b4,marine-environmental-data-information-network
CEFASa4c1c9c0-e681-425b-8d35-946b651d2c01,https://ckan.publishing.service.gov.uk/dataset/56ee0d31-af43-493a-a999-ae6cdec06e0f,marine-environmental-data-information-network
CEFASa4c20ad9-243d-4971-8c08-c86c399878b4,https://ckan.publishing.service.gov.uk/dataset/c445e90d-5f2c-4baa-a0ad-7c83982518f5,marine-environmental-data-information-network
CEFASA4C4E5D1-0A28-48D7-B7F9-46FACA9FF477,https://ckan.publishing.service.gov.uk/dataset/c43e5724-c9d8-45d7-b2bd-93f6ece2ce75,marine-environmental-data-information-network
CEFASa51f3b24-c765-4894-ac65-822fb3055184,https://ckan.publishing.service.gov.uk/dataset/efe45540-ac70-4f6f-b707-24b612c67a9a,marine-environmental-data-information-network
CEFASa52e4cec-7409-4278-b18c-fec29cca7a1d,https://ckan.publishing.service.gov.uk/dataset/49363183-4d8f-4c64-a794-f606dc73913f,marine-environmental-data-information-network
CEFASa584a930-9666-437c-a35d-14e01e327658,https://ckan.publishing.service.gov.uk/dataset/86c2916d-964b-4508-9ac1-672b7af6364b,marine-environmental-data-information-network
CEFASa58baf91-3c3c-4251-8b62-ad0facfc98bc,https://ckan.publishing.service.gov.uk/dataset/b21dd023-4678-4d88-b6c9-f947b6f70f18,marine-environmental-data-information-network
CEFASa592eed9-c8b5-4f6d-a13a-e38dd0cc00c6,https://ckan.publishing.service.gov.uk/dataset/3dd2bc91-e3be-47c3-b351-d8776f3ca105,marine-environmental-data-information-network
CEFASa5b464a5-f1da-4e2f-a30a-3a5031ef6b54,https://ckan.publishing.service.gov.uk/dataset/014870bc-f9c9-43b9-9b99-2aa40bab035d,marine-environmental-data-information-network
CEFASa5e460c2-6e8e-4167-9db7-0e134e26ebf4,https://ckan.publishing.service.gov.uk/dataset/4c6f0815-03d4-4f94-8a52-66cec2c0fbdc,marine-environmental-data-information-network
CEFASa5fa8551-e683-4bed-86eb-28351e14f7a9,https://ckan.publishing.service.gov.uk/dataset/d3dab0b8-c8f3-4575-ae22-7ae35d29ee58,marine-environmental-data-information-network
CEFASa6110997-8afc-4733-b7cb-3246d3f63ac5,https://ckan.publishing.service.gov.uk/dataset/78603686-4f92-454d-91c1-8082dc6d874b,marine-environmental-data-information-network
CEFASa628bb78-1faf-4e18-960e-f280dca372e4,https://ckan.publishing.service.gov.uk/dataset/730d2b6b-1848-4caf-b561-192e45db1ffa,marine-environmental-data-information-network
CEFASa638da0a-36e1-47a3-bdf4-16d60e794fce,https://ckan.publishing.service.gov.uk/dataset/b953c218-573f-496b-8f7e-c07f98ace705,marine-environmental-data-information-network
CEFASa66db34e-d3f3-4ce2-8b78-c7d0084bd519,https://ckan.publishing.service.gov.uk/dataset/a0ceacf1-6815-4ae0-b34f-a14ef2f4b93f,marine-environmental-data-information-network
CEFASa6846576-eb68-42d8-819a-1bd3eb460453,https://ckan.publishing.service.gov.uk/dataset/bcadc841-4fd6-4be9-8d8c-6e7ee0b19a1d,marine-environmental-data-information-network
CEFASA6CB7C28-9958-473C-91E2-2D572D75F51E,https://ckan.publishing.service.gov.uk/dataset/739e919d-bb1a-4c57-a34b-d5d7ba2977b3,marine-environmental-data-information-network
CEFASa6d10e94-2336-445d-92ad-da36c0259b77,https://ckan.publishing.service.gov.uk/dataset/34bed465-af41-4757-894d-68c3bcad0dfc,marine-environmental-data-information-network
CEFASa6efbc3c-cdc9-49ad-9da8-3ac9238395dd,https://ckan.publishing.service.gov.uk/dataset/59e9a551-203d-41f2-946a-c2ec557c2397,marine-environmental-data-information-network
CEFASA6FC6BB5-460F-4056-A557-3720777396DF,https://ckan.publishing.service.gov.uk/dataset/d24a479a-af6c-4b77-a25a-dfbef0be86f1,marine-environmental-data-information-network
CEFASa700ebf3-df34-4e48-899e-3cc7adeff942,https://ckan.publishing.service.gov.uk/dataset/b26a8a8d-5db2-42ac-a0ea-90b1badd1564,marine-environmental-data-information-network
CEFASa7298bfe-ace1-4978-9eb9-c0b601ad25ee,https://ckan.publishing.service.gov.uk/dataset/768189cf-c1a2-4327-8828-02ceef53f26f,marine-environmental-data-information-network
CEFASa73ab448-f004-4508-aa0a-5ac590370bca,https://ckan.publishing.service.gov.uk/dataset/5fdf4214-a6bc-441a-9d5d-081379c24323,marine-environmental-data-information-network
CEFASa762ae3e-ba2f-4084-bb12-c0544346d09e,https://ckan.publishing.service.gov.uk/dataset/d17d561f-5f04-4e24-be80-90ad13bb1f1d,marine-environmental-data-information-network
CEFASa777db16-5a06-4dfd-bd9a-9dd86b7a2096,https://ckan.publishing.service.gov.uk/dataset/5505c723-b4a7-42b9-a864-1a9208bfc595,marine-environmental-data-information-network
CEFASa7a70eb0-f252-4e52-b3f0-db5f814b53bb,https://ckan.publishing.service.gov.uk/dataset/7e0181b3-09e8-4b66-9855-a1c2e8d21807,marine-environmental-data-information-network
CEFASa7c34a56-3b9d-4f70-8724-e7e883be56ee,https://ckan.publishing.service.gov.uk/dataset/0a0313f9-4b36-4820-a8ea-4f6e5c7eb72e,marine-environmental-data-information-network
CEFASa7ca777e-64f1-4b2a-ad35-1473dcb3b1ee,https://ckan.publishing.service.gov.uk/dataset/bb189d5e-8f1b-4708-bf35-6a9354c4a3a2,marine-environmental-data-information-network
CEFASa7f9cc3d-323c-4839-bfcf-c81529926746,https://ckan.publishing.service.gov.uk/dataset/1b4be348-7f34-4491-b949-1a7f50460c64,marine-environmental-data-information-network
CEFASa80276c4-6456-4c28-b4db-1778853a044d,https://ckan.publishing.service.gov.uk/dataset/0f03b044-41d0-42b9-b92f-24d88f268f7d,marine-environmental-data-information-network
CEFASa8199330-1f9e-4fc0-bb43-a1fc6ea947f5,https://ckan.publishing.service.gov.uk/dataset/87286f80-68e9-44ee-8534-628333fe1c3e,marine-environmental-data-information-network
CEFASa8375735-4223-41c3-ad87-f33103b4664d,https://ckan.publishing.service.gov.uk/dataset/60c087ef-5aee-44c2-9b23-bbdd15d24242,marine-environmental-data-information-network
CEFASa848f45a-d205-4c53-b7e6-518dfdf5e39e,https://ckan.publishing.service.gov.uk/dataset/92ce9920-8f96-4a65-a472-8e3310ef1076,marine-environmental-data-information-network
CEFASa8510c87-66bc-4480-9adc-16a5d66c3a4a,https://ckan.publishing.service.gov.uk/dataset/94357cee-244a-4356-aa7b-164a41f506b5,marine-environmental-data-information-network
CEFASA8534DF9-65C6-4632-88F3-AFBE6E47D2B5,https://ckan.publishing.service.gov.uk/dataset/76776e60-fdab-4ec4-94f2-65e8ebec9880,marine-environmental-data-information-network
CEFASa86ed001-88c2-46ea-8651-e3c9b9342896,https://ckan.publishing.service.gov.uk/dataset/c721894e-62bb-44ea-be67-955eefcd76a4,marine-environmental-data-information-network
CEFASa89d66dd-44c5-41ec-b92d-423622496135,https://ckan.publishing.service.gov.uk/dataset/cb5f78e3-5c72-4509-8ed7-1076902979a4,marine-environmental-data-information-network
CEFASA8B6EA4E-F8A6-4E0D-804F-DDFBDC59C104,https://ckan.publishing.service.gov.uk/dataset/69b62294-ec05-4e21-abcf-14bd65e3d342,marine-environmental-data-information-network
CEFASa8ffc50c-e4c7-4f82-9a39-f9dc90452e02,https://ckan.publishing.service.gov.uk/dataset/ca14cf16-3d4c-4629-823a-f9cfee98580f,marine-environmental-data-information-network
CEFASa9258ded-f293-49f6-9c8a-a0683686f8e7,https://ckan.publishing.service.gov.uk/dataset/d2aff7f2-fcc9-4911-a857-0bb0ce5036f9,marine-environmental-data-information-network
CEFASa9334144-5c4c-4700-9721-8e76de6018c3,https://ckan.publishing.service.gov.uk/dataset/285d85dd-ac2c-4644-96a0-6de2c189c2c2,marine-environmental-data-information-network
CEFASa938e91c-c681-41b5-951c-ac73b6478a29,https://ckan.publishing.service.gov.uk/dataset/1ca1e998-3482-47c3-a247-cd9e67a9ffe3,marine-environmental-data-information-network
CEFASa96617a7-06ad-4706-a0ab-cc31f89f9b0a,https://ckan.publishing.service.gov.uk/dataset/25065862-6864-4746-9be9-20ccb47e16ce,marine-environmental-data-information-network
CEFASa981849d-c6b0-440a-8c48-56560f80b6bf,https://ckan.publishing.service.gov.uk/dataset/a1a72f8f-52c4-47f4-8399-031930ab2b98,marine-environmental-data-information-network
CEFASA98D2D3C-5FB0-40AB-8ABF-23DF46B0B389,https://ckan.publishing.service.gov.uk/dataset/7c35e8d7-8ed4-4ba6-88bc-11027068772e,marine-environmental-data-information-network
CEFASa9c41187-0a96-4e33-a0bc-9ec8eba9cb30,https://ckan.publishing.service.gov.uk/dataset/2202641a-b3e1-49de-a327-4588adb03ae2,marine-environmental-data-information-network
CEFASa9db07e2-6f94-4da3-be27-b45f4bd0b819,https://ckan.publishing.service.gov.uk/dataset/d9f9b3dc-0a68-42d8-a80d-c0c4dc500601,marine-environmental-data-information-network
CEFASa9e0781c-759a-480d-b7a2-0ba3424aa85a,https://ckan.publishing.service.gov.uk/dataset/45234854-855e-4db2-af62-1c6ae92f43fd,marine-environmental-data-information-network
CEFASaa56c787-3714-47c3-9253-80da10586242,https://ckan.publishing.service.gov.uk/dataset/c951989d-4d7a-4bca-bca2-1194f2cc660e,marine-environmental-data-information-network
CEFASaa7a22e8-a0b1-4c93-8cd1-24e0a8dc1495,https://ckan.publishing.service.gov.uk/dataset/f13860ee-e700-46c6-b6d3-b2976a2b1a30,marine-environmental-data-information-network
CEFASaa9f23b4-baa3-4e5c-8334-e142cefdea0f,https://ckan.publishing.service.gov.uk/dataset/4a5bc474-fee4-478d-ad9a-e708003f158d,marine-environmental-data-information-network
CEFASaac47680-c7f6-4423-834d-ff164a9d2bf6,https://ckan.publishing.service.gov.uk/dataset/e2fe4f6d-efd1-4e20-a9f1-f96b7605cb81,marine-environmental-data-information-network
CEFASaace99f2-0b3b-484c-86b2-05d4c36c5a48,https://ckan.publishing.service.gov.uk/dataset/70e89f97-d505-461e-a77f-ffd941dd0d26,marine-environmental-data-information-network
CEFASaade5296-88cc-4964-a76d-961af074ba6e,https://ckan.publishing.service.gov.uk/dataset/31b3177d-de20-4f67-b856-8d0ce920165d,marine-environmental-data-information-network
CEFASaafc42aa-3e30-47a6-966f-61cdf54db4dd,https://ckan.publishing.service.gov.uk/dataset/09610466-b6cb-4f22-bbea-c87c8d84052d,marine-environmental-data-information-network
CEFASab06baf2-5ff1-4d68-b71a-82e1321fb5f4,https://ckan.publishing.service.gov.uk/dataset/d1a2178d-bdd8-4cea-a19d-116b3e385ac7,marine-environmental-data-information-network
CEFASab0e7ac7-21f6-497d-a138-ba8e026c689d,https://ckan.publishing.service.gov.uk/dataset/ca8c8efe-55a9-435a-9f15-6774cc635e86,marine-environmental-data-information-network
CEFASab15e68f-72bc-4188-bd3b-3c9d652afff0,https://ckan.publishing.service.gov.uk/dataset/d5aae2b8-8097-4d5c-b866-2afeda8382cd,marine-environmental-data-information-network
CEFASab19376d-a8da-4bc7-95b4-dbe80a7e814c,https://ckan.publishing.service.gov.uk/dataset/5c2d5ccb-627c-4567-ad78-0c35f9f9d03d,marine-environmental-data-information-network
CEFASab406fd0-7f69-4745-a9f8-0f9dfef9c1a4,https://ckan.publishing.service.gov.uk/dataset/e3251789-04cf-45e4-81e9-37c7292dd6b3,marine-environmental-data-information-network
CEFASAB68BC7A-0B22-422B-8AAF-9C0735DEE4CB,https://ckan.publishing.service.gov.uk/dataset/91f90f5e-963e-4cb4-9ae4-a67a7b019846,marine-environmental-data-information-network
CEFASab7689eb-6a77-4401-a9ab-b114e3244ca5,https://ckan.publishing.service.gov.uk/dataset/a7b1ce97-24b3-4537-be6f-cd5a058c6068,marine-environmental-data-information-network
CEFASab8068e5-8e72-49b4-8a8a-edd68a34d2f3,https://ckan.publishing.service.gov.uk/dataset/56149d89-c487-4c3c-a010-e54d84767bbe,marine-environmental-data-information-network
CEFASabaec233-69b5-485e-930c-cc5b419e24f3,https://ckan.publishing.service.gov.uk/dataset/67f7e232-c5b3-4e54-9083-130c0b75e08f,marine-environmental-data-information-network
CEFASabb5f64c-16a6-4b3a-9625-9ead31642ef1,https://ckan.publishing.service.gov.uk/dataset/328e198b-90e1-41b9-870f-c6a5879045b9,marine-environmental-data-information-network
CEFASac216b59-8d78-4c5a-a482-a81b97cd3015,https://ckan.publishing.service.gov.uk/dataset/4e8f283d-26a6-4c67-b6f0-e544f7a59427,marine-environmental-data-information-network
CEFASAC30022B-4080-49C4-B518-4F2B34839F84,https://ckan.publishing.service.gov.uk/dataset/e6547cf1-b996-4838-9998-deea0638a9ad,marine-environmental-data-information-network
CEFASac4766cb-e44d-4182-885f-2310ea084b69,https://ckan.publishing.service.gov.uk/dataset/f6d6ec2c-4e9e-46c7-943f-328ce7833c37,marine-environmental-data-information-network
CEFASac6d15f3-4e87-45cf-84ee-e9fedebaacde,https://ckan.publishing.service.gov.uk/dataset/3481a13d-3115-46b3-af92-a730086b1331,marine-environmental-data-information-network
CEFASac724588-0756-41b3-bc4a-21dca538db35,https://ckan.publishing.service.gov.uk/dataset/77897783-e616-4770-8c24-b58fb81b3875,marine-environmental-data-information-network
CEFASac7ba728-2ade-49f1-860a-9cf997c41bd5,https://ckan.publishing.service.gov.uk/dataset/913c89b4-93b7-4691-99a5-2c7f2d843ea4,marine-environmental-data-information-network
CEFASac7dcd1f-8a9d-4b8e-a5a8-9c03bbfbfd41,https://ckan.publishing.service.gov.uk/dataset/af9d5f34-3095-4925-9223-755d054fbbc0,marine-environmental-data-information-network
CEFASac930b40-121a-4032-beb3-8482b8356a97,https://ckan.publishing.service.gov.uk/dataset/6ed10771-a7cd-4175-917f-67c2b0200ef4,marine-environmental-data-information-network
CEFASaca0bd4e-3c30-49e1-87fa-0f5ee3e4ed8e,https://ckan.publishing.service.gov.uk/dataset/38632d1c-ae05-411b-993a-80110713dc31,marine-environmental-data-information-network
CEFASacb557ed-cce6-4a13-aeec-c5c10dd6545f,https://ckan.publishing.service.gov.uk/dataset/1b50ee43-fae1-4175-b9c6-768437111ab6,marine-environmental-data-information-network
CEFASacbfeb99-5bef-4401-840a-5d72dd561a84,https://ckan.publishing.service.gov.uk/dataset/f296d060-ab13-40fe-b526-d19fb300fa12,marine-environmental-data-information-network
CEFASace82bca-bbaf-42b5-abed-dc6500aea856,https://ckan.publishing.service.gov.uk/dataset/ce0e4c6e-dc18-445d-997b-60c76a5fea53,marine-environmental-data-information-network
CEFASad060ff7-5192-4a87-961e-a2e7a68eae5a,https://ckan.publishing.service.gov.uk/dataset/d3e3e995-7bba-4f08-9c8b-0a7c3b412310,marine-environmental-data-information-network
CEFASad0a3774-b9f5-4723-a27e-f7af8a77eb10,https://ckan.publishing.service.gov.uk/dataset/e7c58574-ddf2-4b23-9e4c-84a108a503b6,marine-environmental-data-information-network
CEFASad1f1054-a4e6-4515-88d7-475048b8d3c6,https://ckan.publishing.service.gov.uk/dataset/a23f8fd8-348e-4878-9208-a52f711f16d0,marine-environmental-data-information-network
CEFASad8a80bf-6acb-4980-8b6e-29a0624943d5,https://ckan.publishing.service.gov.uk/dataset/cec5d9fc-9dd5-49c8-b9e0-60764d296a43,marine-environmental-data-information-network
CEFASad9d2021-7281-44e5-80db-369ac15f2c61,https://ckan.publishing.service.gov.uk/dataset/aef6183e-ad46-4fa1-87a8-f662f6ad31cd,marine-environmental-data-information-network
CEFASada68af3-ffa8-479d-87fb-a628fbbc4525,https://ckan.publishing.service.gov.uk/dataset/603d1f70-c51e-45a9-ae3f-67e3d6ec3cff,marine-environmental-data-information-network
CEFASADCC6D4E-B40B-43D9-A3D4-7EF9DAEDE272,https://ckan.publishing.service.gov.uk/dataset/76c7b7ec-c5f6-4f71-b40a-eeb905cd5b36,marine-environmental-data-information-network
CEFASadf43e11-9b68-4fdb-8a23-a46301159150,https://ckan.publishing.service.gov.uk/dataset/72218639-e65e-4784-b483-f7adc352a090,marine-environmental-data-information-network
CEFASae098c03-c8a0-4d5a-b634-a166971469eb,https://ckan.publishing.service.gov.uk/dataset/8265be6e-cc15-45f7-9702-34079cf49406,marine-environmental-data-information-network
CEFASae10e759-54fa-42a6-896c-e6cfd6fc24fe,https://ckan.publishing.service.gov.uk/dataset/485f7737-84f6-4787-b7f9-49c00833f046,marine-environmental-data-information-network
CEFASae4904aa-8bcd-4e70-8c77-f8d3d536d4a9,https://ckan.publishing.service.gov.uk/dataset/c0989562-cf8b-482c-91a0-c958c39a551d,marine-environmental-data-information-network
CEFASAE619B71-3950-4A6A-BD13-E56EC73626EF,https://ckan.publishing.service.gov.uk/dataset/3c39ad7e-54a2-429a-b5ce-5808c472f445,marine-environmental-data-information-network
CEFASae72144a-134d-4261-b831-c8c36f93b4a7,https://ckan.publishing.service.gov.uk/dataset/5e28eeb2-b2ef-469c-abc6-99bfd5e27de6,marine-environmental-data-information-network
CEFASae9d7254-ce91-4db8-86e3-3f5778995a35,https://ckan.publishing.service.gov.uk/dataset/85b94d9f-42f9-4daa-ac85-04edffd8c0f7,marine-environmental-data-information-network
CEFASAEBB30AA-60CC-498D-8BDA-D1E0D380AB6D,https://ckan.publishing.service.gov.uk/dataset/5f64016c-8f24-4295-a7b1-71bb8857026d,marine-environmental-data-information-network
CEFASaed52357-315b-4483-aad5-a99dacde123a,https://ckan.publishing.service.gov.uk/dataset/0215bfbd-b67f-46be-a2b4-88ab71896286,marine-environmental-data-information-network
CEFASAF42EB4B-C73C-43AE-90A3-D16650AB5D06,https://ckan.publishing.service.gov.uk/dataset/fab803a7-abf0-4b98-b31b-5f91ece4113c,marine-environmental-data-information-network
CEFASaf90cc45-a504-4a1a-b927-2f83ba9ea064,https://ckan.publishing.service.gov.uk/dataset/a9431a76-43fb-423f-919f-8ca6c34eb368,marine-environmental-data-information-network
CEFASAFE34840-CA4B-4B61-89FC-173140A28C0C,https://ckan.publishing.service.gov.uk/dataset/862c76f7-0196-46e1-b5dd-e11e915b438d,marine-environmental-data-information-network
CEFASb020577d-a961-4732-b65f-4e150f65c108,https://ckan.publishing.service.gov.uk/dataset/3ab85f24-84f4-46f0-a75a-019f81675593,marine-environmental-data-information-network
CEFASB02A0628-581A-45CF-9EFE-23BE90BF9134,https://ckan.publishing.service.gov.uk/dataset/a5dca4ea-a336-4d5c-990e-df177d5651c1,marine-environmental-data-information-network
CEFASb076b89e-716e-4679-bddb-df6e895fefc0,https://ckan.publishing.service.gov.uk/dataset/aae75259-27bf-4604-b093-65b123a09869,marine-environmental-data-information-network
CEFASb09b4313-9404-4c08-9210-8f409ac6f8f9,https://ckan.publishing.service.gov.uk/dataset/00e4ad3c-4145-44f8-bb3f-52f83b23f4fa,marine-environmental-data-information-network
CEFASb0f0d6c4-d840-4bf7-8e1a-868b1cc1f739,https://ckan.publishing.service.gov.uk/dataset/0d4a13db-5d5f-46d0-807b-2aa518f0e820,marine-environmental-data-information-network
CEFASb0f49537-cbce-4391-b667-2214b1306187,https://ckan.publishing.service.gov.uk/dataset/9cd76104-c911-4a5d-b94f-b445b72d651f,marine-environmental-data-information-network
CEFASb10422d1-f558-4db0-bbed-944a335c13ab,https://ckan.publishing.service.gov.uk/dataset/61bbfd7a-b1ab-4c83-ac8e-584327f16d8a,marine-environmental-data-information-network
CEFASb11aed91-915a-4c1a-b7db-2481dcda201d,https://ckan.publishing.service.gov.uk/dataset/0569e514-005e-4fd0-ac53-d40aa4892b7a,marine-environmental-data-information-network
CEFASb17d758d-e26e-41ab-bedf-77d891d7feca,https://ckan.publishing.service.gov.uk/dataset/6b3912a4-fe82-44a4-8842-9cce8cdbc9a5,marine-environmental-data-information-network
CEFASb17e3831-6a42-4f00-871c-12e1b7a436f4,https://ckan.publishing.service.gov.uk/dataset/84d306b0-4db0-43d6-890f-888669e29107,marine-environmental-data-information-network
CEFASB18DCAB7-8D56-4907-A30D-5DD49E7FA1C2,https://ckan.publishing.service.gov.uk/dataset/fd08b36b-b541-4f32-bf40-92642d1d1778,marine-environmental-data-information-network
CEFASb1a3d524-14d4-40ed-a84b-e3f2acd41619,https://ckan.publishing.service.gov.uk/dataset/ad94eec1-3ced-48d3-8718-f8ba2a0f2480,marine-environmental-data-information-network
CEFASb1d8dc6c-8874-41fe-a812-a748af5d4a4a,https://ckan.publishing.service.gov.uk/dataset/1753724e-8928-43cb-a362-99166ee42cbc,marine-environmental-data-information-network
CEFASb2121d2b-a747-4e06-93fa-748762a3cac3,https://ckan.publishing.service.gov.uk/dataset/3158b70d-1be5-4864-9740-abc822e26983,marine-environmental-data-information-network
CEFASb22518c0-27bd-4eba-9925-121e7367160f,https://ckan.publishing.service.gov.uk/dataset/27bf418c-cf01-4dd2-b33c-faefca7adce8,marine-environmental-data-information-network
CEFASb22f61d5-6661-473d-9eb0-46c42bad6066,https://ckan.publishing.service.gov.uk/dataset/30489ebf-2838-4e20-9d5e-4da258ff2e99,marine-environmental-data-information-network
CEFASb25d3908-dbfa-4bce-a517-ad8b444d9633,https://ckan.publishing.service.gov.uk/dataset/1954d66e-45e9-4e0f-aa20-bb843cba8e5d,marine-environmental-data-information-network
CEFASb26ec168-92bf-4389-9e89-1070f9ba59cf,https://ckan.publishing.service.gov.uk/dataset/6a1bd8f2-7794-4989-923d-560777bd990b,marine-environmental-data-information-network
CEFASb27f0ff8-5d83-49dd-bdab-566497a5a1c8,https://ckan.publishing.service.gov.uk/dataset/a7a2679d-68c1-4188-8219-bdc5e58eba57,marine-environmental-data-information-network
CEFASb29f4a62-5932-460f-8d09-56b3cc01067d,https://ckan.publishing.service.gov.uk/dataset/d7cdaa0f-55f6-4aae-9f31-48590857ef2f,marine-environmental-data-information-network
CEFASb2c83a09-fc56-4e88-b57f-657ff034fc4b,https://ckan.publishing.service.gov.uk/dataset/9dc7d2d6-41e0-4c60-9985-9c7cc3f5b0e5,marine-environmental-data-information-network
CEFASb2d1d5d7-1fe8-496f-991b-4f29aa3555ab,https://ckan.publishing.service.gov.uk/dataset/e507eba1-5fb1-4dce-87cf-001509054cb5,marine-environmental-data-information-network
CEFASb2d37ee9-2738-4a74-b81d-cdde259e8b56,https://ckan.publishing.service.gov.uk/dataset/819f749b-936e-4475-b9d7-5ca059f9c068,marine-environmental-data-information-network
CEFASb2f5ec06-d44f-474a-9f3d-77aaf6daf653,https://ckan.publishing.service.gov.uk/dataset/2798bb28-01d8-4070-904e-dee45baa12d8,marine-environmental-data-information-network
CEFASb2f79e3a-9a59-4f0a-9864-73da9daf30f1,https://ckan.publishing.service.gov.uk/dataset/dcd8fc24-709e-4cf4-9495-a3d3116c6a0a,marine-environmental-data-information-network
CEFASb35fae1f-7398-4394-ab34-6be28efb0492,https://ckan.publishing.service.gov.uk/dataset/fbb0d3c7-6a49-4b3c-85f5-c8a80a421687,marine-environmental-data-information-network
CEFASb3e4bcc8-4f95-44b1-a2da-9d572e7ca7e0,https://ckan.publishing.service.gov.uk/dataset/dff892ff-6e88-40ed-9001-3f29962b2f62,marine-environmental-data-information-network
CEFASb3f372eb-c41c-49d3-9427-6174e8e876ab,https://ckan.publishing.service.gov.uk/dataset/c35e31b0-5765-4003-a4dd-79fd43697915,marine-environmental-data-information-network
CEFASb3f95e89-0c91-476f-8fbd-b65fd4606b2f,https://ckan.publishing.service.gov.uk/dataset/c9ffdb14-d7f7-4330-a896-cde4cbc64b66,marine-environmental-data-information-network
CEFASb40cb563-f624-4753-8ab2-bb5f13c406c8,https://ckan.publishing.service.gov.uk/dataset/10735f19-e49e-40ca-b857-d6d66105fb3c,marine-environmental-data-information-network
CEFASb41640bf-d76a-4e1e-bc5b-495e92ee557b,https://ckan.publishing.service.gov.uk/dataset/106c4689-b8a7-4366-aee5-613be1093686,marine-environmental-data-information-network
CEFASb44fd6bc-7878-4ed3-8c4c-339c322bb4dd,https://ckan.publishing.service.gov.uk/dataset/8530409b-2d2a-48af-9b59-8d6335848e74,marine-environmental-data-information-network
CEFASb46c6a7f-d26d-4776-86ee-508387bd594f,https://ckan.publishing.service.gov.uk/dataset/6da5a93f-9b30-4355-be00-bea4ee3d839c,marine-environmental-data-information-network
CEFASb4835f95-fb5a-4b2d-841a-56122d4923de,https://ckan.publishing.service.gov.uk/dataset/2a0560fd-eb4a-4aa0-a70d-db17616b6dbd,marine-environmental-data-information-network
CEFASb48478c3-d6d6-417d-815a-ce705fe6e107,https://ckan.publishing.service.gov.uk/dataset/5cfed696-f072-45e8-b95d-be254aa4cdcc,marine-environmental-data-information-network
CEFASb4919ae0-ec10-41a8-920b-870193fbc0df,https://ckan.publishing.service.gov.uk/dataset/8734f31c-abc3-41e3-8f9d-c72306d6fdb3,marine-environmental-data-information-network
CEFASb495252f-cccd-492c-8c6f-2438cc5d3a38,https://ckan.publishing.service.gov.uk/dataset/6523edda-9b5f-4974-b8f0-c69cf74f63eb,marine-environmental-data-information-network
CEFASb49b2e0f-5b8e-444a-be06-c260273bb862,https://ckan.publishing.service.gov.uk/dataset/8eefa6be-222e-4eed-b478-c2190bbe92aa,marine-environmental-data-information-network
CEFASb4a0113d-23e9-46e9-a024-be596b378b23,https://ckan.publishing.service.gov.uk/dataset/2a88b313-d37a-4097-ae43-57bada822d5a,marine-environmental-data-information-network
CEFASb4bbf764-b1ab-4f46-ae22-2c14fbcfded4,https://ckan.publishing.service.gov.uk/dataset/b530d108-a835-4f84-8640-fe982f711325,marine-environmental-data-information-network
CEFASb4bf6640-e6c7-45ad-8415-8f2a4f683971,https://ckan.publishing.service.gov.uk/dataset/b3c32e02-34b0-4271-9f6b-f7dda5d0800f,marine-environmental-data-information-network
CEFASB4C7C47B-03CE-4B88-AACC-A3F20F421D15,https://ckan.publishing.service.gov.uk/dataset/b92ed52e-2f8b-4089-9839-2274308a44b2,marine-environmental-data-information-network
CEFASb4de0cbf-ecd9-411f-9046-ac2c044a4465,https://ckan.publishing.service.gov.uk/dataset/6b2b3dc1-9f14-452e-9fe4-bcd5e3424f35,marine-environmental-data-information-network
CEFASb4ecb554-7c7e-4383-917a-db308f690cb5,https://ckan.publishing.service.gov.uk/dataset/d9c758ce-d6c3-47e0-bc5b-d348b750e098,marine-environmental-data-information-network
CEFASb5672896-f558-4c96-a539-9881c04a4813,https://ckan.publishing.service.gov.uk/dataset/0f8d45d4-da08-4e51-84dc-1763c732cbe6,marine-environmental-data-information-network
CEFASb5b81769-70ef-4276-b6e0-239845aa1c5f,https://ckan.publishing.service.gov.uk/dataset/1c7a201e-9c08-4f7b-960a-e660a49c17c8,marine-environmental-data-information-network
CEFASb61ae2f7-d570-413b-ae67-a12a4c12b470,https://ckan.publishing.service.gov.uk/dataset/a6693c0b-22da-451e-8de5-1c3859082e7c,marine-environmental-data-information-network
CEFASb61d5d1a-027b-4aaa-b9bf-a0bc0b1e4366,https://ckan.publishing.service.gov.uk/dataset/94ed53ae-62f1-406d-b133-db5230eb3409,marine-environmental-data-information-network
CEFASb633f99f-8dfa-40bc-93f1-ffea7ffd660a,https://ckan.publishing.service.gov.uk/dataset/ac451b65-b496-4957-a3a2-a58dc138d4d5,marine-environmental-data-information-network
CEFASb66a2fa7-8d71-48c9-875f-594110661f72,https://ckan.publishing.service.gov.uk/dataset/9ce7e231-3ccb-4e03-a77b-8ba6c4954f32,marine-environmental-data-information-network
CEFASb695a5ba-1d31-4f91-9dfb-7e07f76ff145,https://ckan.publishing.service.gov.uk/dataset/325bbc0b-f7bb-41b6-8b92-98345d358306,marine-environmental-data-information-network
CEFASb69c02b4-47f6-49db-8115-53fd24565587,https://ckan.publishing.service.gov.uk/dataset/46af2cec-eaee-458f-afee-d58be03981a8,marine-environmental-data-information-network
CEFASb6c5005f-96b6-47a3-ae32-5da6ded6dc0a,https://ckan.publishing.service.gov.uk/dataset/67f2013d-9535-49a0-bcb7-d988c372fdf7,marine-environmental-data-information-network
CEFASb6c96e22-add1-4e67-b74d-f24b5af3859c,https://ckan.publishing.service.gov.uk/dataset/cd7399df-d9a7-485b-9fba-28155d538dac,marine-environmental-data-information-network
CEFASb6e0ce70-bb4d-4e81-a03c-f051d022cb94,https://ckan.publishing.service.gov.uk/dataset/4ace8102-bd0a-4c70-9c33-232577278cab,marine-environmental-data-information-network
CEFASb71ac939-cab1-46e1-a6ed-1615d416795f,https://ckan.publishing.service.gov.uk/dataset/6d8d9998-759b-43c9-96fa-a8d5d53bca44,marine-environmental-data-information-network
CEFASb721a5bb-edaa-4754-b8a5-d7c9f1a350bd,https://ckan.publishing.service.gov.uk/dataset/1530de2b-85b7-4115-ae05-af7fb7f71622,marine-environmental-data-information-network
CEFASb7239987-fc17-4ad1-8411-e27477f5e088,https://ckan.publishing.service.gov.uk/dataset/5ee0370c-ee7f-4ae6-9a2d-874b4857ad8c,marine-environmental-data-information-network
CEFASb72e00c3-d391-4686-bad4-869ca72671b5,https://ckan.publishing.service.gov.uk/dataset/ac5f1cfa-ef88-446a-85a0-058f57558211,marine-environmental-data-information-network
CEFASb73d9181-d95c-4247-be58-34e596714d12,https://ckan.publishing.service.gov.uk/dataset/eaeb8024-c7e2-43a8-b34e-abbc6a4a49f6,marine-environmental-data-information-network
CEFASb775d58b-c4b8-4279-a2f3-a23c19de59f1,https://ckan.publishing.service.gov.uk/dataset/451031e9-e1b6-44f9-b6a2-a6d51f2f8fc7,marine-environmental-data-information-network
CEFASb79dcc0f-8ab5-41f7-afc8-8197eccba7b0,https://ckan.publishing.service.gov.uk/dataset/2ddcd1e4-4d1e-4c69-826a-e33ac8b819d5,marine-environmental-data-information-network
CEFASb7b7b978-6437-4e6d-b88f-882d722ed2dc,https://ckan.publishing.service.gov.uk/dataset/c10d02e2-44d1-4d57-9ada-8b4029bb273f,marine-environmental-data-information-network
CEFASb7ec9054-1c39-471d-b005-d8db599eef63,https://ckan.publishing.service.gov.uk/dataset/260d73b9-7e81-4752-8114-3139719ccc19,marine-environmental-data-information-network
CEFASb819dd09-f91a-4b46-a3a4-fdf6615476a4,https://ckan.publishing.service.gov.uk/dataset/2bb869b0-6eff-4e0b-b873-8043f98aa9dd,marine-environmental-data-information-network
CEFASb823969f-4d81-421e-8e7f-85a5d9029ca3,https://ckan.publishing.service.gov.uk/dataset/45c1796a-5037-4153-887e-82986bbd0c28,marine-environmental-data-information-network
CEFASb832f6f4-6dbb-49d0-b13b-71575190887e,https://ckan.publishing.service.gov.uk/dataset/fef2999d-edf8-42db-ae57-934690639b01,marine-environmental-data-information-network
CEFASb87e0ddb-4ef9-45cd-ac65-4c52ea10097b,https://ckan.publishing.service.gov.uk/dataset/dbe2794c-3a9a-4b65-ab89-e17ba1216560,marine-environmental-data-information-network
CEFASB88CD98C-978B-4032-8111-A1D74BF0203B,https://ckan.publishing.service.gov.uk/dataset/b7e87a1c-d706-47b8-9269-d9829502a1e5,marine-environmental-data-information-network
CEFASb8bb3588-cf85-4945-86d4-a29ca23408f3,https://ckan.publishing.service.gov.uk/dataset/228ccffa-3ddc-4af6-a51a-58b5e9b99212,marine-environmental-data-information-network
CEFASb931aaa8-143f-4b75-991d-14a9e7307994,https://ckan.publishing.service.gov.uk/dataset/327ebbc1-c6a8-4457-8f07-6398122dc634,marine-environmental-data-information-network
CEFASb9486b47-a5e7-4e75-a982-07e27d9b8ba3,https://ckan.publishing.service.gov.uk/dataset/49dbb964-7aaa-4f61-af94-90df2dbea35c,marine-environmental-data-information-network
CEFASb94d4ec2-3fde-4129-8868-9f12f9fac69e,https://ckan.publishing.service.gov.uk/dataset/213b2b7d-987e-41c7-a95d-f6863a5a732e,marine-environmental-data-information-network
CEFASb95570d0-69cf-45df-b227-052eb9c6f5d7,https://ckan.publishing.service.gov.uk/dataset/6fb303bc-be61-4f8a-a993-2fcc067b2a44,marine-environmental-data-information-network
CEFASb97639ba-b767-4cc2-af0f-c33f13464794,https://ckan.publishing.service.gov.uk/dataset/4ba73889-ef9a-4500-aa55-8e85a98d52b8,marine-environmental-data-information-network
CEFASb983bf23-8084-45d4-8b1f-a4a8ccf03465,https://ckan.publishing.service.gov.uk/dataset/0ede8e3a-93be-4fb5-8200-46397532f4bc,marine-environmental-data-information-network
CEFASb9be4c04-dbc8-4ba8-82c4-ffa0a73b2b23,https://ckan.publishing.service.gov.uk/dataset/6032b383-24cc-48e0-b62b-937790cfabbc,marine-environmental-data-information-network
CEFASb9c5a74a-41be-4901-a458-50270a21a042,https://ckan.publishing.service.gov.uk/dataset/204f9858-e378-491d-8154-3262f55ae3fb,marine-environmental-data-information-network
CEFASb9dbee97-e6c1-473d-ac1b-f0e985289b1b,https://ckan.publishing.service.gov.uk/dataset/67b07d7a-bb9f-493d-af6e-a285ff5d0f0f,marine-environmental-data-information-network
CEFASBA1134E4-1593-4D1D-B394-5A2E59C2FDB7,https://ckan.publishing.service.gov.uk/dataset/4644ae2f-5a38-4e75-bf20-5372b3943fb1,marine-environmental-data-information-network
CEFASba151e47-c394-4c7b-92ff-0e16f63d0c92,https://ckan.publishing.service.gov.uk/dataset/de3fb3e2-e9c8-4745-b52e-f9d947658dc6,marine-environmental-data-information-network
CEFASba2e4948-c83a-4cc9-806d-459fb6be7529,https://ckan.publishing.service.gov.uk/dataset/d01daa46-c25f-4aea-8cda-b9c37f4a68d8,marine-environmental-data-information-network
CEFASba4179c8-366b-4957-a206-88ef1a02cc33,https://ckan.publishing.service.gov.uk/dataset/8e926fca-8236-4480-bc69-def450130dca,marine-environmental-data-information-network
CEFASba444402-e821-408c-bac0-5197426f2028,https://ckan.publishing.service.gov.uk/dataset/efdf93d8-d3dc-4c56-b2b5-2d25d4830d2b,marine-environmental-data-information-network
CEFASba524f16-bca1-4a51-b59b-4732538e4637,https://ckan.publishing.service.gov.uk/dataset/d7972940-f210-4213-a5e4-47cded40d77a,marine-environmental-data-information-network
CEFASba58afe4-307d-4214-906c-0052cf434065,https://ckan.publishing.service.gov.uk/dataset/d1dca903-fb57-456a-a304-04169090e2fd,marine-environmental-data-information-network
CEFASba66741a-9f23-44eb-a61f-867af75d8929,https://ckan.publishing.service.gov.uk/dataset/b38aeb57-1b74-470b-92e3-a66b5830cf47,marine-environmental-data-information-network
CEFASba7125ca-adfd-48c0-8b62-339e2c5f54fe,https://ckan.publishing.service.gov.uk/dataset/1f34c567-887a-4a72-bfd3-8674cc9c5e12,marine-environmental-data-information-network
CEFASbac16396-f303-49ce-bf5a-30308b9ec186,https://ckan.publishing.service.gov.uk/dataset/a9116eda-6eec-4b6f-bae8-d0230ff1a557,marine-environmental-data-information-network
CEFASbb4062d9-5fbb-44ed-b920-37c680fae12f,https://ckan.publishing.service.gov.uk/dataset/71a68a68-c958-4afe-8b3d-64545cc0c4fa,marine-environmental-data-information-network
CEFASbb42c1fe-7961-4112-b999-07feaa8eb7fb,https://ckan.publishing.service.gov.uk/dataset/8eb1f1d2-f992-4bae-99a4-5baf89837374,marine-environmental-data-information-network
CEFASbb6d647d-5cb4-496d-b609-985358563831,https://ckan.publishing.service.gov.uk/dataset/5f810108-4b13-40f7-805a-bb6d30e3561a,marine-environmental-data-information-network
CEFASbba8f95d-3928-4412-8124-c4691a7640b7,https://ckan.publishing.service.gov.uk/dataset/c9c7f790-5225-4098-8dd2-243de3d50d0e,marine-environmental-data-information-network
CEFASbbd3839c-ef13-4888-bcea-685d8ed9ac9e,https://ckan.publishing.service.gov.uk/dataset/e8d34a73-2ef4-4fb7-82cd-96d8beb46442,marine-environmental-data-information-network
CEFASbbde9fe6-e323-4230-b96c-9bfa84349eba,https://ckan.publishing.service.gov.uk/dataset/9b923544-5e4f-4ed9-86f3-08945c074317,marine-environmental-data-information-network
CEFASbbf51a8d-4dd8-4104-a16b-4f663d333cf7,https://ckan.publishing.service.gov.uk/dataset/7885c798-93dd-4500-b1bb-91941d60a1af,marine-environmental-data-information-network
CEFASbc0b10bd-2db2-4d42-bfb1-6e5b4a70549c,https://ckan.publishing.service.gov.uk/dataset/abe49f1c-c8d0-4dc4-a989-c9046cd4e011,marine-environmental-data-information-network
CEFASbc0c6bf1-60d8-424e-b600-b9b9c98509e9,https://ckan.publishing.service.gov.uk/dataset/92fa9226-1867-4545-9a6e-6e0a1d6bfc9e,marine-environmental-data-information-network
CEFASbc334c80-4314-484a-a996-12fc4dfb8fc2,https://ckan.publishing.service.gov.uk/dataset/c94395b4-9a1e-4b4a-a6e4-a42190f4a387,marine-environmental-data-information-network
CEFASbc558933-00bc-4049-8e0d-de5897e510d8,https://ckan.publishing.service.gov.uk/dataset/f427efd1-5e52-4e50-90ff-59ae660d8fbe,marine-environmental-data-information-network
CEFASbc5a5d79-8df4-4307-ba9a-583c79495171,https://ckan.publishing.service.gov.uk/dataset/0f6d8699-e312-456d-be98-3859d12a89c8,marine-environmental-data-information-network
CEFASbc847fdd-7393-48c1-a643-8e2c936f167b,https://ckan.publishing.service.gov.uk/dataset/22fd455b-436e-426b-9102-1ad4fa8e47d7,marine-environmental-data-information-network
CEFASbc8a24cb-ac26-48da-93e5-881fa1a8307e,https://ckan.publishing.service.gov.uk/dataset/568bbef5-6658-4093-a143-44c2709e5063,marine-environmental-data-information-network
CEFASbcac96b4-799b-4f1b-abbb-bf8253b99126,https://ckan.publishing.service.gov.uk/dataset/53541daf-07c4-44c3-8220-5e99050e3744,marine-environmental-data-information-network
CEFASbcbd0257-73fa-4dff-bd9d-930a595ad0e7,https://ckan.publishing.service.gov.uk/dataset/63bdfbef-5a63-4b41-bfd2-8ce9a7848044,marine-environmental-data-information-network
CEFASbcbf829d-5811-4447-877b-b730ba6d54cd,https://ckan.publishing.service.gov.uk/dataset/35b03a14-4330-41d4-ad42-23773d52be7b,marine-environmental-data-information-network
CEFASbcd551c5-cb30-4e8b-9adb-0791cf6658a4,https://ckan.publishing.service.gov.uk/dataset/89282935-cb71-4d4c-b1ae-45b3a8588331,marine-environmental-data-information-network
CEFASBCD96D94-B6DB-45D4-9D36-0554824116C4,https://ckan.publishing.service.gov.uk/dataset/4e850e4b-eb8b-4e02-a45f-c021623e8b0b,marine-environmental-data-information-network
CEFASbd21a793-86fe-416c-afc3-91e1e5963974,https://ckan.publishing.service.gov.uk/dataset/25b62c1a-8297-4cca-81ab-46e1236ac40e,marine-environmental-data-information-network
CEFASbd3eae35-f5d0-4299-8696-ee1116c5f6e0,https://ckan.publishing.service.gov.uk/dataset/c0f0e5c4-d894-4d19-96c5-1af0ef8545fc,marine-environmental-data-information-network
CEFASbd46d3a7-ac42-4d0a-9dc3-b47f5fbb2486,https://ckan.publishing.service.gov.uk/dataset/ed076221-8e05-45b6-9bf3-251797b4d154,marine-environmental-data-information-network
CEFASbd846940-efea-415f-923a-048abda66387,https://ckan.publishing.service.gov.uk/dataset/fb58ad16-4ceb-461f-a84c-7076a8cae8ff,marine-environmental-data-information-network
CEFASbdbbec0b-2f00-4088-8de3-a32cc2ae9da8,https://ckan.publishing.service.gov.uk/dataset/68eceb49-a167-49af-86f7-5b79b891a9ff,marine-environmental-data-information-network
CEFASbde4dbba-947a-4377-a391-c95d05727551,https://ckan.publishing.service.gov.uk/dataset/53f86921-e092-49b3-b343-09e5b2e84209,marine-environmental-data-information-network
CEFASbe01d7b9-053e-486c-8c36-2834df7c6c9d,https://ckan.publishing.service.gov.uk/dataset/344b9263-b2f2-4aa2-b57f-1831a812c07b,marine-environmental-data-information-network
CEFASbe32fb95-dea1-4989-94d2-a5637b2052a6,https://ckan.publishing.service.gov.uk/dataset/83355344-c0ab-4c06-a5b9-d2ad3353b6ee,marine-environmental-data-information-network
CEFASbe53a624-3d12-4d00-a16e-588245a05577,https://ckan.publishing.service.gov.uk/dataset/396a4601-f1b1-4758-9b26-18b007563450,marine-environmental-data-information-network
CEFASbe55a6bb-5647-4a08-b125-556bddb8123d,https://ckan.publishing.service.gov.uk/dataset/ce7b3114-e70f-4118-8299-9612cabc0327,marine-environmental-data-information-network
CEFASbe667a24-96a7-49ba-9b6d-ac97580eedfb,https://ckan.publishing.service.gov.uk/dataset/955fa9e5-791f-4202-ae8d-14152d3c195b,marine-environmental-data-information-network
CEFASbe9ab5a3-f526-4166-b2e1-01bc805734a8,https://ckan.publishing.service.gov.uk/dataset/44d0ab35-68d9-4d7b-b758-b9aaeed051e8,marine-environmental-data-information-network
CEFASbe9e78af-9d2a-4d2e-8dab-880f3be32e64,https://ckan.publishing.service.gov.uk/dataset/dc79010f-48d8-405b-8625-b852ebcb6429,marine-environmental-data-information-network
CEFASbea7f560-815e-49a4-b864-ef1f5174fe34,https://ckan.publishing.service.gov.uk/dataset/3eca0262-53d2-4e1d-a7dd-2280094db20a,marine-environmental-data-information-network
CEFASbea82c3e-574c-482f-8749-8dc8ec5c7554,https://ckan.publishing.service.gov.uk/dataset/ea41c478-56ce-4abf-8012-13a44f98ef81,marine-environmental-data-information-network
CEFASbecee742-66b5-4a4d-bbcc-cb4d62599359,https://ckan.publishing.service.gov.uk/dataset/1dbccb33-00df-4c40-a4f0-308ae28c9e58,marine-environmental-data-information-network
CEFASbee5b8b1-dc62-431d-9581-82fb26a91418,https://ckan.publishing.service.gov.uk/dataset/94a8b8e1-d0b9-4162-8279-07a943a0821f,marine-environmental-data-information-network
CEFASbf084098-5b8a-4ee5-ad71-cd31d333a29b,https://ckan.publishing.service.gov.uk/dataset/07c97515-a8b2-4247-a655-2980546e2c74,marine-environmental-data-information-network
CEFASbf2e2927-4007-49be-bc54-49fafa816ee8,https://ckan.publishing.service.gov.uk/dataset/71811a9d-c41c-4faa-ad94-d97c6984526e,marine-environmental-data-information-network
CEFASbf7b02b1-c6e6-4d75-8987-68791921b3bc,https://ckan.publishing.service.gov.uk/dataset/283c4fc7-43c4-40aa-9155-b1fb36d94740,marine-environmental-data-information-network
CEFASbfbe4c5a-8174-40e6-ac9d-43c7465a6040,https://ckan.publishing.service.gov.uk/dataset/234a44e7-b451-47e1-92ed-821cd265c766,marine-environmental-data-information-network
CEFASbfd2692c-9d17-46dc-ae47-fdc04bd97bab,https://ckan.publishing.service.gov.uk/dataset/c7af1ea3-62ce-40bc-a9c4-6e3a7995bf94,marine-environmental-data-information-network
CEFASc00a020a-1aae-41fc-82de-552b047a1482,https://ckan.publishing.service.gov.uk/dataset/f691b7fe-e1b9-433d-9d41-f5eb95d5880f,marine-environmental-data-information-network
CEFASc0129f1f-f98d-4846-8d8c-178a2232e2d6,https://ckan.publishing.service.gov.uk/dataset/0825f49d-fe98-4f18-9b59-b31fb11c358c,marine-environmental-data-information-network
CEFASc01cc9dc-a45f-483c-8946-2222cbc41760,https://ckan.publishing.service.gov.uk/dataset/cb01aa7f-0f88-4b07-9928-ac18b2ff8294,marine-environmental-data-information-network
CEFASc02354f0-ea56-4fc2-a9dd-9253cc2f6809,https://ckan.publishing.service.gov.uk/dataset/925ad476-8c5f-4c56-b19f-8b6b55074c3f,marine-environmental-data-information-network
CEFASc07ee1df-2950-4795-b7a6-d49bf5a128f4,https://ckan.publishing.service.gov.uk/dataset/ff7b571a-9eb5-47a7-8f88-e71decde1b89,marine-environmental-data-information-network
CEFASc0860b3e-7849-44a3-adcc-c9bebdd4af1f,https://ckan.publishing.service.gov.uk/dataset/dd0e0345-ece5-4650-864b-c88bc823be0a,marine-environmental-data-information-network
CEFASc097d34b-7e38-44dc-a2a5-b24a82d238f5,https://ckan.publishing.service.gov.uk/dataset/28a33292-92e0-48ec-af93-4ff684bab1d2,marine-environmental-data-information-network
CEFASc0ec35e7-0942-4cc9-993f-ab4428633a65,https://ckan.publishing.service.gov.uk/dataset/a617e71c-9c0b-4d91-9de7-3facdcda3ca5,marine-environmental-data-information-network
CEFASc0ee096d-384c-49c4-bcf3-9385d84071a2,https://ckan.publishing.service.gov.uk/dataset/913e75ba-1b85-4d67-933e-5f466443374c,marine-environmental-data-information-network
CEFASc0f69021-b5f9-4346-acfe-ae9199a7fc82,https://ckan.publishing.service.gov.uk/dataset/c26f9e9d-ae37-4518-ac6e-19c3ffd53e68,marine-environmental-data-information-network
CEFASc100d500-8e02-4313-af94-182139298302,https://ckan.publishing.service.gov.uk/dataset/c5153f4a-7aa7-482f-8a91-a525da9669b6,marine-environmental-data-information-network
CEFASc10518d2-255f-449e-b598-1b52688fd9b2,https://ckan.publishing.service.gov.uk/dataset/c92d5429-dce2-461e-aafc-30296ed4479f,marine-environmental-data-information-network
CEFASc1073f24-9284-45f0-a732-9a0cabab4ec6,https://ckan.publishing.service.gov.uk/dataset/470ee6bb-3d22-464f-8d7b-3b7b925f1c70,marine-environmental-data-information-network
CEFASc110bddd-8bc8-416f-a1ad-269103f155a9,https://ckan.publishing.service.gov.uk/dataset/5c6e679b-9f44-423d-b39b-e02e392ed845,marine-environmental-data-information-network
CEFASc11e6aff-e43d-4c25-a322-71c65bb1450e,https://ckan.publishing.service.gov.uk/dataset/9f0c1edc-a538-4082-b00d-63ac46cd971a,marine-environmental-data-information-network
CEFASc131d4e1-7720-4d9d-a36c-d3f4e638c7b1,https://ckan.publishing.service.gov.uk/dataset/bae426af-d223-480a-a1ac-dfff33a2ec1c,marine-environmental-data-information-network
CEFASc1376440-5b27-49dd-8a1e-83f0570a8216,https://ckan.publishing.service.gov.uk/dataset/f8ed0b7e-e5b8-438f-94ef-7cbc224269ac,marine-environmental-data-information-network
CEFASc1499318-fcc5-4903-af40-73a4ac0f61c9,https://ckan.publishing.service.gov.uk/dataset/eab9b99e-05a2-4c2d-93fd-b0ab85f783da,marine-environmental-data-information-network
CEFASc17669e4-6380-47e6-9559-9325ef3c9e32,https://ckan.publishing.service.gov.uk/dataset/b4ceffd9-c6c1-4cfa-983f-da3c2d02d91f,marine-environmental-data-information-network
CEFASc180d8d9-e10b-4496-ac9e-21226c4db362,https://ckan.publishing.service.gov.uk/dataset/b15c3146-ebe0-486c-bdd5-12fafc5c516c,marine-environmental-data-information-network
CEFASC185F58C-2303-4190-BF8F-87D5DCAA347A,https://ckan.publishing.service.gov.uk/dataset/bae45de2-63d2-47e6-9584-1cdaf99f3c19,marine-environmental-data-information-network
CEFASc1a2fd65-ac0a-46bb-83c4-5b95cc42351c,https://ckan.publishing.service.gov.uk/dataset/7d551586-a07d-46e0-bc1f-969d4b816c21,marine-environmental-data-information-network
CEFASc220f201-444f-4214-a9d0-6b4bd5cce095,https://ckan.publishing.service.gov.uk/dataset/dc16517f-1226-42ba-9dc1-8a919f29c529,marine-environmental-data-information-network
CEFASc230b501-c683-4e99-babd-33cf9d9c7ea0,https://ckan.publishing.service.gov.uk/dataset/56dc6a3d-4c92-4bdf-9e3d-661f93fc6684,marine-environmental-data-information-network
CEFASc279a2bc-8840-45f6-8138-d410988e39a1,https://ckan.publishing.service.gov.uk/dataset/49ff4f82-a498-4d22-ad9f-3e559f4005b5,marine-environmental-data-information-network
CEFASc27a7681-aa99-4705-bf5e-95e546ed505c,https://ckan.publishing.service.gov.uk/dataset/459b8fd6-6292-4906-83c9-c4e89da8396f,marine-environmental-data-information-network
CEFASc2ceac83-9571-4715-b237-09a0892799d2,https://ckan.publishing.service.gov.uk/dataset/9cd414f3-d644-4a30-8ef9-cae8e649cc6b,marine-environmental-data-information-network
CEFASc2dfa83c-a4ee-4c11-8737-c6845c7b417c,https://ckan.publishing.service.gov.uk/dataset/f1b98553-5ff8-48ee-8a3d-ac5143748449,marine-environmental-data-information-network
CEFASc2f76067-ce78-403e-b6f8-62b61b182de3,https://ckan.publishing.service.gov.uk/dataset/a3b9f564-a6df-4278-be23-6969223ca750,marine-environmental-data-information-network
CEFASc30170df-3aca-47c2-91bc-442b5d1db5e3,https://ckan.publishing.service.gov.uk/dataset/a15ee8bf-dca6-408a-83ea-310ae62a197a,marine-environmental-data-information-network
CEFASc302006d-0def-4a6e-bc81-5e713d4c2afe,https://ckan.publishing.service.gov.uk/dataset/d63c14ec-20cf-4d3f-a294-e4f65f5eff7a,marine-environmental-data-information-network
CEFASc30baf5b-e032-419a-a836-0c7ef0907a61,https://ckan.publishing.service.gov.uk/dataset/38ccf0c3-efe1-49f2-b1b9-934d0524126a,marine-environmental-data-information-network
CEFASc30d9f23-85bf-4806-bed3-343a7bfc1dc4,https://ckan.publishing.service.gov.uk/dataset/b3fb82f6-7040-4c39-91de-238d6a400cd3,marine-environmental-data-information-network
CEFASc3386046-1cad-435b-92de-8b9f422ac498,https://ckan.publishing.service.gov.uk/dataset/69458e20-b727-42ba-9a87-822c0ee85933,marine-environmental-data-information-network
CEFASc33ac7c3-2bc6-45cf-a8ca-39f15644ffce,https://ckan.publishing.service.gov.uk/dataset/2f68200a-6dbb-4a8e-b05a-10ea8aae5d97,marine-environmental-data-information-network
CEFASc36218bc-ada1-43f8-a5f5-e06c7a24af2c,https://ckan.publishing.service.gov.uk/dataset/53bb7be8-8673-4167-9994-2d50b7c106e3,marine-environmental-data-information-network
CEFASc38b873f-450c-4e72-8ec3-d5e54ab9155d,https://ckan.publishing.service.gov.uk/dataset/29c75e0b-aa1b-4929-8cdf-2865f684327e,marine-environmental-data-information-network
CEFASc3a2b45f-41b6-422b-a843-fc83e59315f2,https://ckan.publishing.service.gov.uk/dataset/344168d7-381c-4662-90de-fda12ac7d879,marine-environmental-data-information-network
CEFASc3da98a3-ffaa-4a3f-aedf-227f477044ee,https://ckan.publishing.service.gov.uk/dataset/a97939c2-ce0f-4bc3-a6fe-e2a8d6d7b043,marine-environmental-data-information-network
CEFASc413fbcd-e128-4338-90fd-edc8bfa690a5,https://ckan.publishing.service.gov.uk/dataset/443ace59-ccb0-4008-bdf3-95ff3bd343de,marine-environmental-data-information-network
CEFASC415BDDF-8A45-4BB0-9FC0-D6111A884C8D,https://ckan.publishing.service.gov.uk/dataset/43617333-1035-4bd7-ad44-7eee7c65f00c,marine-environmental-data-information-network
CEFASc46581bb-b359-4e17-a7bd-9a1353e01c42,https://ckan.publishing.service.gov.uk/dataset/763cd934-7d22-4511-8cb0-f1537e873d1d,marine-environmental-data-information-network
CEFASc46c28a2-7289-4cff-afb4-b5e5148c3253,https://ckan.publishing.service.gov.uk/dataset/980e2fff-e766-4928-8673-af83fd9c0d50,marine-environmental-data-information-network
CEFASc46d91bd-dfab-4b04-bed7-97fd3eca5ce3,https://ckan.publishing.service.gov.uk/dataset/5967225b-59d5-4423-9130-6adc3f010510,marine-environmental-data-information-network
CEFASc473b9f1-2840-4c65-87e0-3278a877af6e,https://ckan.publishing.service.gov.uk/dataset/182dd050-f2cb-4d79-987b-5c7040680197,marine-environmental-data-information-network
CEFASc4a19b01-810a-43eb-9137-de84537aa74e,https://ckan.publishing.service.gov.uk/dataset/7f116375-6e53-420c-9c07-1f9630980e20,marine-environmental-data-information-network
CEFASc4ccb89c-630c-4a47-88a2-5c4a2455becc,https://ckan.publishing.service.gov.uk/dataset/fcfb3e45-cdad-450b-bbc2-2ca7a6f22e75,marine-environmental-data-information-network
CEFASc4d001c0-f2ad-42c5-866b-e55806289fda,https://ckan.publishing.service.gov.uk/dataset/02a510b5-f859-41ad-bbac-90e6ab8f9263,marine-environmental-data-information-network
CEFASc4e64932-aa6a-4e55-a630-1ebc7cdd6343,https://ckan.publishing.service.gov.uk/dataset/6cde6489-58f4-4b4f-910d-8e17f0ae3e83,marine-environmental-data-information-network
CEFASc4efdcfd-bb71-4535-be12-9785422a3592,https://ckan.publishing.service.gov.uk/dataset/fa85297e-e985-4a07-b4f3-fec91989715a,marine-environmental-data-information-network
CEFASc4fbeef5-852f-4e83-8925-bd42f65b00f4,https://ckan.publishing.service.gov.uk/dataset/68cae07b-9ad5-4446-93e9-31335a5fc51b,marine-environmental-data-information-network
CEFASc5111ddb-7772-4bd9-90dc-919dd9223989,https://ckan.publishing.service.gov.uk/dataset/4dc789ce-f53d-4abe-ac1d-bbbb0d0ecca4,marine-environmental-data-information-network
CEFASc51cf258-cbbf-44bf-91a8-9d9bf4eaebe3,https://ckan.publishing.service.gov.uk/dataset/375ed5cb-34bf-432a-be37-1b3dfebd6596,marine-environmental-data-information-network
CEFASc57dee04-2ed0-41b0-a855-b020054876b0,https://ckan.publishing.service.gov.uk/dataset/d9c8a7da-7267-4995-822b-23e1e5ce510b,marine-environmental-data-information-network
CEFASC58E6EAA-8516-42EB-80C8-5BAB43B5C14D,https://ckan.publishing.service.gov.uk/dataset/c19e5f5a-4508-435e-81e0-34e88ec5db12,marine-environmental-data-information-network
CEFASc58ecdee-712a-4513-900d-f8934da589fe,https://ckan.publishing.service.gov.uk/dataset/6333be56-dbc6-46db-ba56-c3e8c1c8d2a6,marine-environmental-data-information-network
CEFASc5c838e3-4aa7-49cc-b434-a855abdf6b4e,https://ckan.publishing.service.gov.uk/dataset/5a79a73e-7bd8-4cfb-876d-d2ba8297ddbe,marine-environmental-data-information-network
CEFASc5d61525-6e0b-476b-a8e9-6305bc76ec80,https://ckan.publishing.service.gov.uk/dataset/e16c6fb6-29c1-4fda-924e-956373b15b05,marine-environmental-data-information-network
CEFASc5e7ccaa-9dee-453e-a426-874d040d8e31,https://ckan.publishing.service.gov.uk/dataset/9a936417-8eaf-4b9a-aef8-304097bc872d,marine-environmental-data-information-network
CEFASc5e9689e-a465-4337-bc04-f297a6833d92,https://ckan.publishing.service.gov.uk/dataset/f3573739-338f-4153-b5be-b9aa415bff0b,marine-environmental-data-information-network
CEFASc5f6d12a-48b1-47a5-8f18-c62383112202,https://ckan.publishing.service.gov.uk/dataset/26ed0b65-3cec-4dd5-9a63-1b06cbf57b5b,marine-environmental-data-information-network
CEFASc5ffed60-1564-4612-806a-57f86d8c02eb,https://ckan.publishing.service.gov.uk/dataset/cf6f3aae-3685-4a1d-87b2-5d76e127f3cc,marine-environmental-data-information-network
CEFASc61468be-9469-4ebb-b781-08057b61745e,https://ckan.publishing.service.gov.uk/dataset/65f0b428-b3f2-42be-ad2b-f130b5eaa038,marine-environmental-data-information-network
CEFASc6251ec6-2f9d-4492-b450-4e12f9bd5e28,https://ckan.publishing.service.gov.uk/dataset/d33dbbe8-0f51-4da2-95c5-8067794c7e41,marine-environmental-data-information-network
CEFASc67b8e27-38be-4433-8af2-33ba957d2e95,https://ckan.publishing.service.gov.uk/dataset/691bc2ba-2864-40f8-917a-f5c8eb709451,marine-environmental-data-information-network
CEFASc6871017-87a3-4161-a57d-3b652c610f48,https://ckan.publishing.service.gov.uk/dataset/a5dfe8cc-484c-463c-8021-de76b7a9f32a,marine-environmental-data-information-network
CEFASc68e93a7-83bd-4dba-a7a9-2564504f4733,https://ckan.publishing.service.gov.uk/dataset/21b8f23e-ae43-4da9-a8b7-04d59247cef0,marine-environmental-data-information-network
CEFASc69a2aa9-ffea-4e09-9209-1534513bd528,https://ckan.publishing.service.gov.uk/dataset/97e981fd-6b7f-4277-a7b7-2ab7ae8f1c3d,marine-environmental-data-information-network
CEFASc6ba7bba-574b-4a4a-a08c-7690b4757a15,https://ckan.publishing.service.gov.uk/dataset/b2ed758b-e244-4de0-852b-b58c1761dfb6,marine-environmental-data-information-network
CEFASc6c2bf91-006d-40cb-9952-c5279deeb886,https://ckan.publishing.service.gov.uk/dataset/a17e49db-0dc3-4a91-9e56-af5c7f7e548d,marine-environmental-data-information-network
CEFASc6dc87be-cc23-4ec9-9577-daaf84a87592,https://ckan.publishing.service.gov.uk/dataset/3dd1436f-54fb-4746-9911-edf73d233382,marine-environmental-data-information-network
CEFASc6f024b9-55b7-4f55-b788-f42855951d81,https://ckan.publishing.service.gov.uk/dataset/7762150c-5b7b-47c4-a871-24e67261f84c,marine-environmental-data-information-network
CEFASc713d048-fe6e-4081-aed5-12eaa5d0e690,https://ckan.publishing.service.gov.uk/dataset/c26c5d5b-2b31-4490-b7e3-aaeaf7b802a1,marine-environmental-data-information-network
CEFASc723ae99-89fc-4019-95aa-20950a1eba44,https://ckan.publishing.service.gov.uk/dataset/09546a83-ec27-45eb-96d3-48a6be32c0da,marine-environmental-data-information-network
CEFASc74a17e1-fc8d-48ec-93e9-97776872d845,https://ckan.publishing.service.gov.uk/dataset/eb03385a-f592-4875-bba0-874fd15b228d,marine-environmental-data-information-network
CEFASc77758d6-afa3-4dae-b300-341e68b13035,https://ckan.publishing.service.gov.uk/dataset/541969ee-ed6d-4362-a6f5-58e54e88faf2,marine-environmental-data-information-network
CEFASc78141f7-f1dd-43e2-8556-f85e4dc93ba7,https://ckan.publishing.service.gov.uk/dataset/3db0de4c-c5e7-49a1-8d27-a1af2d42dfe3,marine-environmental-data-information-network
CEFASc78ed954-b797-4d89-8fad-45b307a77239,https://ckan.publishing.service.gov.uk/dataset/37189046-d76b-43d4-922e-9b814d14d938,marine-environmental-data-information-network
CEFASc7908b1b-6b9d-4b29-a26c-46e5d00d72c8,https://ckan.publishing.service.gov.uk/dataset/6c154e07-d4d9-429a-878f-634a4c70bbde,marine-environmental-data-information-network
CEFASc7a92bc0-df57-45c4-836a-341f7ee341d6,https://ckan.publishing.service.gov.uk/dataset/61c89cd3-3497-48a3-8d37-1b9b39c63a76,marine-environmental-data-information-network
CEFASc7d29742-2607-4e78-8f31-9ed98cce0d02,https://ckan.publishing.service.gov.uk/dataset/1a9066e1-5826-4c17-ab53-874ff13ef4c3,marine-environmental-data-information-network
CEFASc7e59228-268f-440f-9ffb-5eaae5591fdf,https://ckan.publishing.service.gov.uk/dataset/8591b5c7-44d7-487f-918c-801184260b31,marine-environmental-data-information-network
CEFASc7e6fc7b-8110-4588-b516-162d9785cbe2,https://ckan.publishing.service.gov.uk/dataset/f7999ad3-78f0-4167-b610-f94b8c43a290,marine-environmental-data-information-network
CEFASC7F4AE8C-C594-456C-83F3-952791B6D974,https://ckan.publishing.service.gov.uk/dataset/0b31cebc-1c1f-4261-b4ca-de486463cd3e,marine-environmental-data-information-network
CEFASc7fa9f9d-5320-4777-a978-fd6ae9673a7e,https://ckan.publishing.service.gov.uk/dataset/e441f592-14e6-4467-97f9-ca2b39e6cdf5,marine-environmental-data-information-network
CEFASC80CAC6F-83F2-4542-8BEC-4350F4BF8E54,https://ckan.publishing.service.gov.uk/dataset/19accc19-98d4-4c92-bcea-bb85e2275101,marine-environmental-data-information-network
CEFASc816d5ea-1ca5-4fe2-af28-c5caf5511aa7,https://ckan.publishing.service.gov.uk/dataset/5c5561d6-ec6a-4cb2-babf-0ab58fa09951,marine-environmental-data-information-network
CEFASc8372969-0687-4372-97da-b63c75608719,https://ckan.publishing.service.gov.uk/dataset/e175048e-1c48-470e-be91-83df108b89e2,marine-environmental-data-information-network
CEFASc83a4e63-0486-43f2-ba00-0141a9d009a8,https://ckan.publishing.service.gov.uk/dataset/538ae2ab-5098-46d5-a631-a3fa79b5efd1,marine-environmental-data-information-network
CEFASc858a148-d272-44a1-a940-4acb924b3930,https://ckan.publishing.service.gov.uk/dataset/e43680f2-c58a-45bf-870f-7f945b42a0dc,marine-environmental-data-information-network
CEFASC85BD9BB-8D74-41E8-8721-F3EE21CF3E4A,https://ckan.publishing.service.gov.uk/dataset/3e19dab9-366e-4eef-b9c6-69367cac7af3,marine-environmental-data-information-network
CEFASc86ea621-2dea-4679-88d3-8963ae7e5c94,https://ckan.publishing.service.gov.uk/dataset/7a453c6e-da44-4294-852d-6b744ca0148c,marine-environmental-data-information-network
CEFASc87018bd-8629-4ac8-8307-2f9c61179334,https://ckan.publishing.service.gov.uk/dataset/91312e82-b7d0-4d0c-84cf-2e9f6fd1f16b,marine-environmental-data-information-network
CEFASc8cac5b9-063f-4bd5-b727-87be72939c22,https://ckan.publishing.service.gov.uk/dataset/dc5eb6fd-3dd9-4e30-90ba-77a976613717,marine-environmental-data-information-network
CEFASC8D8F4E4-95C5-45B8-A8E5-47A99EC2E384,https://ckan.publishing.service.gov.uk/dataset/8949faf7-5c5d-42de-96bd-adbf9095c048,marine-environmental-data-information-network
CEFASc8d97344-6a5d-4a5a-a11e-a300c7c0eee7,https://ckan.publishing.service.gov.uk/dataset/4e8b90dd-80f8-49a3-8067-92e84ff48c5b,marine-environmental-data-information-network
CEFASc8e0f917-9c94-4446-87e4-e4cea8d83c18,https://ckan.publishing.service.gov.uk/dataset/698c38e9-f045-48fd-89cd-0ed8a0c5e02a,marine-environmental-data-information-network
CEFASc8eba7e2-6870-45e1-a76b-f8677710049f,https://ckan.publishing.service.gov.uk/dataset/8ab43626-a186-4f07-bd40-6c5e04af7608,marine-environmental-data-information-network
CEFASc8fe2612-66d7-4a61-90a6-0dbbef2a3799,https://ckan.publishing.service.gov.uk/dataset/9fc02a94-feed-421b-919c-4c41260fa559,marine-environmental-data-information-network
CEFASc96cd9ec-fd1d-4965-9899-27942a59f72a,https://ckan.publishing.service.gov.uk/dataset/08a98eb9-8398-4f3b-bd5f-188bdfd794da,marine-environmental-data-information-network
CEFASc980cda1-b4a4-4735-9a54-2134f9ef05b9,https://ckan.publishing.service.gov.uk/dataset/46c3e2d3-4d9b-4beb-8229-a3420e75032b,marine-environmental-data-information-network
CEFASc989c62a-6918-43f9-93e9-d6970bb7a749,https://ckan.publishing.service.gov.uk/dataset/6ce8c538-d8a8-483a-a2fd-b8cd78ea4ac9,marine-environmental-data-information-network
CEFASc9a2c309-e57a-4a5b-8c63-e65b072d320d,https://ckan.publishing.service.gov.uk/dataset/1b61d41b-8a6f-4e1d-934a-800a5e1e4a0b,marine-environmental-data-information-network
CEFASc9a84dbd-48f5-400f-a743-00b8f452a2c8,https://ckan.publishing.service.gov.uk/dataset/44a3a33d-ebf4-4201-a763-51f078711cd1,marine-environmental-data-information-network
CEFASc9fede14-6186-46a1-a83d-5bdc1738f372,https://ckan.publishing.service.gov.uk/dataset/6f2ad511-7bd9-49a1-b884-a56527f60c4b,marine-environmental-data-information-network
CEFASca1fead3-b4ea-4efb-9830-43d41af03e0d,https://ckan.publishing.service.gov.uk/dataset/ba1b7031-223e-4ee4-8e7d-6b2d3479aa1e,marine-environmental-data-information-network
CEFASca3945d0-acdb-46db-a995-68cda4e4df5b,https://ckan.publishing.service.gov.uk/dataset/3f3474ef-b0a7-4580-ad6d-4321592d0103,marine-environmental-data-information-network
CEFASca5bbd47-98c8-4b6c-a921-82bf6d15c831,https://ckan.publishing.service.gov.uk/dataset/9af900af-3f81-4052-a299-c591f333845c,marine-environmental-data-information-network
CEFASca7c4ea8-a872-476d-9537-b4d46be55832,https://ckan.publishing.service.gov.uk/dataset/db1f3902-2431-4d3b-b629-32fe64049c60,marine-environmental-data-information-network
CEFASca97076c-7a71-4748-9337-ced02c098679,https://ckan.publishing.service.gov.uk/dataset/e8b27546-6154-4004-bfec-b023061f4194,marine-environmental-data-information-network
CEFAScab0ee0a-740e-40e0-95b3-7909c8e40e47,https://ckan.publishing.service.gov.uk/dataset/2093f2cd-34f3-4938-b2e4-b91570c5e720,marine-environmental-data-information-network
CEFAScabdbdd3-6010-472d-b602-8303a286c837,https://ckan.publishing.service.gov.uk/dataset/42101a86-04c0-4aa4-8a51-74c9578c03e3,marine-environmental-data-information-network
CEFAScb19f76c-6169-4018-88b5-9feefe6c989e,https://ckan.publishing.service.gov.uk/dataset/193cf177-38cb-4b63-94c5-30d995f4461e,marine-environmental-data-information-network
CEFAScb5283f1-e3b8-4cc7-91da-270f305ad385,https://ckan.publishing.service.gov.uk/dataset/7afa740a-86f6-4b5e-85ba-a44a16228a31,marine-environmental-data-information-network
CEFAScb606d00-dfcd-4268-89b2-3909f2d68d39,https://ckan.publishing.service.gov.uk/dataset/09670453-79f8-4ec7-8963-a570361dfa0d,marine-environmental-data-information-network
CEFAScb8cd881-9d2c-41f9-886b-55757fdc8ba7,https://ckan.publishing.service.gov.uk/dataset/00540186-c600-45a2-bbb8-b9234e5b25fd,marine-environmental-data-information-network
CEFAScba240da-b900-475e-8278-209b1d7edd96,https://ckan.publishing.service.gov.uk/dataset/7f895527-a5cc-40b3-b3d1-b694a8265b85,marine-environmental-data-information-network
CEFAScbc17728-dacd-4d5f-98a6-5aabb7732371,https://ckan.publishing.service.gov.uk/dataset/24689ae7-0267-4481-b5ae-a0c6de1039f7,marine-environmental-data-information-network
CEFAScbde560c-ba55-4267-ad93-8ac8b89daaab,https://ckan.publishing.service.gov.uk/dataset/c36229e3-27d5-436d-a097-a5b2e113963b,marine-environmental-data-information-network
CEFASCBE05EC7-94D5-467E-B3FB-E115B2F2DE2B,https://ckan.publishing.service.gov.uk/dataset/1ec412dd-d459-4032-9d27-9a59f6af5ef9,marine-environmental-data-information-network
CEFAScbe0f32a-a6d4-4e1f-a84e-acade4d01413,https://ckan.publishing.service.gov.uk/dataset/1561a45f-8394-4e56-a331-27610b205f88,marine-environmental-data-information-network
CEFAScc276653-1fff-4412-b165-53f4168bb354,https://ckan.publishing.service.gov.uk/dataset/a5938595-10a5-428b-9c87-f8dc8fa553da,marine-environmental-data-information-network
CEFAScc2d0c2b-b64e-4c99-8089-9e81b0fe6794,https://ckan.publishing.service.gov.uk/dataset/dcc7eee2-1931-4869-b217-bcbf62d20a6a,marine-environmental-data-information-network
CEFAScc6d6f60-3bcd-4bbc-92ee-4d289fa2b92d,https://ckan.publishing.service.gov.uk/dataset/4ac487fc-e4c7-41f1-b207-bd67f25b3295,marine-environmental-data-information-network
CEFAScc7069f2-ede0-42ba-b4a6-f09b69c76c32,https://ckan.publishing.service.gov.uk/dataset/2e9561dd-13af-48ba-bfa9-4b9008bf1b00,marine-environmental-data-information-network
CEFASccca005c-1618-4b1d-8b65-90536bab7b14,https://ckan.publishing.service.gov.uk/dataset/7439dcd8-e6fd-4f83-aebe-4af3b02647c0,marine-environmental-data-information-network
CEFASccd8ef50-9deb-485a-bdcd-5adf99a84fe2,https://ckan.publishing.service.gov.uk/dataset/d1a94428-abb3-4c27-b75f-e864ffcac4c8,marine-environmental-data-information-network
CEFAScce96966-f769-4576-be38-4fa6865a2768,https://ckan.publishing.service.gov.uk/dataset/e53d7aba-c104-4038-9ab2-14680436f9f4,marine-environmental-data-information-network
CEFAScd10e601-b5c6-4f21-a79e-ae0f596b2e43,https://ckan.publishing.service.gov.uk/dataset/dbf841cd-ab09-48d0-b611-805b9caaf58d,marine-environmental-data-information-network
CEFAScd18af41-1a7c-4af5-8310-9656e8373fe8,https://ckan.publishing.service.gov.uk/dataset/0a56a06e-2340-4e2a-8eab-0516d4758d46,marine-environmental-data-information-network
CEFAScd5ee35e-c727-4888-9b37-f2d0ad522751,https://ckan.publishing.service.gov.uk/dataset/95bd8dc4-39f7-4011-989a-efae666c0048,marine-environmental-data-information-network
CEFAScd608956-5b48-40e4-8ffe-d2fb8174857c,https://ckan.publishing.service.gov.uk/dataset/f8556e50-59b5-4b34-9c99-d45c6770226e,marine-environmental-data-information-network
CEFASCD793DFB-7E5F-49BC-B31E-51ACA1F2A5EC,https://ckan.publishing.service.gov.uk/dataset/c3638c53-60ac-4cbe-975b-81b61cd8ec69,marine-environmental-data-information-network
CEFAScd854bad-aba9-4be7-9490-c4abce9a0ab5,https://ckan.publishing.service.gov.uk/dataset/9bf86876-2dc2-40bc-879d-5d7be5ff34fb,marine-environmental-data-information-network
CEFASCD915886-112A-4AA3-88F7-FABB8F2AA3A3,https://ckan.publishing.service.gov.uk/dataset/a552dc99-b318-42dc-ab01-58dd556000db,marine-environmental-data-information-network
CEFAScdf01e84-f153-4e8f-914a-8362dfd18606,https://ckan.publishing.service.gov.uk/dataset/b6d954f7-b287-491b-9781-f16c81b3b425,marine-environmental-data-information-network
CEFAScdfa14e9-4509-4e81-a30e-ebe06a998113,https://ckan.publishing.service.gov.uk/dataset/e65296fc-0153-40df-aaee-c4436c6dad8c,marine-environmental-data-information-network
CEFASce434b24-6c5e-4643-829b-da17a350f0b2,https://ckan.publishing.service.gov.uk/dataset/86f69791-21a0-4e56-bc96-b918dc3db956,marine-environmental-data-information-network
CEFASce48e7e4-0ccb-4357-ba40-7dad03a751d6,https://ckan.publishing.service.gov.uk/dataset/d1f2db64-0891-4d1e-9d07-2ffdbd7b6026,marine-environmental-data-information-network
CEFASce560bbe-b67a-4b9b-83f4-8205519ca8f1,https://ckan.publishing.service.gov.uk/dataset/e9dc09f6-1884-44db-91df-aec89489657d,marine-environmental-data-information-network
CEFASce693a34-bcb0-4cb7-a690-ef27ab82db20,https://ckan.publishing.service.gov.uk/dataset/d3221d42-2935-4ca2-965b-637e828b0d49,marine-environmental-data-information-network
CEFASCE8E668C-1313-4647-8ABE-431C96D17FD6,https://ckan.publishing.service.gov.uk/dataset/9667b70b-0dc9-4d37-a164-fe5f4cc8fd02,marine-environmental-data-information-network
CEFASCEA8C7A7-F3A1-4053-8B15-8B311716EE03,https://ckan.publishing.service.gov.uk/dataset/fe8212ce-18ab-446b-b9b7-2cf3f57efec3,marine-environmental-data-information-network
CEFASceb2f2c1-0fca-4731-bc03-68944b4d416e,https://ckan.publishing.service.gov.uk/dataset/92782a82-566e-4603-aa40-3c848a5edde8,marine-environmental-data-information-network
CEFAScedaa144-69a0-40f4-8c88-496c872d78aa,https://ckan.publishing.service.gov.uk/dataset/49f05f6c-fe8f-4f2f-9b1f-d662bc3f74df,marine-environmental-data-information-network
CEFAScedfd4fb-720b-4893-ac19-774aeb59db4c,https://ckan.publishing.service.gov.uk/dataset/f60feb9d-05f5-40b4-aef9-5a2f5f4b7213,marine-environmental-data-information-network
CEFAScee0e7c0-7899-41db-9963-6b814f338977,https://ckan.publishing.service.gov.uk/dataset/0a9110e8-d28b-45c7-94b4-23d518f3f4da,marine-environmental-data-information-network
CEFAScf05ae51-22be-42c4-9a2f-14c427d52ea8,https://ckan.publishing.service.gov.uk/dataset/bb5d002f-46ed-48f4-b960-0ba3d2329760,marine-environmental-data-information-network
CEFAScf0f9702-9bd6-407c-a4f1-c55c24f80bac,https://ckan.publishing.service.gov.uk/dataset/e9fab3e1-43b2-43ac-8acb-a9897defebb0,marine-environmental-data-information-network
CEFAScf141811-8709-4bdd-89df-bec1d1e75008,https://ckan.publishing.service.gov.uk/dataset/13eeb09e-5f5b-4e03-906d-73144c679ca5,marine-environmental-data-information-network
CEFAScf15cc80-d257-4a1e-b8ba-c3e3ee30cbe1,https://ckan.publishing.service.gov.uk/dataset/2a9d76ed-f4cf-4996-814d-3b0dd9f44ebb,marine-environmental-data-information-network
CEFASCF17ADC9-C321-4A74-82C3-D6CB4AD6F0D3,https://ckan.publishing.service.gov.uk/dataset/031d877f-b0d0-4a53-9f29-3697d3263196,marine-environmental-data-information-network
CEFAScf17c92b-cb90-4aa1-a296-8f1b5d747a18,https://ckan.publishing.service.gov.uk/dataset/a7b8d2b4-62be-400e-b8aa-4b98bb6ccddc,marine-environmental-data-information-network
CEFAScf537af3-3925-4d5c-a3e9-1a3bcb9ab4ec,https://ckan.publishing.service.gov.uk/dataset/e65a22ef-6322-4b52-bf42-86bfd97f55c8,marine-environmental-data-information-network
CEFAScfa6743d-554e-414e-982b-344b9b75143f,https://ckan.publishing.service.gov.uk/dataset/4c4cf337-48c0-4162-a01d-ceb8cd73d9f3,marine-environmental-data-information-network
CEFAScfe39db2-fe7f-479d-83b8-3cdaa1c9bb1b,https://ckan.publishing.service.gov.uk/dataset/a925424c-9f85-42e6-906c-3c9c3884b371,marine-environmental-data-information-network
CEFAScfeedeb8-4163-458c-b867-ae19a2608c7f,https://ckan.publishing.service.gov.uk/dataset/47fddb1a-651b-411c-bede-4624704f1fa9,marine-environmental-data-information-network
CEFAScff5f3e3-a791-4ddf-a160-e32a65777d9e,https://ckan.publishing.service.gov.uk/dataset/4b7643bb-6426-461b-acc6-50f2e09a9629,marine-environmental-data-information-network
CEFASD032F90C-FC55-4FF4-9BD1-556E84228CFC,https://ckan.publishing.service.gov.uk/dataset/a5ef01b1-b42a-44e7-9f6a-de7ae0e14719,marine-environmental-data-information-network
CEFASd0389963-0186-4eee-b3a1-209966c0626c,https://ckan.publishing.service.gov.uk/dataset/e5458da5-967b-4b67-88aa-c0960ca01c1a,marine-environmental-data-information-network
CEFASd047e2f2-9a7d-4e0e-8c62-c4a52e8ec3dd,https://ckan.publishing.service.gov.uk/dataset/7803d2e3-2666-4d76-9d1f-ee178fb40899,marine-environmental-data-information-network
CEFASd04b6a31-7929-462a-9320-4921a09cd4f5,https://ckan.publishing.service.gov.uk/dataset/f32a9e94-2139-40e2-a916-d3affede75c7,marine-environmental-data-information-network
CEFASd0511510-1a5b-44c6-b1b4-0dd7bac891e4,https://ckan.publishing.service.gov.uk/dataset/e55458ab-d643-426a-9f18-ddb7a0b83f4f,marine-environmental-data-information-network
CEFASd0845b6e-66b6-437e-82a4-44e631e557cd,https://ckan.publishing.service.gov.uk/dataset/5352879b-e26a-4595-b316-b446513f2796,marine-environmental-data-information-network
CEFASd085e0c9-1978-4772-9438-e7a9c2142100,https://ckan.publishing.service.gov.uk/dataset/452c1a24-cc52-4b24-8a3e-2baec2861197,marine-environmental-data-information-network
CEFASd0a208f1-63a9-4269-b1d0-0d0cb78bd376,https://ckan.publishing.service.gov.uk/dataset/2b676caf-d3ef-4770-9059-a8bf0712db6f,marine-environmental-data-information-network
CEFASd0b0106a-c56e-4009-82b8-c8a706ee13ce,https://ckan.publishing.service.gov.uk/dataset/6cc30d1b-6dbf-4dfb-98d1-27a70acca65a,marine-environmental-data-information-network
CEFASd0b0f0dd-d4c2-42f6-9d40-154aff365b32,https://ckan.publishing.service.gov.uk/dataset/2729c62a-cf56-44ad-adc1-d9711242292d,marine-environmental-data-information-network
CEFASD149FD34-A264-4A3A-8669-A316E2B5AFCE,https://ckan.publishing.service.gov.uk/dataset/373958ab-825c-4b47-a663-72ae59de1e5e,marine-environmental-data-information-network
CEFASd1530f42-3f6a-457b-a305-63afbb990d65,https://ckan.publishing.service.gov.uk/dataset/0bf53d7c-0d42-4d0f-b4b9-b219a3430c42,marine-environmental-data-information-network
CEFASd170b567-a051-4af2-9295-ca299a009a74,https://ckan.publishing.service.gov.uk/dataset/b38d55e2-c810-4e74-95cb-913f05577152,marine-environmental-data-information-network
CEFASd17d8810-16be-4ab0-b003-f9e7d2ae9ea9,https://ckan.publishing.service.gov.uk/dataset/6254e84b-db0e-4834-a8e4-f0f8c404e729,marine-environmental-data-information-network
CEFASd1d52bd4-cfe9-4e1a-94e2-289edc47cd81,https://ckan.publishing.service.gov.uk/dataset/9838f574-7d30-4951-8d7e-d9247d4be60f,marine-environmental-data-information-network
CEFASd2052644-d387-4b92-9dcd-f0b64515e47b,https://ckan.publishing.service.gov.uk/dataset/14f21555-018c-40be-a9e4-af0e59034998,marine-environmental-data-information-network
CEFASd20b3d83-6aff-4936-ac4a-8dcc3799d565,https://ckan.publishing.service.gov.uk/dataset/0a1de741-0c71-43a6-8fe0-04eee19c083b,marine-environmental-data-information-network
CEFASd24dd642-4cf7-457b-93d6-a84a51355dc7,https://ckan.publishing.service.gov.uk/dataset/b69d129b-9821-438d-8539-bf3c609adbae,marine-environmental-data-information-network
CEFASd26a5f3d-7b74-43c3-a5a1-9f225743b235,https://ckan.publishing.service.gov.uk/dataset/6e156970-6dbb-488d-aaf9-21a779650266,marine-environmental-data-information-network
CEFASd26ff38b-92ad-4756-8905-88a2f6499c80,https://ckan.publishing.service.gov.uk/dataset/f608164d-0190-4197-9e7c-c19c0d0fd269,marine-environmental-data-information-network
CEFASd278f06e-53f5-42e9-a8a3-43ab8f1c41eb,https://ckan.publishing.service.gov.uk/dataset/4216f211-1c90-43a3-852c-d9c74c903cc8,marine-environmental-data-information-network
CEFASd27f51f4-8207-47d5-bf57-4eb29681e64d,https://ckan.publishing.service.gov.uk/dataset/826d2ad5-c4b2-468e-a544-2f4cc6428366,marine-environmental-data-information-network
CEFASd29f59c9-c72a-4a7f-8d25-2f460dfd5bc6,https://ckan.publishing.service.gov.uk/dataset/ccbcc4b1-7be5-4875-8879-c94c79a79f78,marine-environmental-data-information-network
CEFASd2b3ddce-15bd-422e-824f-dbec8423a6c4,https://ckan.publishing.service.gov.uk/dataset/8e504583-04ca-427a-bffb-cb4a72a1874e,marine-environmental-data-information-network
CEFASd2b8466d-1dc5-46f4-8f72-20424663c8e2,https://ckan.publishing.service.gov.uk/dataset/d8c2f945-bb80-42de-ab25-ca5fe27f541b,marine-environmental-data-information-network
CEFASd2d1ba56-2a76-4139-aef4-a11b2dd979cd,https://ckan.publishing.service.gov.uk/dataset/7c86c60e-720b-438c-a5ca-638ead075371,marine-environmental-data-information-network
CEFASd2dd28b0-fa38-4189-8a76-4a2ae3303bdb,https://ckan.publishing.service.gov.uk/dataset/06d6707d-bf99-4348-95f0-9cffd4c8fe2d,marine-environmental-data-information-network
CEFASd316e93a-df6a-4fce-a344-a1e841d31ad5,https://ckan.publishing.service.gov.uk/dataset/83964494-d934-4ca1-81c5-d9444d754f54,marine-environmental-data-information-network
CEFASd31f7ec5-7690-42db-80f4-b4467692dd19,https://ckan.publishing.service.gov.uk/dataset/d9501e8d-7e71-4013-a6eb-453878a83def,marine-environmental-data-information-network
CEFASd322a53d-f405-412b-8115-9035e0d2f910,https://ckan.publishing.service.gov.uk/dataset/93221042-271d-4953-aa2b-1aea22aa9e45,marine-environmental-data-information-network
CEFASd32f5a76-8aac-492f-9d6a-8e25ade77f38,https://ckan.publishing.service.gov.uk/dataset/6ce50f78-15b6-4b1a-b634-3b882b91f38f,marine-environmental-data-information-network
CEFASd34cbee9-997e-401c-9d60-1905f12f1c14,https://ckan.publishing.service.gov.uk/dataset/b65c30dd-6cfb-43e8-8284-471eb09feec1,marine-environmental-data-information-network
CEFASd3508275-f6a6-4164-a61a-c6a1b7e6dd78,https://ckan.publishing.service.gov.uk/dataset/d0e1cd13-79a7-4050-9882-9f703dbe8c19,marine-environmental-data-information-network
CEFASd3cb0ff0-9a46-485d-a73b-a346ad2225ed,https://ckan.publishing.service.gov.uk/dataset/7d9f5005-29e2-4f59-b373-0910e9c1fb94,marine-environmental-data-information-network
CEFASd3fcbc85-d29b-4031-83fb-78ab80157cbd,https://ckan.publishing.service.gov.uk/dataset/5df1bc04-6342-4189-8468-6f0fa52546ff,marine-environmental-data-information-network
CEFASd4177ae2-06d6-4eb1-b0f2-fabb21a2b99b,https://ckan.publishing.service.gov.uk/dataset/8b0fcedf-2101-49b0-9ff0-72eb2a52d959,marine-environmental-data-information-network
CEFASd4184966-3f16-4583-a318-4b64e62ad138,https://ckan.publishing.service.gov.uk/dataset/e56fe428-3014-4c37-bb10-ffae055e0a0a,marine-environmental-data-information-network
CEFASd4273317-5ff0-4762-90df-7abefb098adc,https://ckan.publishing.service.gov.uk/dataset/4b14b170-d494-4e5a-9168-25b3f3417bf2,marine-environmental-data-information-network
CEFASd4368bcc-2ab3-49c3-ab6d-9a60d85c5fc5,https://ckan.publishing.service.gov.uk/dataset/03b1c0d6-74cc-4051-8641-f7f2d61b488e,marine-environmental-data-information-network
CEFASD43C6B07-162E-45F4-8615-B3BD3D9D4A6F,https://ckan.publishing.service.gov.uk/dataset/d24d4113-d6db-4303-b3b2-126daaa9a978,marine-environmental-data-information-network
CEFASD498B24C-E56B-4274-AD68-23EA55CDD72B,https://ckan.publishing.service.gov.uk/dataset/ba47629f-c344-4922-b1da-9ee968912355,marine-environmental-data-information-network
CEFASd4f445a8-9e6d-473d-bd67-d6f88d5d40de,https://ckan.publishing.service.gov.uk/dataset/24a66867-9c6d-4fa5-91ca-81292d7e49dc,marine-environmental-data-information-network
CEFASd55dc6f7-ed8c-4ea0-a200-e53e1e508e9f,https://ckan.publishing.service.gov.uk/dataset/cfef1a5d-de7e-4a8b-a9b4-9d098d93e8f2,marine-environmental-data-information-network
CEFASD574F8D5-A5DC-410C-B641-382BA4C27D1A,https://ckan.publishing.service.gov.uk/dataset/c599c108-a2ec-4027-838c-b550c247c714,marine-environmental-data-information-network
CEFASd58329a7-9a47-4f34-903a-a7eb069eb4fc,https://ckan.publishing.service.gov.uk/dataset/26e024a6-a3cc-4cab-8409-8d535b4dd900,marine-environmental-data-information-network
CEFASd5a377c9-d566-4b38-89d9-ae7b9c3bee9b,https://ckan.publishing.service.gov.uk/dataset/0052ed80-2327-49bf-9803-0eba1d92d8c3,marine-environmental-data-information-network
CEFASd5d473b1-9d1a-4b15-870c-16f122c2bc44,https://ckan.publishing.service.gov.uk/dataset/833acedf-a43a-4185-b3f2-63b6ca1242dd,marine-environmental-data-information-network
CEFASd62ba185-3693-4571-9930-ec5a214174e3,https://ckan.publishing.service.gov.uk/dataset/529fc7b4-61e8-4af1-a5ad-f9ed338c5adb,marine-environmental-data-information-network
CEFASd63ba650-a2c6-43f6-9306-3e2c1cd9988a,https://ckan.publishing.service.gov.uk/dataset/6edaf9e6-4e18-4781-ae60-b8646cbd13df,marine-environmental-data-information-network
CEFASd63d1d38-3efd-4420-b90c-ea8f60364ded,https://ckan.publishing.service.gov.uk/dataset/57c88489-4478-466b-b624-f998918e3429,marine-environmental-data-information-network
CEFASd6628e0c-eaf8-4a1c-a240-09f2542da024,https://ckan.publishing.service.gov.uk/dataset/cc35e5dd-6f6b-47be-889d-6016465d3811,marine-environmental-data-information-network
CEFASd66b97bb-d77f-4f4e-a17f-8255117dce6d,https://ckan.publishing.service.gov.uk/dataset/7f9e51d6-8a7e-4879-aa00-2493b3ef2835,marine-environmental-data-information-network
CEFASd692f39c-958b-474e-b6a2-537c315c53fe,https://ckan.publishing.service.gov.uk/dataset/704a566d-c998-4076-a47a-f053a0a26fc3,marine-environmental-data-information-network
CEFASd69691bf-6c45-45dd-afaa-3c4c6631b381,https://ckan.publishing.service.gov.uk/dataset/afc91a7b-68af-4179-bd9a-cbe0587bd04f,marine-environmental-data-information-network
CEFASd6bdb7cb-cc1e-48c6-8fcb-8a4474a77a3c,https://ckan.publishing.service.gov.uk/dataset/ddcd7964-8c77-4b05-82d8-60822141da81,marine-environmental-data-information-network
CEFASD701B9ED-CAD1-4902-A579-D4E0F86D7D2A,https://ckan.publishing.service.gov.uk/dataset/e912f931-4346-4bad-b1f2-450842991a74,marine-environmental-data-information-network
CEFASd70c69a8-f8db-4e43-8070-ac92d2f748b2,https://ckan.publishing.service.gov.uk/dataset/9c4cf23e-9bdc-4aa9-88bc-87f1d5206061,marine-environmental-data-information-network
CEFASd716572d-ae79-4b85-9c3d-0f97538905d8,https://ckan.publishing.service.gov.uk/dataset/6d160d94-3488-4812-90b8-737fa83a10dc,marine-environmental-data-information-network
CEFASd741a9b5-d0e3-4a31-8ec8-8a1f96140b8d,https://ckan.publishing.service.gov.uk/dataset/434a2b2b-1a50-49a4-b029-25bdaed717bf,marine-environmental-data-information-network
CEFASd77176af-1c83-454a-bde9-a77239685ca5,https://ckan.publishing.service.gov.uk/dataset/398462c1-43dc-494d-83dc-7e551d5d321a,marine-environmental-data-information-network
CEFASd7910801-9e14-4a97-8709-8c64f83e8311,https://ckan.publishing.service.gov.uk/dataset/c934e0e1-3365-45a8-a4db-84c796a44ea3,marine-environmental-data-information-network
CEFASd7cd9291-27ee-43b4-98d0-869198b82191,https://ckan.publishing.service.gov.uk/dataset/5880c04a-d4a8-4a58-84f0-dc3804889a90,marine-environmental-data-information-network
CEFASd7f88cf2-b2f2-43bd-932b-0f45d040fecb,https://ckan.publishing.service.gov.uk/dataset/690cc949-fce7-489c-8d21-21cb8cf000b2,marine-environmental-data-information-network
CEFASD7FC3D70-6093-464C-AA4C-C93D213C9CBA,https://ckan.publishing.service.gov.uk/dataset/ee4075aa-7136-4fb4-96b2-eb51d353fde6,marine-environmental-data-information-network
CEFASd81ba772-a1cf-4bde-a879-bfc8e8c0b6af,https://ckan.publishing.service.gov.uk/dataset/4c24f145-728c-420f-acaf-9bb706c66892,marine-environmental-data-information-network
CEFASd82bc644-b482-4583-b05d-b19a6a6479e6,https://ckan.publishing.service.gov.uk/dataset/cc5473d6-0775-4e92-9dd3-09fa43420dd8,marine-environmental-data-information-network
CEFASd850b418-61a1-43dc-bf02-12f3fb82e4f3,https://ckan.publishing.service.gov.uk/dataset/93e93be3-cc32-43e3-9930-0e918e0f8c3a,marine-environmental-data-information-network
CEFASd868d340-63cc-4a90-be38-48d40f5142d8,https://ckan.publishing.service.gov.uk/dataset/98ffc72b-d176-40d7-9eee-9cc666ef4b51,marine-environmental-data-information-network
CEFASd87a7f22-01b3-4af3-9b5a-474c56d3a399,https://ckan.publishing.service.gov.uk/dataset/ca5250a4-2de2-49a6-bd3b-c03d2b4f5f4f,marine-environmental-data-information-network
CEFASd88fec87-3287-4134-8c8a-d39927160055,https://ckan.publishing.service.gov.uk/dataset/376e4e39-ac73-4cfd-a0cd-d198521fd90e,marine-environmental-data-information-network
CEFASd8e816c0-f32d-463e-a7c2-74258b4d7497,https://ckan.publishing.service.gov.uk/dataset/4ebd431f-263f-447c-ada3-2b676b181a57,marine-environmental-data-information-network
CEFASd8f25710-a22f-482c-a028-524dd2c630b4,https://ckan.publishing.service.gov.uk/dataset/4761ff41-8937-4b2b-b398-bd16ea235e39,marine-environmental-data-information-network
CEFASd8f7016f-7294-45fb-b1e8-e8bae4046256,https://ckan.publishing.service.gov.uk/dataset/964247d6-2555-4a7b-acb4-db8e6b296175,marine-environmental-data-information-network
CEFASd90a7c1b-5cdb-4e8a-bc5d-81a7f241c085,https://ckan.publishing.service.gov.uk/dataset/89df80e1-100c-4f71-9fa1-13954eaa8e58,marine-environmental-data-information-network
CEFASd912585d-167c-4bd7-9cb9-584735d04078,https://ckan.publishing.service.gov.uk/dataset/8b7193ac-06d0-49f7-9a9b-5820366b5edf,marine-environmental-data-information-network
CEFASd91b43a8-f8cc-415a-92eb-effdd16456e4,https://ckan.publishing.service.gov.uk/dataset/61272e1e-22d0-4ec1-976d-8a9a44b8eca0,marine-environmental-data-information-network
CEFASD969CF94-B619-42A3-8DF9-7A7C0BA062C7,https://ckan.publishing.service.gov.uk/dataset/88e7824f-3c6a-4714-931c-6fd2d047d045,marine-environmental-data-information-network
CEFASd986aaa4-9d03-4355-a4f5-3ea6cc43cd59,https://ckan.publishing.service.gov.uk/dataset/857fa765-e2e6-494e-af20-6e61dddf6800,marine-environmental-data-information-network
CEFASd9b66077-d731-421c-89fc-b12186e456d4,https://ckan.publishing.service.gov.uk/dataset/f697b5c5-4e79-4aba-b8f9-c07a1620105a,marine-environmental-data-information-network
CEFASd9f17efd-ca53-4953-a4c5-5457b8040fb1,https://ckan.publishing.service.gov.uk/dataset/e2f6f520-daa8-4e5a-81e5-7708438fcb1c,marine-environmental-data-information-network
CEFASda169f9d-aa49-49b7-ae9a-3467f89823d7,https://ckan.publishing.service.gov.uk/dataset/41f2296a-7f85-420e-a1ff-6264d2a3823a,marine-environmental-data-information-network
CEFASda17ac7a-d6bd-45f2-8d69-cd77cc49d575,https://ckan.publishing.service.gov.uk/dataset/cca857ac-b6bf-48b6-be8c-5ae29d8d6ca4,marine-environmental-data-information-network
CEFASda5baf7c-9a19-4859-a6bc-8915f404f87b,https://ckan.publishing.service.gov.uk/dataset/2d435e69-fb09-4647-802c-f6fc8495fa3c,marine-environmental-data-information-network
CEFASda8a13a9-d72e-45d7-a60d-b65bc0d2b3ca,https://ckan.publishing.service.gov.uk/dataset/24937e57-9492-4d47-ad1d-495f1b0846bc,marine-environmental-data-information-network
CEFASdaa22d59-2019-47b9-8e94-e0ee5a71d255,https://ckan.publishing.service.gov.uk/dataset/ee88affa-1684-4e1d-9030-be5e8f3de5df,marine-environmental-data-information-network
CEFASdab8c14b-fc03-47fa-b10c-3dffd9ffa7e2,https://ckan.publishing.service.gov.uk/dataset/7b43764c-bb2f-415a-ab5f-0d0b8fdb8585,marine-environmental-data-information-network
CEFASdac99fc2-b95d-43d9-96b4-cef008f2a742,https://ckan.publishing.service.gov.uk/dataset/f326397e-3723-4a63-8560-075d77b70f1d,marine-environmental-data-information-network
CEFASdb12991d-fcb3-400b-b318-b2f759b4d54b,https://ckan.publishing.service.gov.uk/dataset/bf8f5b35-d2d1-43d8-8b64-385869b19036,marine-environmental-data-information-network
CEFASDB21D3DE-C7A6-49A1-8EC1-3A957239783D,https://ckan.publishing.service.gov.uk/dataset/ff371515-cf88-4391-9811-01d66fceaacc,marine-environmental-data-information-network
CEFASdb6b286f-cfb8-40f3-8816-0ee0d0d834b9,https://ckan.publishing.service.gov.uk/dataset/6e70d6f6-4a53-4a7f-9090-0981b47fce50,marine-environmental-data-information-network
CEFASdb729d01-5ce7-466e-9a83-81ccde2108b6,https://ckan.publishing.service.gov.uk/dataset/f2113bd3-c41c-4396-84b0-6e09d668414f,marine-environmental-data-information-network
CEFASdbad0553-e4c5-470f-9ef1-4aee2824a484,https://ckan.publishing.service.gov.uk/dataset/c4e60ea1-2223-41ab-9ede-2dbb76efabc4,marine-environmental-data-information-network
CEFASdbd97850-317b-4ddd-97c7-e21d9cd1b21c,https://ckan.publishing.service.gov.uk/dataset/5c5df366-0250-4618-a010-14eb74955a35,marine-environmental-data-information-network
CEFASdbfbf897-13ed-42a1-9e94-a7b16524edac,https://ckan.publishing.service.gov.uk/dataset/6b3110da-4489-4b23-938e-02c306db8d10,marine-environmental-data-information-network
CEFASdc2bb75f-a6cc-463d-a77a-985fb2f2c3b6,https://ckan.publishing.service.gov.uk/dataset/b048db8c-77a6-4c1c-8423-f123fe5603cc,marine-environmental-data-information-network
CEFASDC45FC99-2D14-4AE9-9066-F8023B9B387E,https://ckan.publishing.service.gov.uk/dataset/c5aed288-06f7-443a-bfe5-44b604fb0758,marine-environmental-data-information-network
CEFASdc4d190e-637f-4fed-bc55-cb26f97c7610,https://ckan.publishing.service.gov.uk/dataset/b33b09fe-e861-4530-88bb-0bbf5c16546d,marine-environmental-data-information-network
CEFASDC6F2B14-95A2-484D-AFFA-129D1057F5AA,https://ckan.publishing.service.gov.uk/dataset/a5ef78a5-70c0-4e7b-a25f-398b6e9c8070,marine-environmental-data-information-network
CEFASdd0b9e2d-4dd8-4410-835d-86656e8d4878,https://ckan.publishing.service.gov.uk/dataset/9a4d6d81-d6b7-48f1-87bf-1cc765a8c0cd,marine-environmental-data-information-network
CEFASdd166c03-c5ba-459d-957c-38d22807df9f,https://ckan.publishing.service.gov.uk/dataset/a9910522-98db-4406-9898-861b44b223f3,marine-environmental-data-information-network
CEFASdd390f40-160e-48a4-b004-acd71b2b4d2e,https://ckan.publishing.service.gov.uk/dataset/88cd0e87-c0e3-4645-905d-afdc94f72d1b,marine-environmental-data-information-network
CEFASdd483721-05be-4938-a74f-8f9b60081152,https://ckan.publishing.service.gov.uk/dataset/840814f3-46b2-40ab-b006-c6126a5fd04d,marine-environmental-data-information-network
CEFASdd4ed34c-15db-4974-977c-3cb941bbd38e,https://ckan.publishing.service.gov.uk/dataset/f2a26561-95ac-4e38-9347-29237d9a81b9,marine-environmental-data-information-network
CEFASdd5d9b52-8ede-4ff4-9520-3eecfce2bf5c,https://ckan.publishing.service.gov.uk/dataset/bf665a27-f417-4fc3-96e4-55c166ed3751,marine-environmental-data-information-network
CEFASddafc9be-3311-4061-99e3-c4c90b5ad9f5,https://ckan.publishing.service.gov.uk/dataset/3f2f05d5-3d3d-437a-95a4-58d8220f2bce,marine-environmental-data-information-network
CEFASDDC19C04-01C0-44C6-B112-B45352394EE4,https://ckan.publishing.service.gov.uk/dataset/629af8eb-400e-45ec-a253-82d52d3a4a27,marine-environmental-data-information-network
CEFASddc52b46-b324-4d1d-b1ba-b22bc26da287,https://ckan.publishing.service.gov.uk/dataset/cf5c7335-713c-487e-bb34-85bdce12ece7,marine-environmental-data-information-network
CEFASde22697a-74b4-4c19-8249-c775d83eb606,https://ckan.publishing.service.gov.uk/dataset/5b08f63c-5c9c-404d-a51d-25352e42e864,marine-environmental-data-information-network
CEFASde374823-2c65-446e-9a78-861df490d378,https://ckan.publishing.service.gov.uk/dataset/7a88051a-411a-42be-b500-1bb79b4da7d9,marine-environmental-data-information-network
CEFASde383d26-9a43-4ee0-a116-f15781fe5547,https://ckan.publishing.service.gov.uk/dataset/31431860-96b5-4c5e-aa4c-4b2d337b4f76,marine-environmental-data-information-network
CEFASde49ca61-6f78-42a7-ad87-47e954989b81,https://ckan.publishing.service.gov.uk/dataset/f34676b9-68ca-4cbf-abff-586852100c19,marine-environmental-data-information-network
CEFASde4a588e-050b-4308-b707-2824100088cb,https://ckan.publishing.service.gov.uk/dataset/b212f747-4730-42d6-9e3b-e6958753613e,marine-environmental-data-information-network
CEFASdf0cad98-421a-4ecf-bf4b-93a0de765abd,https://ckan.publishing.service.gov.uk/dataset/24f929fd-34f7-43a1-9d6b-3030ca6b1528,marine-environmental-data-information-network
CEFASdf381076-2d76-4c4f-9722-ab15324ba329,https://ckan.publishing.service.gov.uk/dataset/25908afb-6190-4ab5-98a8-e46f871d21ba,marine-environmental-data-information-network
CEFASdf783bfe-cca0-4aab-a524-afb55f834312,https://ckan.publishing.service.gov.uk/dataset/ad3f5e74-b323-4887-8cfc-b9f8d518fa93,marine-environmental-data-information-network
CEFASdfa94598-a965-4832-bcdb-467c23deef6c,https://ckan.publishing.service.gov.uk/dataset/b5f985fd-eeb8-4b58-80e6-930d4fed305a,marine-environmental-data-information-network
CEFASdfa973ac-81c9-4360-b94c-a8efec355c8c,https://ckan.publishing.service.gov.uk/dataset/a5581641-1621-4424-88ef-a75936969a08,marine-environmental-data-information-network
CEFASdfec8d93-9eaa-4cee-a98c-1a62e480155b,https://ckan.publishing.service.gov.uk/dataset/53d65a15-28a5-4c55-a81a-ab5c69932a1c,marine-environmental-data-information-network
CEFASe0196680-c075-4bac-a1d1-6d84fbeb1a92,https://ckan.publishing.service.gov.uk/dataset/eb69b697-ec08-454f-b804-1cec78361fa8,marine-environmental-data-information-network
CEFASe045e7a4-5455-49b8-acec-f0737f76503a,https://ckan.publishing.service.gov.uk/dataset/2f43cb17-d11b-40ea-a5cf-0644d0dc3097,marine-environmental-data-information-network
CEFASe049ffc5-38e9-43d4-8712-be8799007ec7,https://ckan.publishing.service.gov.uk/dataset/62fabb31-8852-443f-9760-4ca2c63a59e6,marine-environmental-data-information-network
CEFASE0589FBE-4EE8-4C71-8CF7-1779D91E61E7,https://ckan.publishing.service.gov.uk/dataset/3ac78ff8-ea1b-4f5e-b6bb-254bb01b7e2e,marine-environmental-data-information-network
CEFASE0660C8B-FAF2-4314-8211-6B137D279D7F,https://ckan.publishing.service.gov.uk/dataset/016ce12e-0491-4862-b93a-8431cbe11e7a,marine-environmental-data-information-network
CEFASe068cc06-7217-4438-923c-3d8bde912b82,https://ckan.publishing.service.gov.uk/dataset/c5261be6-7d33-433f-b4ce-0cd98b3f3649,marine-environmental-data-information-network
CEFASe06ca53c-ec42-4130-b3c1-46cf1d317a1a,https://ckan.publishing.service.gov.uk/dataset/66d7b2d8-99d4-4028-9032-c27cfb893a7f,marine-environmental-data-information-network
CEFASe0b52064-ea3b-42f7-bda7-2be023ef4244,https://ckan.publishing.service.gov.uk/dataset/42ce678f-a096-4709-ade2-d39fd977d0b7,marine-environmental-data-information-network
CEFASe0b9cae7-580e-4f12-a35c-31ddc03a3147,https://ckan.publishing.service.gov.uk/dataset/b5f9a9b3-ad94-40aa-9893-da0dcfc28b70,marine-environmental-data-information-network
CEFASe0e4e534-ec1d-4726-b216-63945440979a,https://ckan.publishing.service.gov.uk/dataset/d1b07657-e527-40c5-83b0-2ac22245c4c6,marine-environmental-data-information-network
CEFASe1113883-eaa6-492b-b306-67e50d2d2061,https://ckan.publishing.service.gov.uk/dataset/78af43b9-8fa1-4c11-8a19-a81ade6cafec,marine-environmental-data-information-network
CEFASe117394b-ff98-4ec5-aa65-951641cc096d,https://ckan.publishing.service.gov.uk/dataset/d321a428-2a51-4eb7-83ed-92577302feca,marine-environmental-data-information-network
CEFASe147dcef-591e-4209-b2f1-3458d95351cb,https://ckan.publishing.service.gov.uk/dataset/c62e9685-74df-4754-982a-3281778a349c,marine-environmental-data-information-network
CEFASe15b3939-00cc-456b-b10b-d9bbb7e1a7e4,https://ckan.publishing.service.gov.uk/dataset/41c58cf2-ed87-4871-ac45-3c383f37d589,marine-environmental-data-information-network
CEFASe16dba95-cdb6-43f3-82b7-20aa7e69bcf7,https://ckan.publishing.service.gov.uk/dataset/8786dfec-93ed-4d94-b966-48a99985e610,marine-environmental-data-information-network
CEFASe1849bc9-8089-40fc-92de-615855bd2077,https://ckan.publishing.service.gov.uk/dataset/14e75f7e-978b-4dc6-9835-d969120eadc2,marine-environmental-data-information-network
CEFASe1ab26c0-7198-4df9-8427-c6dfef8cab3d,https://ckan.publishing.service.gov.uk/dataset/df472f73-898e-48a5-ad4f-41a0dfad571e,marine-environmental-data-information-network
CEFASe1b47acc-e7fc-43df-9502-d2244d6b6a48,https://ckan.publishing.service.gov.uk/dataset/d057a1d1-2bb5-4748-8b81-849422f1a540,marine-environmental-data-information-network
CEFASe1c88adb-a4ec-4d9a-94fb-f04a593bf549,https://ckan.publishing.service.gov.uk/dataset/3e7dca4a-d0d5-4223-8519-90d2d46d9028,marine-environmental-data-information-network
CEFASe1d2787d-8b59-446b-acd9-6b31b49cfb06,https://ckan.publishing.service.gov.uk/dataset/5eed012f-87c7-4b26-bf49-8d74d0ca39dc,marine-environmental-data-information-network
CEFASe202e54a-99c6-4447-827e-67e6cfb1f864,https://ckan.publishing.service.gov.uk/dataset/b24b9275-4c30-493c-9488-101ab0ab71f1,marine-environmental-data-information-network
CEFASe2088143-72fd-413a-a461-130bffd5f97a,https://ckan.publishing.service.gov.uk/dataset/7562763d-ebe3-45d2-aed6-cffaa7575be1,marine-environmental-data-information-network
CEFASe213f0d8-c7f2-4ab4-933d-c17dc405c17c,https://ckan.publishing.service.gov.uk/dataset/94be0d49-68af-447b-82fe-0e176143fe01,marine-environmental-data-information-network
CEFASe2669c34-7838-402e-8c44-154b37e9932f,https://ckan.publishing.service.gov.uk/dataset/b533f676-d5c9-4403-8e2b-8d6bb5dcba30,marine-environmental-data-information-network
CEFASe28b4bb9-0bdb-40dc-8bfe-16e2c2505c54,https://ckan.publishing.service.gov.uk/dataset/8b47dd9b-3eff-498f-9bfb-866ad13d2071,marine-environmental-data-information-network
CEFASe2d874b4-22f8-407d-8fb6-905697902fac,https://ckan.publishing.service.gov.uk/dataset/7b7656a0-26c4-474c-be90-82b89f4224f6,marine-environmental-data-information-network
CEFASE2E258B6-1F16-4B65-84FB-7255894F0E12,https://ckan.publishing.service.gov.uk/dataset/45ad4def-760a-4b8e-8c1f-ff84da20d0e6,marine-environmental-data-information-network
CEFASe2f24973-c497-4a4a-b357-d8b24567a198,https://ckan.publishing.service.gov.uk/dataset/c2cdaf0a-66bd-4a71-abc2-d908949e7abf,marine-environmental-data-information-network
CEFASe37a6a47-a4ef-451e-b11c-17e012208b0c,https://ckan.publishing.service.gov.uk/dataset/dd61e7d3-d09b-4478-a8a3-9b76c46d0fcf,marine-environmental-data-information-network
CEFASe38bf65e-a040-4dca-8e00-bc0ee809924e,https://ckan.publishing.service.gov.uk/dataset/a0b78da3-4955-4111-9dc0-afe6566b7cb7,marine-environmental-data-information-network
CEFASE395F6D2-443F-4F15-845B-47BC192A6829,https://ckan.publishing.service.gov.uk/dataset/50f2c7ec-ce7c-4c6d-96e0-dfd9c5fdcb44,marine-environmental-data-information-network
CEFASe39865ef-ea4f-4c67-bf6f-383506677076,https://ckan.publishing.service.gov.uk/dataset/c20dff40-6eb4-4f8e-863e-d2bf6f25de95,marine-environmental-data-information-network
CEFASe39a1545-5e04-4528-b7d3-026e482145ce,https://ckan.publishing.service.gov.uk/dataset/e43860b0-bca7-420d-98ab-70143f33c690,marine-environmental-data-information-network
CEFASe3af1630-61f3-452e-9b4a-738d8d9bda66,https://ckan.publishing.service.gov.uk/dataset/67faf000-c80b-4841-96de-cfe6b51c62a1,marine-environmental-data-information-network
CEFASe3b39927-4b4c-4b78-9672-506fecdd9c8f,https://ckan.publishing.service.gov.uk/dataset/8ec68973-899d-47cc-8c44-804bc4156af5,marine-environmental-data-information-network
CEFASe3eec1de-f63a-4dde-9979-51738f9a1e3c,https://ckan.publishing.service.gov.uk/dataset/a0f2c99e-36e6-45fa-8198-1f355e74b7a3,marine-environmental-data-information-network
CEFASe40207b8-8739-46b4-9177-03bc430dcd13,https://ckan.publishing.service.gov.uk/dataset/8e74cf3b-1604-4ce6-bdcb-af0a3bae44c3,marine-environmental-data-information-network
CEFASe405c768-4c1c-4877-9c94-47931bd962f0,https://ckan.publishing.service.gov.uk/dataset/f913ebca-9a3e-46ec-8c26-3d0682d26f51,marine-environmental-data-information-network
CEFASe412e320-f809-4e1a-a4d6-81594176d76f,https://ckan.publishing.service.gov.uk/dataset/eb85782a-3c9c-44c6-856c-c29602185bb8,marine-environmental-data-information-network
CEFASe47d0891-0d38-4c23-b7ef-20b39c5c7394,https://ckan.publishing.service.gov.uk/dataset/36ab5fd4-d32c-4010-a80b-678af924bff3,marine-environmental-data-information-network
CEFASe490ee46-e747-4b04-a9b5-c9d47c9d5600,https://ckan.publishing.service.gov.uk/dataset/9d571062-2156-4456-a7b7-7076dfb670b9,marine-environmental-data-information-network
CEFASe49790cc-1ada-4204-b250-d9d8fa416a0d,https://ckan.publishing.service.gov.uk/dataset/3d0eb027-732f-46a0-93b6-fcb147351f94,marine-environmental-data-information-network
CEFASe4b32687-1ebc-4f6b-b5e0-feab1b8f13e9,https://ckan.publishing.service.gov.uk/dataset/ae826807-1fa0-40dc-9661-81dfca5bfad6,marine-environmental-data-information-network
CEFASe50df6c7-c945-4699-869c-c204a747a30a,https://ckan.publishing.service.gov.uk/dataset/ccc87b0a-7c77-4f81-bb50-7883ec3b42a2,marine-environmental-data-information-network
CEFASe5307670-d870-4946-af42-fa6e9529d5cb,https://ckan.publishing.service.gov.uk/dataset/befc9366-7319-4f62-adf0-8bdb97887b18,marine-environmental-data-information-network
CEFASe53d6c42-dae0-4454-8456-c936c57ef2a5,https://ckan.publishing.service.gov.uk/dataset/0189dee1-f53e-489c-af66-90658a6fb3b8,marine-environmental-data-information-network
CEFASe53e46f2-c0c5-44a1-a720-b8a178d1e5a1,https://ckan.publishing.service.gov.uk/dataset/4f84b214-b6ec-423a-8290-371bf9d42bfe,marine-environmental-data-information-network
CEFASe54ac4aa-7f8b-48e9-b4a4-efb951d3f416,https://ckan.publishing.service.gov.uk/dataset/fd445b02-56c4-43dc-834b-9731d4aef418,marine-environmental-data-information-network
CEFASe575efd5-6b68-46df-b4e6-1f7989704a12,https://ckan.publishing.service.gov.uk/dataset/b6de9841-f758-4a7d-8db2-cc1c187a563e,marine-environmental-data-information-network
CEFASe581bfbd-92bd-470a-b735-3803ef9b6a54,https://ckan.publishing.service.gov.uk/dataset/a5081b1f-fe53-462a-920a-5a13679b898b,marine-environmental-data-information-network
CEFASe5eb6382-8af0-43ef-9cf4-e576b72525bc,https://ckan.publishing.service.gov.uk/dataset/02143069-301d-48e8-b64c-0985f0f4054f,marine-environmental-data-information-network
CEFASE6135BCA-1431-467D-BF67-659C57F73594,https://ckan.publishing.service.gov.uk/dataset/767a7649-daea-4de5-a4dc-7ac25233599a,marine-environmental-data-information-network
CEFASe61eb336-33b5-47bf-bf88-a65626586bb5,https://ckan.publishing.service.gov.uk/dataset/090d2348-4dfa-471b-97d0-7594004286c5,marine-environmental-data-information-network
CEFASe62a70d1-5558-4b05-bc79-b765555b5f0a,https://ckan.publishing.service.gov.uk/dataset/faafc27c-0211-4367-8cad-85356a719e75,marine-environmental-data-information-network
CEFASe64c8df1-96bd-4671-bb33-0caec45b93e2,https://ckan.publishing.service.gov.uk/dataset/71a806a7-107b-4cda-b85c-ba6edb99d56d,marine-environmental-data-information-network
CEFASe65a983a-59c4-4ce4-9e61-1d68a57ef2aa,https://ckan.publishing.service.gov.uk/dataset/72988a4e-41c4-40e2-8498-ea8580cfe5b7,marine-environmental-data-information-network
CEFASe661b6b9-f964-4891-ab16-62de9f28346f,https://ckan.publishing.service.gov.uk/dataset/7983a050-7b8d-4cf7-b782-4202132bdc11,marine-environmental-data-information-network
CEFASe66a1975-e00b-4c0b-a255-b0fbec02af7f,https://ckan.publishing.service.gov.uk/dataset/0d9e58b6-37d9-4d8f-9030-3b6279e623b4,marine-environmental-data-information-network
CEFASe698db81-77d2-4477-beb4-3fbb20384db9,https://ckan.publishing.service.gov.uk/dataset/a6170279-8f33-449d-a0aa-364a3eace347,marine-environmental-data-information-network
CEFASe6eaceb2-e772-4783-847d-25a121edd16c,https://ckan.publishing.service.gov.uk/dataset/b895cb40-4cf2-484e-836c-b98b48810a3b,marine-environmental-data-information-network
CEFASe6edb9b9-25de-4d02-9235-694172b513b7,https://ckan.publishing.service.gov.uk/dataset/74c1ab59-74f7-4941-83c8-f7326a511fa3,marine-environmental-data-information-network
CEFASe6f01ac7-14fa-4d46-8f7e-4a01d9530058,https://ckan.publishing.service.gov.uk/dataset/4966cf94-3911-4da2-aa72-f858427626c6,marine-environmental-data-information-network
CEFASe6fa80d3-ebb7-43e8-859a-583f7ac6173f,https://ckan.publishing.service.gov.uk/dataset/6673d9e3-dbdc-4237-a2c6-c243229c295c,marine-environmental-data-information-network
CEFASe70864ce-2270-4954-abcb-a59df88b18c6,https://ckan.publishing.service.gov.uk/dataset/b99aa50a-f46d-4ab2-85b8-f950f2cbeac1,marine-environmental-data-information-network
CEFASe72519e9-ce17-4935-9dee-4e8bb85c3884,https://ckan.publishing.service.gov.uk/dataset/3ca43e79-e1bc-4574-960d-6fe2157b1960,marine-environmental-data-information-network
CEFASe74b09e3-5ead-4053-afde-4b57d3c429d9,https://ckan.publishing.service.gov.uk/dataset/02e23733-17c4-491e-9e8f-9d329c7783fc,marine-environmental-data-information-network
CEFASe7593e3f-ca1e-44c9-9042-1ec4a258e364,https://ckan.publishing.service.gov.uk/dataset/d8f7a53f-a518-41eb-8c32-ef30de768add,marine-environmental-data-information-network
CEFASE77E7550-2D39-430F-A548-A89262EB0A21,https://ckan.publishing.service.gov.uk/dataset/a4b6ca1e-286e-4ca9-968c-0fdb005364c6,marine-environmental-data-information-network
CEFASe7a194d0-7d41-4e6a-a6e8-7a53e6e26b8e,https://ckan.publishing.service.gov.uk/dataset/c3598194-3f81-46db-a351-128b1022f5fa,marine-environmental-data-information-network
CEFASe7a6d4ed-2d83-4b52-9ba6-2dfaa7d9ed48,https://ckan.publishing.service.gov.uk/dataset/9a92e150-0079-488b-b219-a7eff7444eb8,marine-environmental-data-information-network
CEFASe7c5ba2c-ff13-424a-b14f-7bac183d59c4,https://ckan.publishing.service.gov.uk/dataset/387dfee6-6d25-4b61-bd8b-83c21f3de0eb,marine-environmental-data-information-network
CEFASe7c69488-ab81-4bbc-8ac2-35e1c74be30c,https://ckan.publishing.service.gov.uk/dataset/c9f9a13a-0699-4ba3-9d2a-d3b8073e1f00,marine-environmental-data-information-network
CEFASe7d91397-a9a0-4202-8e85-173c96d0a500,https://ckan.publishing.service.gov.uk/dataset/55f7856b-39bc-4e56-9a3e-0148ff6f34ba,marine-environmental-data-information-network
CEFASe7e5d840-2a07-40d2-9086-bf50e378714f,https://ckan.publishing.service.gov.uk/dataset/4d9bb72c-9c45-4e5a-896e-2fb5dc8d8d3c,marine-environmental-data-information-network
CEFASe807a106-3091-41aa-9715-9b62e0f81427,https://ckan.publishing.service.gov.uk/dataset/1c32872a-a4f2-4ea9-903d-d64787d1d5cc,marine-environmental-data-information-network
CEFASE84E9549-459F-4E66-BE2E-AC5A2E2AAFB3,https://ckan.publishing.service.gov.uk/dataset/95a55b20-90f9-4392-9b4d-15e53f19fe74,marine-environmental-data-information-network
CEFASe8ac099b-9e99-4686-9477-67260ac923a6,https://ckan.publishing.service.gov.uk/dataset/71122406-b0e7-4261-ab58-8b5d9ce8126f,marine-environmental-data-information-network
CEFASe8c4601f-a1fb-4083-a24a-e8da33d6ce91,https://ckan.publishing.service.gov.uk/dataset/b363960d-9f41-4335-92dc-bb11c626ee85,marine-environmental-data-information-network
CEFASe8cb7410-5e10-4847-9546-78c4428b06e8,https://ckan.publishing.service.gov.uk/dataset/e6a0f71e-e585-4460-9925-aa60c2d65dff,marine-environmental-data-information-network
CEFASe8d0b711-4189-48c5-833f-a664e7de91e6,https://ckan.publishing.service.gov.uk/dataset/7c979f83-7633-40e7-8f64-445af18316d6,marine-environmental-data-information-network
CEFASe96068e7-b260-4bcc-a132-4b6af99dcc63,https://ckan.publishing.service.gov.uk/dataset/03a673f1-7969-4244-8bbe-22f4fa66906b,marine-environmental-data-information-network
CEFASE961E480-1C10-4328-ADDB-983E3603139D,https://ckan.publishing.service.gov.uk/dataset/1fa9ba22-cf7b-463b-8994-abd438baf263,marine-environmental-data-information-network
CEFASE9885357-B788-478B-8067-C7594187041B,https://ckan.publishing.service.gov.uk/dataset/dca92b87-f128-4351-8329-9cd25caa178b,marine-environmental-data-information-network
CEFASe9abcd44-3d73-4d14-93d5-e5e57f102c2e,https://ckan.publishing.service.gov.uk/dataset/5d25531b-c3db-43be-9312-ef33f6d277c1,marine-environmental-data-information-network
CEFASe9bf04f4-b9d3-433e-89ae-0548ab343741,https://ckan.publishing.service.gov.uk/dataset/7cfc4773-ed98-4b30-aab5-811856aaf23b,marine-environmental-data-information-network
CEFASea53d950-9bd2-4100-8a1f-682e031469bd,https://ckan.publishing.service.gov.uk/dataset/b39857c5-e487-4bea-8ce1-0666018a0aaf,marine-environmental-data-information-network
CEFASea57d9e9-d200-4d1a-a957-48a8002faba8,https://ckan.publishing.service.gov.uk/dataset/cd61cb75-376a-4a35-8f47-7ce0f7c20e02,marine-environmental-data-information-network
CEFASea5e4275-edcb-4239-94fa-c0ac3151aa5e,https://ckan.publishing.service.gov.uk/dataset/03cb093d-d344-46a2-8f70-d6a95e6a35f7,marine-environmental-data-information-network
CEFASea7988b9-3eb6-474f-828a-9d9254b27514,https://ckan.publishing.service.gov.uk/dataset/294d51ea-aeee-48b6-befe-3a44718b62ef,marine-environmental-data-information-network
CEFASEA7A87BA-BFB1-4F57-926E-5739BC686A88,https://ckan.publishing.service.gov.uk/dataset/ae6b427f-32bd-499f-9063-0b12fc089077,marine-environmental-data-information-network
CEFASea81b0f6-1238-4489-993e-eb51d2ce99ee,https://ckan.publishing.service.gov.uk/dataset/e1206dff-ab2f-472a-acc6-ad58286f6c68,marine-environmental-data-information-network
CEFASea92dbe1-1000-40d7-b27f-a11221aa14be,https://ckan.publishing.service.gov.uk/dataset/dd1a118c-8260-47ca-84fb-126f707f4548,marine-environmental-data-information-network
CEFASea98ea22-9bc5-4145-b101-f9c2975da1f5,https://ckan.publishing.service.gov.uk/dataset/9551271f-a305-4301-8f0c-e5d2e1a6d80a,marine-environmental-data-information-network
CEFASeb50e8c4-99d3-46d7-9cd9-b56fb037a1d1,https://ckan.publishing.service.gov.uk/dataset/2b26908f-bc28-4ce7-abe3-394a50944f2f,marine-environmental-data-information-network
CEFASeb826333-dbe1-48f4-9bdb-3f3c018ed78b,https://ckan.publishing.service.gov.uk/dataset/101edfdf-2f5e-413b-b4f7-c24c9ef8bf35,marine-environmental-data-information-network
CEFASeb9da922-0b31-4798-a18c-b8218f177ab3,https://ckan.publishing.service.gov.uk/dataset/fd873b16-ae1a-4306-8856-ece5f66385d4,marine-environmental-data-information-network
CEFASebc89651-cdf4-4b16-80a6-bf55d1459634,https://ckan.publishing.service.gov.uk/dataset/bfcdd089-1a89-43c5-ac57-b1610bd68fa7,marine-environmental-data-information-network
CEFASebd97b0a-3ab8-47d9-b139-b2775dc4bcc0,https://ckan.publishing.service.gov.uk/dataset/f5121038-cdb2-4cee-ad27-dcf15765448e,marine-environmental-data-information-network
CEFASebecdd4d-38c9-4572-b060-19f3c7ba1f8b,https://ckan.publishing.service.gov.uk/dataset/49d931dc-0da1-4db6-900f-13e261f21e52,marine-environmental-data-information-network
CEFASec15f98e-ab04-4058-b7ba-ad6d62bad020,https://ckan.publishing.service.gov.uk/dataset/346a8377-486b-4b60-8565-dd61106c6821,marine-environmental-data-information-network
CEFASec17b819-8997-41f7-aced-7fc178c99f15,https://ckan.publishing.service.gov.uk/dataset/4359c777-926a-43b3-b2ee-390f78f3f177,marine-environmental-data-information-network
CEFASec7a5bd1-6713-46c1-8b4b-818e7bd46db7,https://ckan.publishing.service.gov.uk/dataset/95eb6a76-9eca-46ab-9915-a94f4dd21e40,marine-environmental-data-information-network
CEFASec8531b7-d9ae-43a1-b9c6-43759e826589,https://ckan.publishing.service.gov.uk/dataset/c4c44891-3379-4d7f-9072-ce2a1bd726f6,marine-environmental-data-information-network
CEFASec927765-854a-48fe-a993-0fdbb7a03573,https://ckan.publishing.service.gov.uk/dataset/b6b9a986-f005-4097-993b-b35e0e8b20d9,marine-environmental-data-information-network
CEFASec96fb95-f496-4548-a235-363242c436aa,https://ckan.publishing.service.gov.uk/dataset/9a5e81bc-4c42-4c6a-afa5-be87b18c6631,marine-environmental-data-information-network
CEFASEC9DCB68-FC9A-409A-ABB6-B995EC969DDE,https://ckan.publishing.service.gov.uk/dataset/d4b61b10-27ff-4eca-b2e6-979aa7b10a49,marine-environmental-data-information-network
CEFASecef5faf-0086-4a41-bef4-a7ea5b6fb836,https://ckan.publishing.service.gov.uk/dataset/3b5ae64a-433f-4295-8f04-cb1862b02097,marine-environmental-data-information-network
CEFASecf0b9d1-add6-459f-adb0-02729971c408,https://ckan.publishing.service.gov.uk/dataset/35515f82-74eb-45ce-b64b-25c921cc4d91,marine-environmental-data-information-network
CEFASed2d303d-3e47-45da-a191-f0e3e868c7c1,https://ckan.publishing.service.gov.uk/dataset/877f67f9-a5f9-4548-bb8e-a50bfbf7735b,marine-environmental-data-information-network
CEFASed4a0149-d5b3-490a-9ae3-5d1a025592b8,https://ckan.publishing.service.gov.uk/dataset/83db22ed-7ea4-4dab-884a-eb2666c2ca92,marine-environmental-data-information-network
CEFASED5A64E5-0839-4C1D-8A81-B3ACE01A498A,https://ckan.publishing.service.gov.uk/dataset/679419f3-7a5c-4354-9838-37025c123d34,marine-environmental-data-information-network
CEFASed8de4b0-99f5-4402-b8ad-b10bf50f20d2,https://ckan.publishing.service.gov.uk/dataset/edc54000-7a2a-4935-82e7-88e8a9cb51c4,marine-environmental-data-information-network
CEFASed959938-35af-4216-be21-85bc12e4d305,https://ckan.publishing.service.gov.uk/dataset/8062b84b-d172-4421-9625-a37065c64ad1,marine-environmental-data-information-network
CEFASedcc1f23-c1cc-4c05-89f3-a0550badbd08,https://ckan.publishing.service.gov.uk/dataset/318c1b8b-c2e0-4cb5-a030-7fbadd02596f,marine-environmental-data-information-network
CEFASeddecd94-27f7-429f-b545-212ead700335,https://ckan.publishing.service.gov.uk/dataset/ed15ee17-f0cd-47e4-8792-45010e342723,marine-environmental-data-information-network
CEFASedfaf416-1c51-4e0a-a948-571f4410190c,https://ckan.publishing.service.gov.uk/dataset/71ffee73-7de5-422b-9877-dc6c188d884f,marine-environmental-data-information-network
CEFASee0f1e31-9405-44d1-8969-8e9c02e0594f,https://ckan.publishing.service.gov.uk/dataset/876ab8d5-5ad1-417d-95e3-35c121d60300,marine-environmental-data-information-network
CEFASee174e9a-d9ff-47e5-be62-dffd931dc75e,https://ckan.publishing.service.gov.uk/dataset/ba0dd8e4-be31-4e46-b92a-ba79398aac7d,marine-environmental-data-information-network
CEFASEE332528-32EB-4DB1-94EF-ADEEA1AD2754,https://ckan.publishing.service.gov.uk/dataset/f3db18b3-ce0d-463a-85bd-b36bf7fa968b,marine-environmental-data-information-network
CEFASee9b441a-b04d-4013-92fe-56f5eab85b2f,https://ckan.publishing.service.gov.uk/dataset/7a531881-a344-45ef-b302-2f465bc20a2d,marine-environmental-data-information-network
CEFASee9e2f0d-ab2d-4de5-ae13-1edea2f9bac3,https://ckan.publishing.service.gov.uk/dataset/05439d5e-55d9-449d-9a32-8d579939fda3,marine-environmental-data-information-network
CEFASeea32375-2e87-445a-aa8b-702808664b3b,https://ckan.publishing.service.gov.uk/dataset/c2da7814-3850-482a-83c0-5d4afae5d4f5,marine-environmental-data-information-network
CEFASEEE3519A-DEAD-4F29-9A94-D321E85F5BED,https://ckan.publishing.service.gov.uk/dataset/f93517af-cc15-4bee-bf02-c0fd5a588ded,marine-environmental-data-information-network
CEFASeef5ddf4-c618-439c-962c-9b8a955c94e3,https://ckan.publishing.service.gov.uk/dataset/bd8f5dbb-5aaf-4c7a-8d0b-c2cd5c12308e,marine-environmental-data-information-network
CEFASef057480-d738-454e-b58d-256b30f8ccf9,https://ckan.publishing.service.gov.uk/dataset/5039975f-9826-4fdd-8001-421da80b71cb,marine-environmental-data-information-network
CEFASEF392835-903E-4068-89D8-92E6FCFA6E43,https://ckan.publishing.service.gov.uk/dataset/0b256bec-4e80-4f73-80f7-c1b305c9ed66,marine-environmental-data-information-network
CEFASf0037328-4cac-42ad-91fe-1b001104e483,https://ckan.publishing.service.gov.uk/dataset/c55508dd-5180-4430-b8cd-8668f3895678,marine-environmental-data-information-network
CEFASf014b727-def9-4c0c-9c2a-e5ebdd7b98bd,https://ckan.publishing.service.gov.uk/dataset/4216f5bf-9e42-4b5b-a71c-28a6a1cd2e3d,marine-environmental-data-information-network
CEFASf0598f7c-19f9-4943-b685-7361d61b8d0d,https://ckan.publishing.service.gov.uk/dataset/827705b6-751d-44c9-b746-d3a4079c7abd,marine-environmental-data-information-network
CEFASf06381c1-8e7b-48ec-9295-389922b1f58e,https://ckan.publishing.service.gov.uk/dataset/ed7eb4d3-fb69-42ac-95a5-001347a1800e,marine-environmental-data-information-network
CEFASf083a2cb-b33a-4345-bada-f4af8565a277,https://ckan.publishing.service.gov.uk/dataset/c402f4d8-1dec-4a7e-9268-90efe81bc74a,marine-environmental-data-information-network
CEFASf0849029-381f-4908-93fd-f385a4c4fadf,https://ckan.publishing.service.gov.uk/dataset/d8f29cb8-2096-4a9d-84b5-2adcf433b99d,marine-environmental-data-information-network
CEFASf08686ce-4e9d-42b3-864c-f4b117ec93ff,https://ckan.publishing.service.gov.uk/dataset/97ec21d5-6376-4490-ab0b-02f162b115ac,marine-environmental-data-information-network
CEFASf0b1fab5-5b01-4805-9d80-8942b9f00130,https://ckan.publishing.service.gov.uk/dataset/15830a79-3ee5-46a0-83e2-223944965be9,marine-environmental-data-information-network
CEFASf0b67ab1-16e8-4666-bf13-3ca77bb68450,https://ckan.publishing.service.gov.uk/dataset/8368deb7-33a8-4210-bfcf-b765dc16bde0,marine-environmental-data-information-network
CEFASf0cecb6e-f901-4fb9-b6c4-c21a0946e41b,https://ckan.publishing.service.gov.uk/dataset/07d5bff6-92ee-4e1d-a4f8-673d71cc7a72,marine-environmental-data-information-network
CEFASf0ef5719-a76b-4d18-9c2c-36ebb6e5cb60,https://ckan.publishing.service.gov.uk/dataset/a6c48317-f5a0-4688-8bda-170979b94445,marine-environmental-data-information-network
CEFASf10afd6f-060f-4af1-98bc-8a6dbcbc58f9,https://ckan.publishing.service.gov.uk/dataset/d718ea6c-4af6-4adc-9cda-6ca61b31af19,marine-environmental-data-information-network
CEFASf10c0d57-9c03-46db-af15-4545df43c6db,https://ckan.publishing.service.gov.uk/dataset/cbb26672-3e84-4291-9824-9ab615a6ffe0,marine-environmental-data-information-network
CEFASf117bf76-65cb-44d3-a146-8ebcd31ab214,https://ckan.publishing.service.gov.uk/dataset/13ef80a3-baae-4161-8793-9df952bcc0db,marine-environmental-data-information-network
CEFASf1403a26-932c-4625-b2f3-c54984442fc9,https://ckan.publishing.service.gov.uk/dataset/a7e7b332-eed1-42e1-a232-d48c572e3f86,marine-environmental-data-information-network
CEFASf195c72c-3769-4ad8-ab52-41c10ba6ba22,https://ckan.publishing.service.gov.uk/dataset/427310fc-0c7e-4eb0-b7f7-472124d68e23,marine-environmental-data-information-network
CEFASf1b05389-4de6-40c6-99f5-3a393a4856ee,https://ckan.publishing.service.gov.uk/dataset/855c53e1-f06a-431f-8270-22d7dc100c64,marine-environmental-data-information-network
CEFASf1c86382-6533-4da8-aec8-5ac8b6ddcf8b,https://ckan.publishing.service.gov.uk/dataset/94348a62-2185-4730-91a8-263b042c6d5e,marine-environmental-data-information-network
CEFASf1ef6fe9-f576-4e57-a719-42a460c1fc4c,https://ckan.publishing.service.gov.uk/dataset/36518242-c31d-43d0-bf68-9e77bd6993b0,marine-environmental-data-information-network
CEFASf22db1da-d083-45fe-b879-891613a6cbbb,https://ckan.publishing.service.gov.uk/dataset/e746a8d2-ddf1-4fb1-a9ae-c21d1f5156b6,marine-environmental-data-information-network
CEFASf2559bb8-ce3f-4ca9-a153-8c8f1d64167c,https://ckan.publishing.service.gov.uk/dataset/04d0bb65-ff02-4c67-ae24-e75739551a7a,marine-environmental-data-information-network
CEFASf25f2070-48e0-449a-96ff-9ede0c15bb0a,https://ckan.publishing.service.gov.uk/dataset/337ddc12-bb58-4220-bbfe-112ef7f9bad2,marine-environmental-data-information-network
CEFASf266ceb1-95f4-45e4-9860-3e57ab73e11f,https://ckan.publishing.service.gov.uk/dataset/54d01025-a14d-47a1-9037-8b25a0d75c53,marine-environmental-data-information-network
CEFASf2830dbb-881e-4384-bae6-04391d3d42ea,https://ckan.publishing.service.gov.uk/dataset/c6fec56d-7bbc-4583-af02-6b0be8c8e69b,marine-environmental-data-information-network
CEFASf2902d0f-2d88-489e-99b0-ac3f3a80891d,https://ckan.publishing.service.gov.uk/dataset/f17870a0-6fd5-4749-a6ac-702853b59f1c,marine-environmental-data-information-network
CEFASf2d396f9-55ab-43c9-84b1-a17e76752539,https://ckan.publishing.service.gov.uk/dataset/00b0975a-964d-4abe-aa10-a23122ebf21a,marine-environmental-data-information-network
CEFASf2ebaf74-86c0-4c84-8936-7a9cb615289c,https://ckan.publishing.service.gov.uk/dataset/e3c44aa9-739d-4fdd-b922-93b8d1d640fc,marine-environmental-data-information-network
CEFASf30d75b8-2d2f-456c-a52c-4bb9c52a6ba0,https://ckan.publishing.service.gov.uk/dataset/a07f1b72-361b-4767-8e69-e0d7e5c59b8b,marine-environmental-data-information-network
CEFASF345DE7F-69CC-4C1A-85F9-A7ECB4CFDDA4,https://ckan.publishing.service.gov.uk/dataset/4188b83d-63c0-4e65-aa74-59724a60c5a1,marine-environmental-data-information-network
CEFASf34609e9-358e-4314-acea-12c1ea4b399a,https://ckan.publishing.service.gov.uk/dataset/7cc9828a-6ddd-4193-9066-e5b6816c410e,marine-environmental-data-information-network
CEFASf368e92d-de33-4d3c-b5d7-23f9584a2410,https://ckan.publishing.service.gov.uk/dataset/d1b7c8ca-7d85-4e99-9f8d-1e67d63425f1,marine-environmental-data-information-network
CEFASf39031c6-9973-4581-a38e-f9cb358d32cf,https://ckan.publishing.service.gov.uk/dataset/315432bd-1d28-4e58-bbe5-f34794edc0a8,marine-environmental-data-information-network
CEFASf397b9fc-933a-418a-999a-72a93c2d3990,https://ckan.publishing.service.gov.uk/dataset/4f037623-b678-49c3-9040-6590340ddc42,marine-environmental-data-information-network
CEFASf39ed85b-aa3e-4f93-8c40-610c1448db36,https://ckan.publishing.service.gov.uk/dataset/4ba4961c-4ed9-4663-b706-d27de7b674b2,marine-environmental-data-information-network
CEFASf3b343b2-45e2-4138-b35e-3063e2c84a3b,https://ckan.publishing.service.gov.uk/dataset/20968914-3d2c-4440-b3fb-8c08f6d6669d,marine-environmental-data-information-network
CEFASf3d22248-6fa6-43de-b34f-46a01bc42ff0,https://ckan.publishing.service.gov.uk/dataset/e549dcc6-1dc8-4ee6-8d58-02ab1212bf52,marine-environmental-data-information-network
CEFASf4050b52-e0d9-426b-82b3-e4cb3a39dbe0,https://ckan.publishing.service.gov.uk/dataset/4d814765-ca05-4484-82fc-6265cf3ae0cc,marine-environmental-data-information-network
CEFASf44974dd-4efd-41c0-9a2e-e51e097c954b,https://ckan.publishing.service.gov.uk/dataset/092824b6-34c3-40b3-a2ab-c44317dc9249,marine-environmental-data-information-network
CEFASf476a926-1710-4e5b-aee3-839fb96e8d82,https://ckan.publishing.service.gov.uk/dataset/270070a9-b747-4711-ad65-525c795254ee,marine-environmental-data-information-network
CEFASf4d1a6c5-8ddf-4918-bcdf-d89c0945bddf,https://ckan.publishing.service.gov.uk/dataset/e51b3b26-0857-4252-b227-11333dbe08bf,marine-environmental-data-information-network
CEFASf4d4d120-f301-4f65-94b3-a05b496ad0d6,https://ckan.publishing.service.gov.uk/dataset/12df2115-1785-413e-bc88-09a7acfb1e3a,marine-environmental-data-information-network
CEFASf502b8e2-2f75-4c93-880e-fe677f0896bb,https://ckan.publishing.service.gov.uk/dataset/5b7bafa4-8212-47d0-bcf9-df07adb1e873,marine-environmental-data-information-network
CEFASf53fa819-e109-4929-bbd2-e247612dbed4,https://ckan.publishing.service.gov.uk/dataset/e75f941d-23d5-4220-902c-b31d69fd99b4,marine-environmental-data-information-network
CEFASf55d404c-d97c-421a-834d-209911d71141,https://ckan.publishing.service.gov.uk/dataset/97af5ff8-f12b-4103-969b-470530ec7501,marine-environmental-data-information-network
CEFASf5895cd5-fa01-42a3-8e36-144c01933f76,https://ckan.publishing.service.gov.uk/dataset/e8907d7d-1079-444d-836a-8af5582b46dc,marine-environmental-data-information-network
CEFASf59c6f47-0846-4d09-bf9e-0d02438f6b01,https://ckan.publishing.service.gov.uk/dataset/ddecd94d-d846-45d1-b514-067be9887c34,marine-environmental-data-information-network
CEFASf5e96ecf-32dd-4bde-aa85-4a9156b15d15,https://ckan.publishing.service.gov.uk/dataset/54f65825-e5a2-4cbb-9170-260ce681c803,marine-environmental-data-information-network
CEFASf5f1fe5c-9ec8-4cc4-a26b-f4d5bebfbaa0,https://ckan.publishing.service.gov.uk/dataset/d12791f2-20d1-4b9d-bdb1-2302835ec055,marine-environmental-data-information-network
CEFASf5fe17ea-81d4-4ae9-b9a6-00943554c4c0,https://ckan.publishing.service.gov.uk/dataset/8d690d98-d77a-49d1-a26a-9098a12c5b06,marine-environmental-data-information-network
CEFASF6374028-2629-4CEE-8DB5-E4A9D027D6B0,https://ckan.publishing.service.gov.uk/dataset/e85a7764-1743-45dc-b31c-dd68a0539aef,marine-environmental-data-information-network
CEFASF639BEA1-4C80-4971-A602-C1DC52DA4525,https://ckan.publishing.service.gov.uk/dataset/143eac7d-337e-49b5-85fb-5607dfb27353,marine-environmental-data-information-network
CEFASf64e2193-3e64-46ef-b24e-0914591d564c,https://ckan.publishing.service.gov.uk/dataset/ae242d27-cf3b-4ea0-80dd-0ac64d6a97fa,marine-environmental-data-information-network
CEFASf664c133-76c1-4bec-a966-46aca9b19651,https://ckan.publishing.service.gov.uk/dataset/beed6457-e397-4fc4-afa4-2a8cdee156aa,marine-environmental-data-information-network
CEFASf668b92a-8453-4a07-ae31-840251594ee0,https://ckan.publishing.service.gov.uk/dataset/cac2eb89-4355-4968-ac1b-c2f5a311d13c,marine-environmental-data-information-network
CEFASf69bc15b-6e06-4473-b028-af5d7958b468,https://ckan.publishing.service.gov.uk/dataset/821d8272-7315-494b-a428-271f63f6ab7f,marine-environmental-data-information-network
CEFASf6a47197-c192-4804-898c-b952e957c41c,https://ckan.publishing.service.gov.uk/dataset/3705c09e-722f-47e3-ada6-ab83d3c6e477,marine-environmental-data-information-network
CEFASf6cb8b13-edeb-4b05-b192-994a1609e4e3,https://ckan.publishing.service.gov.uk/dataset/fa093980-b2c1-474f-a67a-e5b027c2fe93,marine-environmental-data-information-network
CEFASf6da44bb-32bd-46dd-bbcc-dcb9b2ec876e,https://ckan.publishing.service.gov.uk/dataset/6cfeb324-cac5-4690-902f-15bbe4eeda31,marine-environmental-data-information-network
CEFASf6fddf76-e269-4dbe-8d95-afea6c5506a1,https://ckan.publishing.service.gov.uk/dataset/93bc016b-67cc-4142-aee2-b73789ea0f46,marine-environmental-data-information-network
CEFASf73cac60-6660-43f1-b813-568c11467a05,https://ckan.publishing.service.gov.uk/dataset/546856c6-49ea-447a-afdf-502d776408c4,marine-environmental-data-information-network
CEFASf73d875d-0d09-4a80-b1fb-c77922e62272,https://ckan.publishing.service.gov.uk/dataset/839ea12f-5b61-4559-a8ec-d5f15136985b,marine-environmental-data-information-network
CEFASf751ec6b-8221-4cef-8af0-758709b5054d,https://ckan.publishing.service.gov.uk/dataset/228b5db8-25e4-48e2-8ecf-ff8d92a2a6d8,marine-environmental-data-information-network
CEFASf7691ddb-2d79-47ba-b6d5-d1e56c56998a,https://ckan.publishing.service.gov.uk/dataset/6a487074-68b8-4c20-b62b-3eead992b66e,marine-environmental-data-information-network
CEFASf7dd9d30-647d-4926-a0c2-b842b7b12b1d,https://ckan.publishing.service.gov.uk/dataset/8d484517-3df0-41cc-939d-0ab06b12cc8c,marine-environmental-data-information-network
CEFASf7e92c40-8bdb-403a-930c-349c1d8e3d30,https://ckan.publishing.service.gov.uk/dataset/335fc92e-fe1e-4f8c-b548-b44001b76b23,marine-environmental-data-information-network
CEFASf8274ee1-1562-4aaa-8e82-4cfc1ee54583,https://ckan.publishing.service.gov.uk/dataset/509998bf-a400-4aad-8799-9369a4b72cd3,marine-environmental-data-information-network
CEFASf85b0da5-2ee4-4a51-b07a-0cf34aa58d02,https://ckan.publishing.service.gov.uk/dataset/104cc2ab-19d0-445a-bbd7-9ac3895b793b,marine-environmental-data-information-network
CEFASf8792be1-a25d-4c15-82ac-85d7da579c3a,https://ckan.publishing.service.gov.uk/dataset/b5818be0-7971-4ef5-9afa-2be9978f805e,marine-environmental-data-information-network
CEFASF88962E5-8949-48AE-B672-A83968253D51,https://ckan.publishing.service.gov.uk/dataset/6279ad42-711d-4af8-81fd-baa3936cd806,marine-environmental-data-information-network
CEFASf8ade592-8a78-4c66-80fc-77aad5aed488,https://ckan.publishing.service.gov.uk/dataset/7d8dc6d5-7515-4300-8007-658052e16aba,marine-environmental-data-information-network
CEFASf8bc7420-7765-4db1-a8e7-e3db1858b953,https://ckan.publishing.service.gov.uk/dataset/7c64717a-b3af-4e34-bca3-4a755150f5f2,marine-environmental-data-information-network
CEFASf8cc6c9b-bc3f-4b5c-a83d-d24fd5d46d16,https://ckan.publishing.service.gov.uk/dataset/425f7583-3162-46ec-b54c-de050a4d9bf8,marine-environmental-data-information-network
CEFASf8d952bd-c11f-4d20-b156-a40b6b830e43,https://ckan.publishing.service.gov.uk/dataset/f001936a-cb34-418d-894b-b9ec59f80f50,marine-environmental-data-information-network
CEFASF8DF326F-43C9-4D1C-8C3C-630719B3A8A8,https://ckan.publishing.service.gov.uk/dataset/80fbe2d2-52ac-487a-99ed-9c1a95e1c21f,marine-environmental-data-information-network
CEFASf8dfc98d-1ab9-415a-892f-968016fe8ccd,https://ckan.publishing.service.gov.uk/dataset/db755533-3ae6-4bfb-bf44-ba30ce50d0cf,marine-environmental-data-information-network
CEFASf8e0c1f7-d3b9-4323-909c-155200b595ac,https://ckan.publishing.service.gov.uk/dataset/1d46dab7-e6e0-4383-a4f1-121719495f34,marine-environmental-data-information-network
CEFASf9038fe7-f69a-46dd-9c7e-a6c219587569,https://ckan.publishing.service.gov.uk/dataset/1c6f070b-10db-4fc7-a01e-88c62da023ce,marine-environmental-data-information-network
CEFASf90ef06f-7595-45bc-994a-57b251088858,https://ckan.publishing.service.gov.uk/dataset/9b6c5b11-d703-4bc1-b4c6-67345286d6a6,marine-environmental-data-information-network
CEFASf94a3b92-776f-4be7-948a-688c9915e77b,https://ckan.publishing.service.gov.uk/dataset/a8fad678-465d-4a06-b941-def13b281ae2,marine-environmental-data-information-network
CEFASf95015d7-0ca6-4b60-879d-1cd61d30a9ab,https://ckan.publishing.service.gov.uk/dataset/780806ec-8c16-442d-a90b-28ce191c7388,marine-environmental-data-information-network
CEFASF955F337-AC0E-4777-8A5D-25D2098CBD6A,https://ckan.publishing.service.gov.uk/dataset/e46bfd72-4b96-4828-a801-d8ce2758ab25,marine-environmental-data-information-network
CEFASf98d5131-9672-43f1-9257-023a2837f42f,https://ckan.publishing.service.gov.uk/dataset/0ec6a87c-63fa-4a73-b91f-28ea127c2181,marine-environmental-data-information-network
CEFASf98fd13a-be52-423e-a679-ba9abe49cb5a,https://ckan.publishing.service.gov.uk/dataset/d3ac7016-8cdb-4b08-bc43-d48933eafe38,marine-environmental-data-information-network
CEFASf99e220f-b5d8-4642-93c9-b45d4d07712f,https://ckan.publishing.service.gov.uk/dataset/dcdd2e47-3b22-4b5b-bbb7-f1a92c472a7e,marine-environmental-data-information-network
CEFASf9d0c453-4a1f-4a31-92ed-43bcef6a4b90,https://ckan.publishing.service.gov.uk/dataset/7fd53d72-d344-4a82-b289-0be4dc1c00f2,marine-environmental-data-information-network
CEFASFA4E87CA-7F8D-4209-912E-1EAE8E1B278D,https://ckan.publishing.service.gov.uk/dataset/24edc6a6-25e8-4474-9d53-061b987fe0a8,marine-environmental-data-information-network
CEFASfa66b85d-c831-44ad-a259-f0ddf54026c5,https://ckan.publishing.service.gov.uk/dataset/71fcb878-b1d7-4dca-abb4-455405ad23ac,marine-environmental-data-information-network
CEFASfa6e5af3-9f70-4ce5-96e8-451a82fcffb6,https://ckan.publishing.service.gov.uk/dataset/5610585a-e538-4287-94ac-fb96f16f427d,marine-environmental-data-information-network
CEFASfa7b1222-6b5c-42ff-a74b-ed1ea6639b0a,https://ckan.publishing.service.gov.uk/dataset/6d1101a3-1f0f-4c85-b675-58471cb123b7,marine-environmental-data-information-network
CEFASFA975CC6-E905-42BD-8CBB-7031BD2C0AE4,https://ckan.publishing.service.gov.uk/dataset/de817e40-9523-41a2-8a64-6163b7de62d3,marine-environmental-data-information-network
CEFASfaaaf62a-c1ad-46e3-96a0-70f980aa1199,https://ckan.publishing.service.gov.uk/dataset/89d592d6-ca25-4192-8fbf-4939e6030deb,marine-environmental-data-information-network
CEFASfab5640a-1d88-49b2-b9be-647fdda6f7de,https://ckan.publishing.service.gov.uk/dataset/73e2dd66-eb5b-4df9-a029-1937829f5597,marine-environmental-data-information-network
CEFASfb0dabfe-4cdf-4b91-a1e0-5cc523a9e0b1,https://ckan.publishing.service.gov.uk/dataset/3cfe2dcc-5958-4545-8d59-5b54264960e2,marine-environmental-data-information-network
CEFASfb10c9b4-31f1-4c07-b784-fe79e8d7aea8,https://ckan.publishing.service.gov.uk/dataset/cc54893e-62d5-4c94-aeaf-ae3c5007064d,marine-environmental-data-information-network
CEFASfb6f0c67-f426-4e6b-a5e8-0257c83c8403,https://ckan.publishing.service.gov.uk/dataset/a79aee64-ff5f-4518-88b7-a5959c296fc1,marine-environmental-data-information-network
CEFASfb834f4b-15c9-46bb-b0d7-395464a5ef42,https://ckan.publishing.service.gov.uk/dataset/1e7e2b0a-435d-4ac0-bbce-2e64571aac81,marine-environmental-data-information-network
CEFASfb8c8835-23d7-42b1-b425-a65691728a29,https://ckan.publishing.service.gov.uk/dataset/db66d8d8-ddc8-411d-854f-73844b061337,marine-environmental-data-information-network
CEFASfb9b563e-0a82-4455-956b-ff07bd407092,https://ckan.publishing.service.gov.uk/dataset/905fcbe8-f9b5-4d6f-801f-5f2a39e8ba1a,marine-environmental-data-information-network
CEFASfbab0bcd-c971-4512-8e30-4aa553a95880,https://ckan.publishing.service.gov.uk/dataset/cc97227a-71dc-4e37-ada6-ac6d4924d2e5,marine-environmental-data-information-network
CEFASfbb1c443-b642-4451-a7d0-782449145c74,https://ckan.publishing.service.gov.uk/dataset/6345971c-fc5e-4f8c-8159-b8b0f64361a5,marine-environmental-data-information-network
CEFASfbedc4ff-183e-4533-a161-749e0e7c2d41,https://ckan.publishing.service.gov.uk/dataset/cda2a7b4-7bef-4d63-9730-f5fda8f5da60,marine-environmental-data-information-network
CEFASfbf04755-a8b4-4ffb-b1a3-e7a37ba332ba,https://ckan.publishing.service.gov.uk/dataset/c64f1c15-c149-47fd-8874-261d37348dfb,marine-environmental-data-information-network
CEFASfc2aca28-dcb6-4acc-a6b8-778434ac9f7e,https://ckan.publishing.service.gov.uk/dataset/1493be98-299a-47e0-9bab-d1e477407364,marine-environmental-data-information-network
CEFASFC34AAF7-D6D5-43A4-B2BD-FD0D40401EC6,https://ckan.publishing.service.gov.uk/dataset/5a8f4030-73eb-42d3-97d6-61571505e9ee,marine-environmental-data-information-network
CEFASfc351f6e-19ca-4761-8180-5a0577679f52,https://ckan.publishing.service.gov.uk/dataset/b9f29978-0835-445f-9737-f195b7fac392,marine-environmental-data-information-network
CEFASfc419fef-0f3c-4ea9-a953-52a6fb36acbb,https://ckan.publishing.service.gov.uk/dataset/17872780-1316-4e02-ad2c-d3363935ca54,marine-environmental-data-information-network
CEFASfc48c7a0-494a-4056-bd74-f861a1b48318,https://ckan.publishing.service.gov.uk/dataset/07fb7280-6a35-4c36-8d6c-aadc44decbc6,marine-environmental-data-information-network
CEFASfc505595-b3c7-4c5a-a886-d955fa3fe04f,https://ckan.publishing.service.gov.uk/dataset/30f72a99-f55a-4b56-83d4-4e4a46156c70,marine-environmental-data-information-network
CEFASfc6e0c90-9c1d-4e26-8afa-58ad39c7296a,https://ckan.publishing.service.gov.uk/dataset/8c274d5a-cef8-4fd6-b9e4-3386459d19e1,marine-environmental-data-information-network
CEFASfc774947-9932-461a-a49d-c74e755162e4,https://ckan.publishing.service.gov.uk/dataset/aec7e0c7-4ad3-4b90-bf42-d5a9a34544a3,marine-environmental-data-information-network
CEFASfcae314e-c1b7-426d-a672-74c49158658f,https://ckan.publishing.service.gov.uk/dataset/69f6b741-4fbf-4102-8dea-30c16addecc7,marine-environmental-data-information-network
CEFASfcc63ad9-bb60-406e-a0fc-be0269ba5dbb,https://ckan.publishing.service.gov.uk/dataset/95fdb5cb-83bc-4ac0-825c-ca8ffbb646ed,marine-environmental-data-information-network
CEFASfccb33ed-cae9-4e7d-9fb7-8bc506c9741a,https://ckan.publishing.service.gov.uk/dataset/fd027e37-c6ab-46e3-b0cb-0d37754dadb6,marine-environmental-data-information-network
CEFASfce9c7c0-6033-407e-96ed-01925697098a,https://ckan.publishing.service.gov.uk/dataset/f657e05d-1ad9-4108-a143-223bafe33140,marine-environmental-data-information-network
CEFASfcf99f7d-f694-4d50-8f0b-825090675054,https://ckan.publishing.service.gov.uk/dataset/16fbdd00-c465-4210-b762-bb643a7954e6,marine-environmental-data-information-network
CEFASFD26AD19-8CB8-452A-AA3E-9821A9159A97,https://ckan.publishing.service.gov.uk/dataset/9d0307ee-b3d3-4b96-8514-39d980a1fe58,marine-environmental-data-information-network
CEFASfd4edc09-8543-45e7-a7f9-93ac224a3134,https://ckan.publishing.service.gov.uk/dataset/85996050-7a75-442b-9539-e34c8d9b415c,marine-environmental-data-information-network
CEFASfd6a63b5-9634-4533-b61a-a5247bf36a67,https://ckan.publishing.service.gov.uk/dataset/b4e3df8b-7e93-4c5f-9a81-c4a6afc65392,marine-environmental-data-information-network
CEFASfda52379-4f38-4411-9919-d409915ad229,https://ckan.publishing.service.gov.uk/dataset/21d9c466-c25a-42bb-bdf7-61d512203961,marine-environmental-data-information-network
CEFASFDA94580-0F53-4FD2-9FD1-A97831015BD1,https://ckan.publishing.service.gov.uk/dataset/de9563b4-1f3e-454d-be83-3acf0481aae2,marine-environmental-data-information-network
CEFASfdb1f0d8-25d0-43f1-bd04-22aaaccec296,https://ckan.publishing.service.gov.uk/dataset/4492cd96-2355-4ad0-962c-191979bc6317,marine-environmental-data-information-network
CEFASfdf682d4-7536-4e7a-beaf-5c4f70c4324c,https://ckan.publishing.service.gov.uk/dataset/2a6035a8-45be-4d71-b721-995878a1c67a,marine-environmental-data-information-network
CEFASfe3136ff-22d7-4e07-a3ad-3ba13bb61463,https://ckan.publishing.service.gov.uk/dataset/247560fe-d657-4993-947e-352ab5f62da5,marine-environmental-data-information-network
CEFASfe3533c7-759d-45d4-ae69-897e7e53371f,https://ckan.publishing.service.gov.uk/dataset/0ec09293-0a57-4310-b254-84efb31900d7,marine-environmental-data-information-network
CEFASfe73164b-a072-46c6-935c-a7f52749dbc5,https://ckan.publishing.service.gov.uk/dataset/ae0c8848-7125-4359-900d-7401170c528f,marine-environmental-data-information-network
CEFASfe7e1aca-4d4c-4533-9b8d-061a9739a350,https://ckan.publishing.service.gov.uk/dataset/c2dc642c-14e2-4e74-b711-6be459a84806,marine-environmental-data-information-network
CEFASfe8a4102-2b26-4aa0-aba6-0f4d3c73098c,https://ckan.publishing.service.gov.uk/dataset/32ef71fb-d9d2-4f0a-be43-7fb11eb67ff6,marine-environmental-data-information-network
CEFASfea6bfb9-3b7f-4a6a-ad4d-3d7f2923f138,https://ckan.publishing.service.gov.uk/dataset/300f4d1e-03e6-4f22-8ad1-c978ead7a873,marine-environmental-data-information-network
CEFASfecda67a-77f6-477d-ad71-64d981fa2649,https://ckan.publishing.service.gov.uk/dataset/da1346ae-b673-49b7-932e-eab6e064faac,marine-environmental-data-information-network
CEFASff009122-cc60-4cf3-a021-b822f2650279,https://ckan.publishing.service.gov.uk/dataset/f9a47563-1af8-4522-88f8-e73a623d8a47,marine-environmental-data-information-network
CEFASFF1123C1-59AB-4A76-A9F0-090725FBC2AA,https://ckan.publishing.service.gov.uk/dataset/2428978e-6a4d-42b7-b608-6d6b76066613,marine-environmental-data-information-network
CEFASff1465df-85a9-42d3-9d58-460b5de0da43,https://ckan.publishing.service.gov.uk/dataset/a8797dd4-80b9-4e72-86f4-4fe7d940c0cd,marine-environmental-data-information-network
CEFASff473499-eb7f-49f6-bac6-838f7006d220,https://ckan.publishing.service.gov.uk/dataset/b8b52e49-dc59-40fd-8ab8-b61ea1193178,marine-environmental-data-information-network
CEFASff5800d2-40e6-4dc4-b7e3-7599c7e1495f,https://ckan.publishing.service.gov.uk/dataset/265cf593-9cf8-4ab6-a9ca-e0c1bfa4ad7b,marine-environmental-data-information-network
CEFASff605d9c-0305-45e7-ba5b-b031290ba610,https://ckan.publishing.service.gov.uk/dataset/7664aa51-7713-485e-9b58-4dc35303ef3a,marine-environmental-data-information-network
CEFASff6d8610-947a-4c76-91fe-2beab753e4fb,https://ckan.publishing.service.gov.uk/dataset/670c4d49-8e33-46a0-bf24-c392a7ecbebc,marine-environmental-data-information-network
CEFASff9e39a8-8088-4985-a99e-2cba7db7303c,https://ckan.publishing.service.gov.uk/dataset/fa8c09d7-8f0b-4264-95ef-2c5033eb0eb6,marine-environmental-data-information-network
CEFASff9fc2ea-c077-428a-ad34-677ccb03d0ad,https://ckan.publishing.service.gov.uk/dataset/04c9fbc6-baa2-45b0-8ac5-30e77218e466,marine-environmental-data-information-network
CEFASffc19061-a48f-4f72-bb10-df0fefa95283,https://ckan.publishing.service.gov.uk/dataset/b6e09859-8f3e-4009-8cb6-f09dc559771c,marine-environmental-data-information-network
CEFASffe76b34-cbdc-484f-a259-a7798d5ec453,https://ckan.publishing.service.gov.uk/dataset/6108768b-e0ed-433f-8660-20dfab9715d0,marine-environmental-data-information-network
cf11263ae5dcfdbfa4b4dffd97f89ee0,https://ckan.publishing.service.gov.uk/dataset/bb3cb7a0-b7ee-47f6-a3e7-d2246f1cd4e2,marine-environmental-data-information-network
cf420b1eb4bbb16ab7a3c4f5d5754431,https://ckan.publishing.service.gov.uk/dataset/3fe9e7af-d410-4f80-b9f0-0e43ea48fb68,marine-environmental-data-information-network
cf42ab6c2cb05006fcf8e405747467fe,https://ckan.publishing.service.gov.uk/dataset/a5461fb6-78a3-4356-aef5-a1640c5ea1f5,marine-environmental-data-information-network
cf7d1b6deeec3b76de5269d8e8c07cfb,https://ckan.publishing.service.gov.uk/dataset/a330f037-dff0-4828-8ec1-19fd4ba641d0,marine-environmental-data-information-network
cf85d369-a125-4a40-8d6e-5a05018d7b8a,https://ckan.publishing.service.gov.uk/dataset/c0e21233-63e4-4d96-80c3-5dab02062f14,marine-environmental-data-information-network
cfbec0494b15dcfb54880116634b4e68,https://ckan.publishing.service.gov.uk/dataset/19cc34e1-7789-479f-be72-2119803356d5,marine-environmental-data-information-network
cfd70ec5-e938-4cb1-8499-8cbf74947474,https://ckan.publishing.service.gov.uk/dataset/b1b1b034-5af6-4b14-83bf-edb03fb7b098,marine-environmental-data-information-network
d0049fb4-a88a-47d8-8242-56ee5e59c4bf,https://ckan.publishing.service.gov.uk/dataset/b36fd587-4ed4-4acc-ae2b-e15428d71fc9,marine-environmental-data-information-network
d047f068-e012-401b-b5fc-d7fed72087e3,https://ckan.publishing.service.gov.uk/dataset/8e0c858e-8137-4b54-b60c-330eea1d2c19,marine-environmental-data-information-network
d056c63e75f4d7c944735c9d2dd9f32b,https://ckan.publishing.service.gov.uk/dataset/83b30b53-62d9-4c7c-b811-4e1a403f0de6,marine-environmental-data-information-network
d05c3fc8-f1bc-4547-9def-f4c6c0f29ef2,https://ckan.publishing.service.gov.uk/dataset/602d7af4-bfdf-40e4-82a7-96c037a089f6,marine-environmental-data-information-network
d0633138-dfb6-4e68-86de-e783844f4cfb,https://ckan.publishing.service.gov.uk/dataset/8ebd6881-0854-45d9-93e1-f540d9360def,marine-environmental-data-information-network
d067f30a-1566-48a7-8ee4-2a31d9b92ab9,https://ckan.publishing.service.gov.uk/dataset/10385fd6-4171-4328-bf9b-c921167ba990,marine-environmental-data-information-network
d096ce4f1877c13c324e87387c890188,https://ckan.publishing.service.gov.uk/dataset/60cb45fa-c767-42cb-b8d9-539a70ecb608,marine-environmental-data-information-network
d0974b9fa3a55d8cde275845ccf026e3,https://ckan.publishing.service.gov.uk/dataset/03cb3995-57b6-4730-8bb1-6a0351dc2397,marine-environmental-data-information-network
d0b4f1dac1a15ca29bd57f7bbb35579b,https://ckan.publishing.service.gov.uk/dataset/01145ff4-ff74-466e-9be8-2a7851042335,marine-environmental-data-information-network
d0c79a0a516df913811ea4bc7c8efe15,https://ckan.publishing.service.gov.uk/dataset/91f00cce-6f48-45cd-b122-6aabf320be7b,marine-environmental-data-information-network
d0f8443d-1a8a-4b0a-9072-5f6b371bb342,https://ckan.publishing.service.gov.uk/dataset/ce345167-9049-4c25-b863-216b4a37643d,marine-environmental-data-information-network
d1120f30a4d77eaf1315788592dd90ab,https://ckan.publishing.service.gov.uk/dataset/a305d421-b226-4078-94ee-e6d14072c731,marine-environmental-data-information-network
d1122f6b8a49250c3e2fec02826fdd09,https://ckan.publishing.service.gov.uk/dataset/7947ccfe-fc79-4e96-ac14-c6805b16ab42,marine-environmental-data-information-network
d1a5eb44e92499034e17a8dc151e6c73,https://ckan.publishing.service.gov.uk/dataset/e8b88d7e-8361-458c-b5bf-eb262681b4e0,marine-environmental-data-information-network
d1d673b14b41509bb77781b7d9e42478,https://ckan.publishing.service.gov.uk/dataset/469e0e93-dc4c-44ee-bfaf-67a73d712f9f,marine-environmental-data-information-network
d287dfad-917b-46df-9e00-a785b9c7c40d,https://ckan.publishing.service.gov.uk/dataset/90ff64ce-3f03-47b0-9306-276c07bfc5e5,marine-environmental-data-information-network
d28dc6bf0304e72d962ec560dcdbc5bb,https://ckan.publishing.service.gov.uk/dataset/deba170f-bc4e-4fd8-853e-7b6f1a9fc4d9,marine-environmental-data-information-network
d2beba5d-4437-4670-9eab-5187dbef836f,https://ckan.publishing.service.gov.uk/dataset/fa12d4d0-a104-4449-884a-e55fa39edd44,marine-environmental-data-information-network
d2ee5b81-0003-4bb8-9c4f-0b74856a4bc5,https://ckan.publishing.service.gov.uk/dataset/79bff140-adc4-4416-b860-9a79e82ec851,marine-environmental-data-information-network
d2f9bed1f0af8300e5acdd97df3251cd,https://ckan.publishing.service.gov.uk/dataset/34906be6-50fd-4161-87af-4d337d7b46e8,marine-environmental-data-information-network
d32a1623e2c35d5c81a199db9038904c,https://ckan.publishing.service.gov.uk/dataset/ae1a00ec-1c3f-451f-8c2b-1bfe38b408e0,marine-environmental-data-information-network
d39e62c68e0a259f5557d51c2f3dee56,https://ckan.publishing.service.gov.uk/dataset/48ea4182-0843-42c2-932a-1f63130a5318,marine-environmental-data-information-network
d3c1941b0f2890f0d49d4b84e6e79b0e,https://ckan.publishing.service.gov.uk/dataset/7c9308ed-3ed6-4259-9e66-2a6e6d6b3914,marine-environmental-data-information-network
d3dc99d754f6487cbcadf0c581726231,https://ckan.publishing.service.gov.uk/dataset/f0d74f26-b0ae-497c-ad69-8a4f872ef7c0,marine-environmental-data-information-network
d3e738ccf648ffde1c3afd4226c78d97,https://ckan.publishing.service.gov.uk/dataset/19e73e4a-c12b-4d9b-8dcc-380ced4b4bc7,marine-environmental-data-information-network
d4256ca3-87dd-4e82-aa25-a3179b99c0a0,https://ckan.publishing.service.gov.uk/dataset/b4262b8f-e872-4b08-a470-c6316938a33b,marine-environmental-data-information-network
d446cef7b0785499e7103bcd13ba1f7d,https://ckan.publishing.service.gov.uk/dataset/25ae06bb-f32f-48fa-a1b1-02af4fa5d920,marine-environmental-data-information-network
d44ca685-12f1-4110-8771-3c67095631b0,https://ckan.publishing.service.gov.uk/dataset/4f255d5c-4c2f-41ac-988b-a6f6d7d80bfa,marine-environmental-data-information-network
d4594216c6a96795d11955eab6a2f16a,https://ckan.publishing.service.gov.uk/dataset/535d884c-cd98-4cf8-8553-c3b62d5b96ee,marine-environmental-data-information-network
d4c75dc38af683b3a8b845c853ce493a,https://ckan.publishing.service.gov.uk/dataset/a8862c3b-873a-4eac-a90c-f1f91d32979d,marine-environmental-data-information-network
d4d9721042ecbcde794a8660c4f81493,https://ckan.publishing.service.gov.uk/dataset/3e85074e-9f50-403a-867d-971664b7585e,marine-environmental-data-information-network
d4e10b97-a948-4c9b-9780-489d86102041,https://ckan.publishing.service.gov.uk/dataset/c4b4fb84-ddbe-457c-92c6-cd82e46b3751,marine-environmental-data-information-network
d4ee76da506663c1384ecf0867a90775,https://ckan.publishing.service.gov.uk/dataset/78507d3d-fa3b-4d36-9cce-776f920a91ef,marine-environmental-data-information-network
d4f0ec85-0127-47ef-8e90-1d8ddb62c4de,https://ckan.publishing.service.gov.uk/dataset/68ca0216-b2e7-4225-8976-76921dab1198,marine-environmental-data-information-network
d4f97ce7-8f81-40ae-8556-66a266ef88b2,https://ckan.publishing.service.gov.uk/dataset/df0f1cba-2352-468a-b7a0-328977292f05,marine-environmental-data-information-network
d50222f0bb00edc632a18deb73b607e4,https://ckan.publishing.service.gov.uk/dataset/29742e02-6fc9-4d99-8014-35b2b4d45315,marine-environmental-data-information-network
d51294dd-d20c-44bf-88b1-0dbc9f2d400a,https://ckan.publishing.service.gov.uk/dataset/02089afa-b3c3-43c8-bab6-8cea2f750218,marine-environmental-data-information-network
d54643bfdce067eb2d3887b8b8d11551,https://ckan.publishing.service.gov.uk/dataset/314705e7-3368-4d7f-a963-2e45451dddf4,marine-environmental-data-information-network
d6050c947bc2af727fdb2c54c9dc62e3,https://ckan.publishing.service.gov.uk/dataset/9e6e6a82-c98c-45b3-b00f-4c2a4a98a33d,marine-environmental-data-information-network
d67253e89919cf7f8e574b9b0ab597d6,https://ckan.publishing.service.gov.uk/dataset/b0cda32f-fa2e-4e5e-938f-c2dc053110e9,marine-environmental-data-information-network
d67ecec86abd1d436fa074c461ae274c,https://ckan.publishing.service.gov.uk/dataset/faa7b8ed-9d91-42c8-87be-3d3dbac70129,marine-environmental-data-information-network
d692c476-fe18-412d-8624-85e492890b4e,https://ckan.publishing.service.gov.uk/dataset/7acb7920-7d6a-4479-9a52-b2cff91b7cd9,marine-environmental-data-information-network
d6baee164d87565f9aca8b9a834632e0,https://ckan.publishing.service.gov.uk/dataset/51cf1c56-1214-4909-aa30-00543a0f10b7,marine-environmental-data-information-network
d6dcedd2-57ae-40dc-b59e-4822f285ac90,https://ckan.publishing.service.gov.uk/dataset/03837bab-e98d-48b8-9ea3-87f212ae8716,marine-environmental-data-information-network
d6e38c5c-f323-41c9-a98e-344247d20394,https://ckan.publishing.service.gov.uk/dataset/a03ccb7e-dc19-4594-b245-de111f8a814f,marine-environmental-data-information-network
d71a550b-288f-4c85-86a5-27902bafa709,https://ckan.publishing.service.gov.uk/dataset/5600327d-a71c-47c2-a7fe-a03dd8b3d280,marine-environmental-data-information-network
d739e463e3af7afd561d130594a59e71,https://ckan.publishing.service.gov.uk/dataset/f801ff7d-1c48-4a1d-b7d6-45d08fc77b4c,marine-environmental-data-information-network
d7893541e69f1f352089cf2a979373a4,https://ckan.publishing.service.gov.uk/dataset/e6012a15-4245-4789-bdc8-cee6618934e6,marine-environmental-data-information-network
d7da67dbd871f3c350b0fe03759fe8a0,https://ckan.publishing.service.gov.uk/dataset/e094e5e1-3db1-4931-8a77-ba984d2577b4,marine-environmental-data-information-network
d7e6a8e1a8215c335581443006ff69fb,https://ckan.publishing.service.gov.uk/dataset/39c346a5-2c3c-4c62-a0b8-8acecf4d2f38,marine-environmental-data-information-network
d80b86f9330d3e9a147e5671262ff17c,https://ckan.publishing.service.gov.uk/dataset/aeae7c2a-1c79-4c4a-a86c-9606c574442c,marine-environmental-data-information-network
d828f5a3-4177-47f1-87be-38a01c4ad226,https://ckan.publishing.service.gov.uk/dataset/bc3c88db-09b5-4d3c-9433-091b5da10042,marine-environmental-data-information-network
d8540e5f25dafa1d952645fa8b636409,https://ckan.publishing.service.gov.uk/dataset/3038bddb-14ae-4937-80d8-b077743a438e,marine-environmental-data-information-network
d866128023a501cf2ca892f93c5a2eba,https://ckan.publishing.service.gov.uk/dataset/151d2dcd-2d31-43f6-a802-6a64709a3cef,marine-environmental-data-information-network
d875fe1c28e17f17945d376feab1bcbd,https://ckan.publishing.service.gov.uk/dataset/1f371985-be6b-47c5-a44b-4bcb2be1b75c,marine-environmental-data-information-network
d8934e5d5c01ccba46f9e2f886f417db,https://ckan.publishing.service.gov.uk/dataset/4dd75c77-56cd-487f-a22b-f9023e6e62b9,marine-environmental-data-information-network
d89dfc63-38bc-48d5-8ec6-1af296aa0f3c,https://ckan.publishing.service.gov.uk/dataset/5f639195-5656-4ced-9032-bf2147a0c738,marine-environmental-data-information-network
d8ac2f8beb2394aac4ff1b81cab31a74,https://ckan.publishing.service.gov.uk/dataset/3e260c72-ff55-4432-bd26-240b009d9b5f,marine-environmental-data-information-network
d8c23ff80f05a80913809e915b47e148,https://ckan.publishing.service.gov.uk/dataset/79bfff8d-c5a1-4ee9-ae19-529df1152e50,marine-environmental-data-information-network
d8c6a77b-aaa8-452d-98a1-e5421336f7c8,https://ckan.publishing.service.gov.uk/dataset/d8a6c7ed-8dc9-4361-ad59-813f5fa8b04c,marine-environmental-data-information-network
d8ef69bb-bd48-4a13-906a-f2b8819b0eaa,https://ckan.publishing.service.gov.uk/dataset/7638acf9-4dbd-4db1-b20b-35b4ce1cf2a9,marine-environmental-data-information-network
d8f12e7ea0689c2c570d15b48a283367,https://ckan.publishing.service.gov.uk/dataset/44c73d54-fabd-4cdb-b979-bd102f1d0a09,marine-environmental-data-information-network
d8f8e24d-8f91-4605-968b-79c5efcdb7b7,https://ckan.publishing.service.gov.uk/dataset/f5b52cd6-fd2d-46be-9c61-2ba9b4f25708,marine-environmental-data-information-network
d924b99a513555f77b2d7df9274b5cd3,https://ckan.publishing.service.gov.uk/dataset/8a0c2c8f-4b16-469d-b5b5-1e61cf9f105b,marine-environmental-data-information-network
d96e6c3b-be08-40a6-94fa-13090bb2a5e7,https://ckan.publishing.service.gov.uk/dataset/abfa540c-a86d-47ca-942b-d381f80b488e,marine-environmental-data-information-network
d984f9b0-0c5a-47f3-9b82-019ef50c5ef8,https://ckan.publishing.service.gov.uk/dataset/8443718b-1004-4379-a4f5-9525fa5fc676,marine-environmental-data-information-network
d9a400ffc56bbe324d5aa15b8ddde924,https://ckan.publishing.service.gov.uk/dataset/fd564faf-9eb5-4e7e-9f14-648e0399ccb8,marine-environmental-data-information-network
d9dfdb28-9b95-4d17-b8ac-84613e3bedc2,https://ckan.publishing.service.gov.uk/dataset/fa98e4c6-f5f5-4842-b748-84867fda1921,marine-environmental-data-information-network
da3a04b34353cff1816f6fd36a930353,https://ckan.publishing.service.gov.uk/dataset/a198b691-00b1-4502-872f-944c30ab4f83,marine-environmental-data-information-network
da5492c7-1169-4de8-b754-09e25aa7353f,https://ckan.publishing.service.gov.uk/dataset/4a20b08d-05aa-4561-93af-53690e24fe0c,marine-environmental-data-information-network
da700a12bae6786a7ad6e15957b27d0f,https://ckan.publishing.service.gov.uk/dataset/06eda61f-164b-4d55-8020-7d21a13bb2a5,marine-environmental-data-information-network
da702c08702ca06398c0e7450b66d48e,https://ckan.publishing.service.gov.uk/dataset/4615ddac-48cb-4c89-9fc7-4809ec4f8dde,marine-environmental-data-information-network
da966441-4352-4921-9a53-e6103cca9937,https://ckan.publishing.service.gov.uk/dataset/04788240-9d5a-4e8d-a80c-847a0be7fa65,marine-environmental-data-information-network
da9fa6ef54afe488cebafe221195d6df,https://ckan.publishing.service.gov.uk/dataset/f413361a-9fbb-4f23-b4b2-7fbcb673039d,marine-environmental-data-information-network
daac8f68afa059a098efd436c33e9221,https://ckan.publishing.service.gov.uk/dataset/9962cf6e-8503-42f5-b7ae-0c6896220c67,marine-environmental-data-information-network
dac83bfb-0ef8-4074-8488-a451a0e4673e,https://ckan.publishing.service.gov.uk/dataset/76127642-45d0-4106-a52e-440d2793e4cb,marine-environmental-data-information-network
dad19c700b0445839c274631c2f3e163,https://ckan.publishing.service.gov.uk/dataset/cc5e1c50-b5b9-4828-83b6-fb5e0590a25e,marine-environmental-data-information-network
dad1b1e7-f731-44ac-a445-1d3f3b6cc20b,https://ckan.publishing.service.gov.uk/dataset/397bcc91-01e9-4129-bf2d-cdfe134135a1,marine-environmental-data-information-network
db440389-1c2b-4ef7-a3cc-cf05c4f1d1b8,https://ckan.publishing.service.gov.uk/dataset/cff26b7e-180f-4410-9f5a-c7a0d9975018,marine-environmental-data-information-network
db789ac3288840f4631265563357d620,https://ckan.publishing.service.gov.uk/dataset/9af337b5-5c8b-4206-b080-2567c5326cf2,marine-environmental-data-information-network
db927a89556b0e2eb33678469bc760dd,https://ckan.publishing.service.gov.uk/dataset/57185142-4a96-4c69-ab5d-3538995ade92,marine-environmental-data-information-network
dbcc1386-8146-4053-a631-7f6679ec5fb0,https://ckan.publishing.service.gov.uk/dataset/7d55dcde-5b97-47d2-abb4-6aba9219112a,marine-environmental-data-information-network
dbd45a58a3d8340f34357d31948a25e1,https://ckan.publishing.service.gov.uk/dataset/141727b8-3521-40f2-8fbb-e93c9d82db00,marine-environmental-data-information-network
dc16beac-9464-4bfd-a061-3fe28f9e5176,https://ckan.publishing.service.gov.uk/dataset/c69eea6c-837a-4a59-93eb-35f87c86525f,marine-environmental-data-information-network
dc37417d-a18e-4d92-9960-7af872f1fc56,https://ckan.publishing.service.gov.uk/dataset/d3fa2f5c-215c-41fb-926c-22e606163ef8,marine-environmental-data-information-network
dc3f4a8242bacbeefd340e5c73859d64,https://ckan.publishing.service.gov.uk/dataset/55ea2f66-5d9c-4c1d-b6c8-04ad66653691,marine-environmental-data-information-network
dc4f85fae16896f04d44e9e22474949d,https://ckan.publishing.service.gov.uk/dataset/7c5a52b2-af0b-46f9-9da1-79b759632bc4,marine-environmental-data-information-network
dc531531-1a3c-4f2b-8d8e-4efd6e3dd9a9,https://ckan.publishing.service.gov.uk/dataset/0229b210-24f5-4053-9537-dd51dcd1d2b5,marine-environmental-data-information-network
dc5b8776-3f3e-4c08-80db-a2cd260d8578,https://ckan.publishing.service.gov.uk/dataset/512b2859-4bf0-46e0-9443-73e225dffa6d,marine-environmental-data-information-network
dc9ea07f-5892-4d40-a251-10e831f5ac18,https://ckan.publishing.service.gov.uk/dataset/d06d0b6f-c67a-4308-af28-ee48b64da960,marine-environmental-data-information-network
dca1f254-2e06-496a-8443-6ad46e54a112,https://ckan.publishing.service.gov.uk/dataset/b1470de7-0c77-46a6-b209-46a550ac36b3,marine-environmental-data-information-network
dcb6bddc-4b22-47bf-8fbf-bf545e34c530,https://ckan.publishing.service.gov.uk/dataset/28443456-ea2c-48b2-a21f-6ee434579057,marine-environmental-data-information-network
dcf4297ded03679e479cdac0a58c0186,https://ckan.publishing.service.gov.uk/dataset/bc0fb690-4b04-424a-83ef-102f081d56dd,marine-environmental-data-information-network
dd0a23bf-ce76-4b7d-9afb-0d58e1514a7b,https://ckan.publishing.service.gov.uk/dataset/a8226d5a-3696-42f7-9d98-0ba1cf1379cb,marine-environmental-data-information-network
dd847cf3-e0cc-4e31-8df7-da7922faa652,https://ckan.publishing.service.gov.uk/dataset/9db7891e-1d21-4f63-9cf8-939ba39d24d2,marine-environmental-data-information-network
dda88b67-f6c2-4785-961b-98f9502af92b,https://ckan.publishing.service.gov.uk/dataset/6a3bf3cf-06b6-4209-ad16-d32869e98480,marine-environmental-data-information-network
ddb89535ede88c6f8f88b5d08634762e,https://ckan.publishing.service.gov.uk/dataset/e3938305-d4e9-41eb-a639-abbca6116cae,marine-environmental-data-information-network
dde4fe3b0be2f2ad556830d7d174aa51,https://ckan.publishing.service.gov.uk/dataset/5000ef49-b280-4789-8ffc-59e78fae097b,marine-environmental-data-information-network
de03d2b7-c342-426b-b7be-a149f7941640,https://ckan.publishing.service.gov.uk/dataset/40b0dd20-a63a-4334-afcf-c6ed1b511528,marine-environmental-data-information-network
de3d5bf1-3699-4447-aae0-d0e31ea84273,https://ckan.publishing.service.gov.uk/dataset/fbf0ce5f-8bfe-48a1-b5cc-181ed51541ac,marine-environmental-data-information-network
de59ec33aa50ea9916ea59e79d1b5c23,https://ckan.publishing.service.gov.uk/dataset/bb4c67d0-d24c-4fd7-83e8-47600da9e6d5,marine-environmental-data-information-network
dec24a893c29695e095f3fe736ee260e,https://ckan.publishing.service.gov.uk/dataset/7234025d-e1f9-423c-8551-9a21f2c588f2,marine-environmental-data-information-network
deda221c-8aa1-42ec-8138-136f7c505e3e,https://ckan.publishing.service.gov.uk/dataset/dff69982-a38c-444e-958f-e57e4220929f,marine-environmental-data-information-network
defd0a6a-5e68-4342-aafa-407c431cd38f,https://ckan.publishing.service.gov.uk/dataset/35bbe53a-b3d8-47a9-8e56-1a49ca0087ad,marine-environmental-data-information-network
df0f2b5e71b4ae247e333ebcb8c41597,https://ckan.publishing.service.gov.uk/dataset/0141da3b-fb54-456d-a5a8-c882f7c17e43,marine-environmental-data-information-network
df8e14b51e2cdfd18cdeab31e3bc34b9,https://ckan.publishing.service.gov.uk/dataset/2af3e9e0-4d66-4dfe-87b2-96d77b0d0737,marine-environmental-data-information-network
dfe2d7be-535a-4028-bd6e-a5059bf2d65c,https://ckan.publishing.service.gov.uk/dataset/5a33b0d2-6b27-4112-8554-304e801730c8,marine-environmental-data-information-network
e017e7e40661a1601d2afd1287ec8a9e,https://ckan.publishing.service.gov.uk/dataset/eff8df4c-5a19-4c40-948d-d913fe0b4e3d,marine-environmental-data-information-network
e01aba21444a6720cf59a3e00ea6c2f1,https://ckan.publishing.service.gov.uk/dataset/c6549e9b-3f19-4171-a795-5a57744d4d0b,marine-environmental-data-information-network
e02a3a7c259246717d89ecb29f3d88a6,https://ckan.publishing.service.gov.uk/dataset/1e577a97-552f-475c-90bc-f02e25ffff70,marine-environmental-data-information-network
e0856257e0c208c173e63edc7ba1ed57,https://ckan.publishing.service.gov.uk/dataset/812c20c9-83db-444a-9b63-11898493191b,marine-environmental-data-information-network
e085acb7-f61c-48e2-ab65-6682ee67e012,https://ckan.publishing.service.gov.uk/dataset/7561beac-58f1-4ea4-9591-c704c9cb0b44,marine-environmental-data-information-network
e090dcf0326fb62b05ebd673336e1115,https://ckan.publishing.service.gov.uk/dataset/41a22c4b-75cc-4041-970c-e1795575207e,marine-environmental-data-information-network
e0e130613ca92a75cb093ed08b9d8503,https://ckan.publishing.service.gov.uk/dataset/d38b2a77-db04-4f9b-a8dc-719dc1b70f57,marine-environmental-data-information-network
e0e47daf6d65a34a925e3335600e4cc0,https://ckan.publishing.service.gov.uk/dataset/6c2b3fcd-83df-443c-87cd-3403b8715339,marine-environmental-data-information-network
e0f0758bf37ab26aa4759bd1790549f8,https://ckan.publishing.service.gov.uk/dataset/4dff7108-18cd-4c6c-b14a-f785e5cd05da,marine-environmental-data-information-network
e10cf9cf-2589-47ff-8e9b-986be60a94ec,https://ckan.publishing.service.gov.uk/dataset/3c50d39c-7845-47e4-9a17-5b6f77e6e892,marine-environmental-data-information-network
e12f7d39-5bd9-4e98-9829-03ff62b01b13,https://ckan.publishing.service.gov.uk/dataset/afe885bf-6bd2-4621-beeb-8edea2cc2df6,marine-environmental-data-information-network
e1621c0f-444e-46ac-a20a-4da1ba568ac6,https://ckan.publishing.service.gov.uk/dataset/b467514e-6584-4f52-a441-9dd32f94c943,marine-environmental-data-information-network
e1807a4be7134581330bc375745a8905,https://ckan.publishing.service.gov.uk/dataset/4ac25f12-58db-4b25-91da-a4aca3297fe8,marine-environmental-data-information-network
e181eafe-a6b1-426d-861e-8c095755e890,https://ckan.publishing.service.gov.uk/dataset/e4293933-7dae-4794-b8c9-b4874ed6d565,marine-environmental-data-information-network
e19297a5bc886ff0ebe34ede3c019c56,https://ckan.publishing.service.gov.uk/dataset/e6b3a774-2842-4ee3-8668-b601f9a3da85,marine-environmental-data-information-network
e1a23814-328e-48c4-bd0d-6989ff4a2334,https://ckan.publishing.service.gov.uk/dataset/4f18fed4-d448-4650-a11c-5ed2b3ca1e2f,marine-environmental-data-information-network
e1bac35f87ee516e8e9d093407f029c4,https://ckan.publishing.service.gov.uk/dataset/20d18e60-65c0-4497-86f0-c1f365207935,marine-environmental-data-information-network
e1bc9ae2-afcf-447b-b1a0-b317d4718122,https://ckan.publishing.service.gov.uk/dataset/b14854ad-2a35-4d5f-9055-03bbb1dc93e6,marine-environmental-data-information-network
e1f6bfd052375bbb826a2a06e12d59a7,https://ckan.publishing.service.gov.uk/dataset/bdfbf029-129e-4773-a2d6-47b8537837df,marine-environmental-data-information-network
e251593d9e3109132d3a02f721e6b3bb,https://ckan.publishing.service.gov.uk/dataset/2b9a9875-e328-43b1-acd4-af67003dda94,marine-environmental-data-information-network
e27015261154763534474b11f2e3dded,https://ckan.publishing.service.gov.uk/dataset/1fa8b8f6-997f-462c-96c0-0a23b6cfb98e,marine-environmental-data-information-network
e2754eee-52d5-45cd-90f3-41c1e5c2de5d,https://ckan.publishing.service.gov.uk/dataset/be63cf65-f614-4e3e-9498-43a2e0d80285,marine-environmental-data-information-network
e28a57144afeb95e06a28806a3be8401,https://ckan.publishing.service.gov.uk/dataset/74e9ad8a-9d88-4eef-8065-ff80334c45b8,marine-environmental-data-information-network
e2a9309c06bddcb7ff15863b40798bc9,https://ckan.publishing.service.gov.uk/dataset/b0638562-753f-49aa-b5e4-190cb2a16713,marine-environmental-data-information-network
e2ad4d6ecb2a46d0780ea6c75d7d2998,https://ckan.publishing.service.gov.uk/dataset/6b0e9c5a-70eb-4512-a433-08c73028213f,marine-environmental-data-information-network
e2ad929088dbe609fb27585cd6848c2a,https://ckan.publishing.service.gov.uk/dataset/1f44601a-8cc1-4010-b3ff-9f179e192d96,marine-environmental-data-information-network
e2d9124ab0f8a22a463f0075f697d5f8,https://ckan.publishing.service.gov.uk/dataset/966d2da4-c705-4cc6-81d1-0d61125ef25a,marine-environmental-data-information-network
e2da8c6dfcb6bd83e7d282e0c0e0a8fc,https://ckan.publishing.service.gov.uk/dataset/e33f7fdc-4359-4787-9ca3-2641b4231730,marine-environmental-data-information-network
e2fe3ced-0e36-4096-a2aa-d0d970429d58,https://ckan.publishing.service.gov.uk/dataset/8d0563ed-63f9-4f22-a02e-511cc730e504,marine-environmental-data-information-network
e3067221-0280-4968-af4a-995227ecf851,https://ckan.publishing.service.gov.uk/dataset/68f1db24-b0c1-48f1-a263-9915cde8af5a,marine-environmental-data-information-network
e31716fb-0fb8-4099-86a7-7c8afae2721a,https://ckan.publishing.service.gov.uk/dataset/5827b89c-c685-4834-9f8d-0593c6da824f,marine-environmental-data-information-network
e321b480-1f7f-46be-be8c-aac2472c2631,https://ckan.publishing.service.gov.uk/dataset/677fc054-04c8-4f25-b1a7-9fb7668c42ab,marine-environmental-data-information-network
e32ee856-a4e2-4d75-b7ee-d2bcdf93b926,https://ckan.publishing.service.gov.uk/dataset/8aab6708-291e-4b2d-910a-89f67f5b9524,marine-environmental-data-information-network
e33a8af127aa5216d2307e8852904006,https://ckan.publishing.service.gov.uk/dataset/b029e48c-924f-4e5b-8211-fc87cd289835,marine-environmental-data-information-network
e3609c86939364bb35c03a380bc167dd,https://ckan.publishing.service.gov.uk/dataset/016398ac-20a0-4269-8ec3-7c908a25da6e,marine-environmental-data-information-network
e38a6c77acd37655f279c80a989c9855,https://ckan.publishing.service.gov.uk/dataset/a567f028-76d9-46ca-8d7c-5362d4cd1395,marine-environmental-data-information-network
e38f4e01a39d07795e4b12e3b40bf916,https://ckan.publishing.service.gov.uk/dataset/974a78d7-07e9-40f9-83b2-8fb1d57e98d2,marine-environmental-data-information-network
e39e57254720a3eb84b51f958ed786a8,https://ckan.publishing.service.gov.uk/dataset/ee4fce37-a9ee-4acf-a389-8a682d2f5110,marine-environmental-data-information-network
e3bad6ddaf57ecdc4b1b47f3bda65e4a,https://ckan.publishing.service.gov.uk/dataset/48892075-49e9-4f06-8b2b-f4c946bca4bb,marine-environmental-data-information-network
e3e75d68f7d3a950e334185156a21e26,https://ckan.publishing.service.gov.uk/dataset/12fbef6f-4b28-4be2-b641-fd5f3c9412ce,marine-environmental-data-information-network
e3f3ee2f-68c8-4334-b936-6389da3163d3,https://ckan.publishing.service.gov.uk/dataset/95c8cf00-b11d-4234-ad74-b0dbc1db5a02,marine-environmental-data-information-network
e3f625ce4e3c24089431e50a10f8ca90,https://ckan.publishing.service.gov.uk/dataset/8ec754c8-01fd-40a0-b9fd-0a66110d49f9,marine-environmental-data-information-network
e42316a4b4dc1d75e68d486ae790b76a,https://ckan.publishing.service.gov.uk/dataset/77c6262b-e973-45b0-a6db-a7fd2f90d2bb,marine-environmental-data-information-network
e443987c-c452-4611-ac6b-91ea58a5ea8b,https://ckan.publishing.service.gov.uk/dataset/b097ecb3-241a-419f-974b-7dce907c67ff,marine-environmental-data-information-network
e446b1e0-be91-43e7-80a3-afee86a6176b,https://ckan.publishing.service.gov.uk/dataset/b91bc3a2-1e68-40c8-8e71-1b1f70260fe7,marine-environmental-data-information-network
e464132b92aa4c4fe90e8c504a2143cc,https://ckan.publishing.service.gov.uk/dataset/3db2507f-5640-4344-8e4e-2cee3d5bf648,marine-environmental-data-information-network
e46adea0-e978-4c1a-ac85-4aeea4ce8d90,https://ckan.publishing.service.gov.uk/dataset/58e39f38-8095-47b4-97e0-8dbd9caef184,marine-environmental-data-information-network
e476a8e122b7abd17168cc2fdff5bafe,https://ckan.publishing.service.gov.uk/dataset/e641538c-a879-453a-8ad8-2b2cccc60419,marine-environmental-data-information-network
e4a16c4ffc2323f3042e57bd79e2b7b7,https://ckan.publishing.service.gov.uk/dataset/61f9a9d4-26f6-408f-88b1-05f49ded3f06,marine-environmental-data-information-network
e4a8d16e8b7eac0cf418d0075e69e9a5,https://ckan.publishing.service.gov.uk/dataset/a7f97243-9276-496a-b9e0-6cb6e3af1c27,marine-environmental-data-information-network
e4ca8daa3183b975dcdf1d39f9417b91,https://ckan.publishing.service.gov.uk/dataset/d304dff5-86c2-4c2d-a9b8-92650ada52bb,marine-environmental-data-information-network
e4d8d117-5ebe-407f-a8ed-89870fa61880,https://ckan.publishing.service.gov.uk/dataset/23c195ed-b111-4a5e-8b3a-5ac32e5dd35b,marine-environmental-data-information-network
e4dd9c80df0d978ad378f891cf68de69,https://ckan.publishing.service.gov.uk/dataset/cdfa7bc1-35ce-46fd-a01b-a284bbaff439,marine-environmental-data-information-network
e4f4eeeb36b5d14984ed5e6ae18e36bd,https://ckan.publishing.service.gov.uk/dataset/c8d22eb6-ed28-41fe-9da3-cd5c5f77a872,marine-environmental-data-information-network
e537b95b9b63e863c157f40899d39402,https://ckan.publishing.service.gov.uk/dataset/c071854c-1191-4822-974a-9e684a59d8cf,marine-environmental-data-information-network
e57375a5-5535-4fd3-a512-5df66bad668e,https://ckan.publishing.service.gov.uk/dataset/a4d7b2a3-3c08-4f0c-846a-b920b173ff2e,marine-environmental-data-information-network
e5961436e293deeaa62c8d57953d583a,https://ckan.publishing.service.gov.uk/dataset/5c35fce9-b3ac-47a7-b6b9-c668e42e40b1,marine-environmental-data-information-network
e59e0d0ed5a868d2ef57b354b8ea4406,https://ckan.publishing.service.gov.uk/dataset/7daf5538-d5f5-41e2-aa0a-38f2aa5d9d09,marine-environmental-data-information-network
e59eeb4c-1253-4991-8cc6-c3b6fcae6c60,https://ckan.publishing.service.gov.uk/dataset/be528154-36f3-4d43-bf9e-2b2b7fef6e20,marine-environmental-data-information-network
e5a88dfc6a90d57ed5a9a3c4c2408d70,https://ckan.publishing.service.gov.uk/dataset/1cd2bad6-fffd-49e5-b284-f263c74ffe85,marine-environmental-data-information-network
e5a8aa10aac82c524d6f03bb8f536932,https://ckan.publishing.service.gov.uk/dataset/7658b740-8ae7-4d34-a935-eecccbfb58e8,marine-environmental-data-information-network
e5d1d6f4-26b7-4fdc-91ee-7b8625662ee0,https://ckan.publishing.service.gov.uk/dataset/9ba7e501-acea-46fd-8e59-bce840796301,marine-environmental-data-information-network
e5f22dacfb5b9a8ffe4de2e014c93662,https://ckan.publishing.service.gov.uk/dataset/177b85a7-e676-4fe9-bd53-b63c525ff67e,marine-environmental-data-information-network
e5ffd7bc3a96b378a031d606134ca986,https://ckan.publishing.service.gov.uk/dataset/720b9c29-5d74-49fd-bd62-a9640231551c,marine-environmental-data-information-network
e660764450c7ae673c987015a55b4425,https://ckan.publishing.service.gov.uk/dataset/4dde3c94-bb28-4992-9a40-2191980e6fd6,marine-environmental-data-information-network
e67327d3-a4c7-418e-a7c7-aaebb020292b,https://ckan.publishing.service.gov.uk/dataset/bc5b1ff5-eb51-44e9-b4f0-5c966557bfd3,marine-environmental-data-information-network
e67e747c-d9b4-4ad4-90bc-6d3c6d7bab94,https://ckan.publishing.service.gov.uk/dataset/0cf08fd6-5d35-4435-922a-9ae229b9c74f,marine-environmental-data-information-network
e6a205ca-0f71-4107-b77a-3e30ccf0e589,https://ckan.publishing.service.gov.uk/dataset/0a89b1b6-ac1e-485f-bf02-9c28f5a5d2ab,marine-environmental-data-information-network
e6b197d9-e30a-46c3-a807-2468551fb8c3,https://ckan.publishing.service.gov.uk/dataset/8270a451-20c2-4f0f-8da1-cf344bd99a38,marine-environmental-data-information-network
e6db06c614671f98a1ec0c7bbb003e5e,https://ckan.publishing.service.gov.uk/dataset/e7224954-bb5f-4c87-bfba-d1485b41429a,marine-environmental-data-information-network
e6ef59cf-fd48-4912-9c68-5f4c1756d8aa,https://ckan.publishing.service.gov.uk/dataset/0699157f-3827-4aff-a178-8469b9c13c89,marine-environmental-data-information-network
e70062ddfaa7dbbfde3fd57c04a363f4,https://ckan.publishing.service.gov.uk/dataset/041c1a8a-c957-4d8f-b135-84596bf19806,marine-environmental-data-information-network
e738e8b672c30ac9533edb1bd62bca8a,https://ckan.publishing.service.gov.uk/dataset/3811c132-6d7c-41c4-a2d8-2e28ad8c3813,marine-environmental-data-information-network
e73dead4-29ef-4c64-909c-dca11aa5dca4,https://ckan.publishing.service.gov.uk/dataset/5cae8c78-69cd-4572-9b11-c6156b2d91d5,marine-environmental-data-information-network
e7b7087b-14fb-4a02-80ff-3bedf3c26042,https://ckan.publishing.service.gov.uk/dataset/9657f109-243c-4f0b-acb0-f75950c60700,marine-environmental-data-information-network
e7f5199504b71518f5410eee19eef941,https://ckan.publishing.service.gov.uk/dataset/6f26c320-1dbd-4049-9030-1f477ed2ba47,marine-environmental-data-information-network
e801ff4e-5ffe-4ac4-a473-6eefbe763499,https://ckan.publishing.service.gov.uk/dataset/94cbd545-d581-4be4-b463-f089e60868cd,marine-environmental-data-information-network
e80bd6f54c9278f0b0fcd53eb87308cc,https://ckan.publishing.service.gov.uk/dataset/5b6ae17a-17e8-4fed-abda-efc0fc851d2d,marine-environmental-data-information-network
e817d99e-91c5-4e6d-996e-6cf4b2df5cee,https://ckan.publishing.service.gov.uk/dataset/43279112-ba1e-45de-b57f-fd7d715dc3b6,marine-environmental-data-information-network
e824c5b46f1c22f4bf00f75d0b8e7e46,https://ckan.publishing.service.gov.uk/dataset/1b5e634d-df6b-4c09-83d3-f64650068319,marine-environmental-data-information-network
e877dd61617f018fff39fede8b106e3b,https://ckan.publishing.service.gov.uk/dataset/1c522495-182d-4cbe-a3a0-0249f0845097,marine-environmental-data-information-network
e8f36859e456c7354a17680fe9ff9911,https://ckan.publishing.service.gov.uk/dataset/b8b7eeed-da8b-4333-aa78-5cfda8e844c0,marine-environmental-data-information-network
e918a4b7-539f-42e2-a413-af80108e503f,https://ckan.publishing.service.gov.uk/dataset/dde870ec-8ebd-4a20-b3de-1b84225a3a57,marine-environmental-data-information-network
e91bcf98-6731-4152-a7c6-9253e3781588,https://ckan.publishing.service.gov.uk/dataset/711e322b-dba6-4d61-ab91-db237480adf2,marine-environmental-data-information-network
e928913f-513e-4a01-9481-dd49d29f91c1,https://ckan.publishing.service.gov.uk/dataset/eb47ead3-49d2-4d35-9193-263ae91d44a0,marine-environmental-data-information-network
e92cae0b7ddac52ff4ec6e163bb1b2fb,https://ckan.publishing.service.gov.uk/dataset/5c12f443-a544-4f37-8fa4-e43b56e17e95,marine-environmental-data-information-network
e93d3130-b6c5-443b-a72e-1f06d147f770,https://ckan.publishing.service.gov.uk/dataset/e46abdfe-9164-498b-921b-246a91731c82,marine-environmental-data-information-network
e97dcfdf3fbd7c77f41b0671b33489f9,https://ckan.publishing.service.gov.uk/dataset/506640d4-ff63-4ede-87e2-6eae144fce70,marine-environmental-data-information-network
e9d6f2a5e6557c1db2d7b2a73c9a4a21,https://ckan.publishing.service.gov.uk/dataset/9fda8c2e-4863-4e13-838c-dee53e089e13,marine-environmental-data-information-network
e9e2829c-d017-4a89-8434-02dc867a362e,https://ckan.publishing.service.gov.uk/dataset/19d92b5a-376f-4924-910e-eab56a8f4674,marine-environmental-data-information-network
ea15006c-b647-4229-b6e3-397764275e3d,https://ckan.publishing.service.gov.uk/dataset/92f9b5a0-423a-4011-a97d-cbd05ff941e8,marine-environmental-data-information-network
ea31b8b7-782a-4f30-b9c3-6b3bfb32bbf4,https://ckan.publishing.service.gov.uk/dataset/b7e74fc0-2882-411e-946b-b9633446cce8,marine-environmental-data-information-network
ea5cce71bf0b7c878642623503ddd102,https://ckan.publishing.service.gov.uk/dataset/8a7d8076-336f-43f4-beec-b06e4707a2e8,marine-environmental-data-information-network
ea6a6dc2-696a-49c1-a871-c7061087450f,https://ckan.publishing.service.gov.uk/dataset/2da879f4-d64c-41a4-aa47-2ef5b91d36b3,marine-environmental-data-information-network
ea86581dd32c1cc8ca5d3afa6440f839,https://ckan.publishing.service.gov.uk/dataset/804b6bea-6f3d-4577-94ca-17b1e2c9249e,marine-environmental-data-information-network
ea8fa6dd086c9faab0e7ba872bc1e6ab,https://ckan.publishing.service.gov.uk/dataset/3f8b841d-c161-46e3-80d9-bd30f4ca1ffa,marine-environmental-data-information-network
eacda9011880d084168cda10b679bdf5,https://ckan.publishing.service.gov.uk/dataset/b4eff8b7-d259-4512-892f-d11cceba7b82,marine-environmental-data-information-network
eadd6ebbd63f0ae0b2ac9be1e7ca4cd6,https://ckan.publishing.service.gov.uk/dataset/d1dd300b-ed96-4742-ae09-e976128a0341,marine-environmental-data-information-network
eaefe7d0-7555-4041-b5d6-f42672364e6b,https://ckan.publishing.service.gov.uk/dataset/94a9bc4e-c4f6-4f92-87ee-68ef0d31c4bc,marine-environmental-data-information-network
eb24a943-b3ae-4b3a-a462-63d3099480a0,https://ckan.publishing.service.gov.uk/dataset/20cb56c9-80ec-4ab0-939f-6c2c87e4d778,marine-environmental-data-information-network
eb298bc10f25b319d84331d0e1679ca4,https://ckan.publishing.service.gov.uk/dataset/4fa9bf04-8fbf-483e-a6b5-35eb756f1645,marine-environmental-data-information-network
eb2b0a01fee2f58bbf98c734ecd6db5a,https://ckan.publishing.service.gov.uk/dataset/ceafa076-23af-4cfc-aca7-c588ce9f1036,marine-environmental-data-information-network
eb3ef8bd7ce5819251766d7e7fc2914e,https://ckan.publishing.service.gov.uk/dataset/40d61017-bfa6-449a-b3b3-52b2f275aacb,marine-environmental-data-information-network
eb8242331d39553cbac745875a73ea0b,https://ckan.publishing.service.gov.uk/dataset/77756c6f-d2fa-46bc-bc2e-51fda1d71249,marine-environmental-data-information-network
eb92f4c6-5b11-4e2a-8561-8e856f19ebc6,https://ckan.publishing.service.gov.uk/dataset/39241a9e-7ffd-4b2d-ad2c-71261877c2e2,marine-environmental-data-information-network
eba6112c7e1eb374a39b6e8fad4e2ce0,https://ckan.publishing.service.gov.uk/dataset/1b464ff5-456e-49b0-b7fb-bbbdb438675f,marine-environmental-data-information-network
ebca57f051d8ea50beae6b4688becffa,https://ckan.publishing.service.gov.uk/dataset/764c1160-6bd3-42d0-b8bf-33d9e63c3d01,marine-environmental-data-information-network
ec2d8f9a-1b1f-4d24-ad48-ec2a0457c97b,https://ckan.publishing.service.gov.uk/dataset/1d2f5531-72d4-4836-b05e-65c8b9b8449a,marine-environmental-data-information-network
ec2dc591-43b3-47d8-9541-1f253bf27a9e,https://ckan.publishing.service.gov.uk/dataset/160ed8e5-897d-4e02-b61a-0ead9e5601ee,marine-environmental-data-information-network
ec3b99fe23000168dc3487608f5ffe25,https://ckan.publishing.service.gov.uk/dataset/ca8cb955-bbdd-44ba-8c13-0e6bf06b3da3,marine-environmental-data-information-network
ec55d6b3-7605-44f5-8b09-9dc0915627d7,https://ckan.publishing.service.gov.uk/dataset/272e8702-b019-4879-b8b1-4ffac7b02f6a,marine-environmental-data-information-network
ec7880252c790e384a5bfc40aacac59c,https://ckan.publishing.service.gov.uk/dataset/56390587-9945-46e8-91cc-acca448df788,marine-environmental-data-information-network
ec97e9d6-86cc-46df-9d03-b762efb71060,https://ckan.publishing.service.gov.uk/dataset/5cef6c08-e7fc-402e-a353-e513a41f6e8c,marine-environmental-data-information-network
ecccef16-87ad-4399-90d3-7f86794d42a7,https://ckan.publishing.service.gov.uk/dataset/50e9f67c-e62d-41f2-b613-c14f13a665d0,marine-environmental-data-information-network
ecceabd48539a64653b45c75334b430b,https://ckan.publishing.service.gov.uk/dataset/6392c2ce-38c6-469f-bc2f-524c9c485bd4,marine-environmental-data-information-network
ecd10628-3e12-4055-a23e-3272851c50ac,https://ckan.publishing.service.gov.uk/dataset/7f64025e-424c-49b8-890b-3b4dfc63acc9,marine-environmental-data-information-network
eceb9af1-25dc-4647-b726-19801fb0314f,https://ckan.publishing.service.gov.uk/dataset/9eddec98-f440-47f5-995a-477371ac1d87,marine-environmental-data-information-network
ed0e5507-0cff-40f2-a46a-a153ec8fdfa4,https://ckan.publishing.service.gov.uk/dataset/d002c9a0-7330-4b35-8114-9b0c34f017ff,marine-environmental-data-information-network
ed151a64e0456dc88c51446c1dffa85c,https://ckan.publishing.service.gov.uk/dataset/20cfbad8-9c74-4819-a8e2-a88ef1085bdc,marine-environmental-data-information-network
ed1ff48c-53fa-483d-9245-1c9e3757fc7b,https://ckan.publishing.service.gov.uk/dataset/429680da-fe67-4695-a18e-1a564c6e6ac4,marine-environmental-data-information-network
ed5951a561a6a86cbf264cc44908e9bf,https://ckan.publishing.service.gov.uk/dataset/2ae4a681-1ddc-4341-8d78-62d04fe10af2,marine-environmental-data-information-network
ed713b68be3eb05caed650d8db3764db,https://ckan.publishing.service.gov.uk/dataset/8ca38c34-21c0-43cd-8ef7-ff14ddf642a7,marine-environmental-data-information-network
edbbb3ec8d324958cf265da4b3788b13,https://ckan.publishing.service.gov.uk/dataset/ef527e19-59a0-4fed-a164-d21d35012751,marine-environmental-data-information-network
ede03b4a-0211-47ae-aea9-6134be0fcea8,https://ckan.publishing.service.gov.uk/dataset/b5734e4f-e90f-450c-956f-3f8a7d6be968,marine-environmental-data-information-network
edee9051-669d-4c48-bcf5-3b819a11167d,https://ckan.publishing.service.gov.uk/dataset/86cee43c-68f5-4829-903a-b029332ea3b8,marine-environmental-data-information-network
edf30492ae1a4ff06eea7b709c58face,https://ckan.publishing.service.gov.uk/dataset/8674d885-1224-4b38-af4d-c0794e826482,marine-environmental-data-information-network
ee3297f8adba5aa7b9a0e2ffed2758e6,https://ckan.publishing.service.gov.uk/dataset/b873ac7f-cb49-4508-a2d1-6ce4eddf149e,marine-environmental-data-information-network
ee76dc60dfa36d6262bf2d6144a33885,https://ckan.publishing.service.gov.uk/dataset/290acba5-b501-4c80-bebb-dfd3b84945d8,marine-environmental-data-information-network
ee7ce97df431b34fc16d0cf5d8c5aaae,https://ckan.publishing.service.gov.uk/dataset/0d893182-4fcf-4b99-9505-997dd951b7eb,marine-environmental-data-information-network
ee974b6d-e876-498a-bc24-a44be5e8c45a,https://ckan.publishing.service.gov.uk/dataset/f3e980b9-0949-44fc-87e7-c72041ea3b4d,marine-environmental-data-information-network
eea87083-4a0b-48cc-9391-bf139cfd41cb,https://ckan.publishing.service.gov.uk/dataset/9416b428-2715-4c6c-a00d-d0c2debf3130,marine-environmental-data-information-network
ef06ae2b-49bf-4585-ae26-4553f54a043e,https://ckan.publishing.service.gov.uk/dataset/252a24b9-895c-4582-955b-5898db661b2c,marine-environmental-data-information-network
ef4727be-9eca-4e3b-b3cc-0686e4963e19,https://ckan.publishing.service.gov.uk/dataset/a2058699-41c7-42a0-8610-65ac4d38a7c2,marine-environmental-data-information-network
ef4d8a99-9eff-4aeb-b334-1b358a3e9f49,https://ckan.publishing.service.gov.uk/dataset/f4423100-de0b-4d01-b482-c8d11be2de9d,marine-environmental-data-information-network
ef6d08db-ad5c-468a-8cdb-663fa0b412ed,https://ckan.publishing.service.gov.uk/dataset/5c0c73f6-cd9e-48fd-8e84-d875544b711f,marine-environmental-data-information-network
ef96c77b28cf563c0a6b787f5ea1756d,https://ckan.publishing.service.gov.uk/dataset/45be361b-14c0-446a-a40a-dcc52d70c347,marine-environmental-data-information-network
eff92c62-f8ba-4c41-88f2-a12908fc25e0,https://ckan.publishing.service.gov.uk/dataset/06e3bc60-c2a9-4a71-8738-20dd296c249c,marine-environmental-data-information-network
effd16d3925d7ccf800e1feebde01482,https://ckan.publishing.service.gov.uk/dataset/e4676c7c-9e8f-4914-a88b-7bedc09a6f9f,marine-environmental-data-information-network
f00672b44802cfed82d1757422cf73c9,https://ckan.publishing.service.gov.uk/dataset/793c8f6f-0480-4858-9ce7-1235bc816f2a,marine-environmental-data-information-network
f0387ad5-debf-4b3f-bd36-b6392e5e12dd,https://ckan.publishing.service.gov.uk/dataset/aafc09e9-a4f5-43e6-b48a-ec8bb33018fb,marine-environmental-data-information-network
f040ed17d682dd1542504a2bd1086601,https://ckan.publishing.service.gov.uk/dataset/994c1420-981d-4bb5-84da-3689c387a000,marine-environmental-data-information-network
f044a2ea-5200-4774-8ee8-b356cc445f00,https://ckan.publishing.service.gov.uk/dataset/fb2d010d-2785-4b40-bdd8-5c05f6a99b5b,marine-environmental-data-information-network
f04ad3169f7f4f8561a6e87ce82ce924,https://ckan.publishing.service.gov.uk/dataset/6b48db68-7113-4d75-ba7b-cab726e5d166,marine-environmental-data-information-network
f04ef5cb-61d4-4130-9218-a1ac1dc29552,https://ckan.publishing.service.gov.uk/dataset/a9a4645c-0023-48c3-a072-d8e631775b7e,marine-environmental-data-information-network
f064683a-a3d3-4c70-b1d0-e434eaf969e2,https://ckan.publishing.service.gov.uk/dataset/3d63c131-f7ab-4b0d-8423-cb60cdc21d55,marine-environmental-data-information-network
f0b926d6-23c2-41b0-8d2e-46d703d39dd1,https://ckan.publishing.service.gov.uk/dataset/a92d12f5-4eb6-497e-83e9-ee58773be4f5,marine-environmental-data-information-network
f0ed67725e1907d02489b42e5cd5afeb,https://ckan.publishing.service.gov.uk/dataset/9ca9c90f-bd6d-4cf3-88fd-dc1632ef7087,marine-environmental-data-information-network
f11a2b88-528a-4548-96fe-dd776e425752,https://ckan.publishing.service.gov.uk/dataset/39e60e15-4cf9-4886-a3b8-26e214aeefa0,marine-environmental-data-information-network
f1224e26-5017-496b-b8fd-d2bf9c39d172,https://ckan.publishing.service.gov.uk/dataset/8e01f18b-46f3-4b12-b216-8db500100550,marine-environmental-data-information-network
f1503cf9-5579-436e-a8aa-08bd8fb39a28,https://ckan.publishing.service.gov.uk/dataset/66e6a735-3fee-48e8-b4fc-67e71b9996cd,marine-environmental-data-information-network
f175f24891e7740ba7f6d3d02fd9ae83,https://ckan.publishing.service.gov.uk/dataset/602b56c2-b76c-4043-b62b-0f695761355c,marine-environmental-data-information-network
f1a75d03-1f6a-41b3-9924-47f436e034ab,https://ckan.publishing.service.gov.uk/dataset/3774f286-460a-4c7c-bcf6-337081dc2f0c,marine-environmental-data-information-network
f1bc562e-df18-4a66-99a9-e369e9f325bc,https://ckan.publishing.service.gov.uk/dataset/b36119a9-61cc-4d84-a6d2-0d3942a31e58,marine-environmental-data-information-network
f1ebf7fb0b75368b87dd8468e456d92f,https://ckan.publishing.service.gov.uk/dataset/a2610a81-3d4c-4649-ac72-4f5f89494741,marine-environmental-data-information-network
f20a9be0dfce6da2d89ee810740dced7,https://ckan.publishing.service.gov.uk/dataset/02dee4be-a74e-4e43-8b9d-e12c9e0e0e67,marine-environmental-data-information-network
f20dc5280e388cca7905159a6c4d9e7c,https://ckan.publishing.service.gov.uk/dataset/2ae8c5ea-285d-4093-97d0-8e9606c11b5f,marine-environmental-data-information-network
f2293378-c675-4e20-9bd7-0e8aa8d261c5,https://ckan.publishing.service.gov.uk/dataset/f4977347-1956-40d9-95db-1eccc9501926,marine-environmental-data-information-network
f26775d2-c10e-4baf-8154-9689d3650972,https://ckan.publishing.service.gov.uk/dataset/b005090c-0db6-435a-8c15-699207663853,marine-environmental-data-information-network
f26ac2dc-3afd-41d9-b3bd-4cec75399143,https://ckan.publishing.service.gov.uk/dataset/02abc4dc-30cc-4014-a482-8e367f235e98,marine-environmental-data-information-network
f2a43ca7-b8ed-4680-80ac-2872bd738d6e,https://ckan.publishing.service.gov.uk/dataset/5d77f301-0440-4b2c-826a-a671ffc53e6c,marine-environmental-data-information-network
f2c1f1dab0fde71f208ff076275bc66c,https://ckan.publishing.service.gov.uk/dataset/e158b7d9-078e-43a2-9ffc-c5a6bcbc8e71,marine-environmental-data-information-network
f2d6d8e2-a123-48f2-b627-8592156c5822,https://ckan.publishing.service.gov.uk/dataset/5981a11f-3966-40a5-8c90-01a6f53e43fb,marine-environmental-data-information-network
f2ea8688-81c6-482b-a004-936c9dac636a,https://ckan.publishing.service.gov.uk/dataset/1c66440b-fbae-4cdf-8913-f2a4a5de7e8e,marine-environmental-data-information-network
f2f0962a-c856-471e-a94f-a84238fc151e,https://ckan.publishing.service.gov.uk/dataset/e7d0adb4-5bbf-4c09-95c1-4013205cde06,marine-environmental-data-information-network
f31231f5d834a5cdf387acbfcbb507f9,https://ckan.publishing.service.gov.uk/dataset/bca8e88c-bc94-42b3-b1c2-301f391be5f4,marine-environmental-data-information-network
f3392fc9-5da9-403f-91c9-3eb5f0a8f7b6,https://ckan.publishing.service.gov.uk/dataset/26ff533f-ae26-4828-827b-3db6d4191383,marine-environmental-data-information-network
f3708458-7c9d-42b6-afbb-707e9fc70a0b,https://ckan.publishing.service.gov.uk/dataset/f880ed7e-3de4-411b-8879-ca2462321de0,marine-environmental-data-information-network
f385d94e-0ae1-4f9e-8a65-22c0dee46e23,https://ckan.publishing.service.gov.uk/dataset/42cc29b9-24d4-4585-be6d-881ea950a336,marine-environmental-data-information-network
f3878de6-8304-4493-9b09-e1bfed5c10c9,https://ckan.publishing.service.gov.uk/dataset/ea3f07d0-d313-4687-92be-6f05c0540cae,marine-environmental-data-information-network
f3942dd7810e8840ba740b0723da0057,https://ckan.publishing.service.gov.uk/dataset/8c1fad55-5ac0-4bdc-a62a-74355c43567d,marine-environmental-data-information-network
f3c581a3e8b53834c935f4f04b48e4c9,https://ckan.publishing.service.gov.uk/dataset/34a7a07c-c7e0-4e29-b3b1-9b151dbd728c,marine-environmental-data-information-network
f3f11539c81c0e0be404e418dd1d4544,https://ckan.publishing.service.gov.uk/dataset/137a9400-25ce-4cc5-b3ef-14ff1f8d6d69,marine-environmental-data-information-network
f3ffb157-4ac3-4ea2-ab74-c1721a47c70f,https://ckan.publishing.service.gov.uk/dataset/8cdd94ae-34f0-459f-8660-45a6e236f1b2,marine-environmental-data-information-network
f44f0412aa38cb8102dc74058353cc6a,https://ckan.publishing.service.gov.uk/dataset/cfa2b3d1-6e72-4c6c-8030-5ca7e1351e4b,marine-environmental-data-information-network
f4512062-8b26-4214-864c-417fc5ee8694,https://ckan.publishing.service.gov.uk/dataset/7bbb59f9-8185-4880-972c-bc46f3654ff2,marine-environmental-data-information-network
f469527e-dee8-4d44-975a-895080c3f503,https://ckan.publishing.service.gov.uk/dataset/3ad21bd0-ccda-47b6-95e4-8d820692d943,marine-environmental-data-information-network
f46d1233-906e-4170-82f4-cf43147b18ea,https://ckan.publishing.service.gov.uk/dataset/6812c06a-0fe0-4f11-a2e2-df0fe3d05d08,marine-environmental-data-information-network
f49889de-7a36-4550-8b8e-2d9dbf019a55,https://ckan.publishing.service.gov.uk/dataset/e24d5e9b-eeea-4230-b176-8fc43da1baa7,marine-environmental-data-information-network
f4aa67a4-613b-42ec-86c1-b1eaa418e2fd,https://ckan.publishing.service.gov.uk/dataset/64a1c696-3abb-455d-b472-9c8a4c166a8b,marine-environmental-data-information-network
f4e7d5a0-5ac2-4882-ad4b-c3e55c2efff6,https://ckan.publishing.service.gov.uk/dataset/120a15bc-b0d6-4618-aa56-7c6532e5163a,marine-environmental-data-information-network
f53099f6-5f32-4768-9265-7b168e918d21,https://ckan.publishing.service.gov.uk/dataset/ceb0538c-d40d-482e-b4e0-3e671e103f31,marine-environmental-data-information-network
f549a979-fe00-49ec-bfa4-69ed2166d326,https://ckan.publishing.service.gov.uk/dataset/0c1bcdba-fb22-4714-ac1d-72d9f3f3a265,marine-environmental-data-information-network
f5542cdba79c628f02d344ae6f6de11e,https://ckan.publishing.service.gov.uk/dataset/92fe2cbd-6018-4593-bc66-7a1ef11c00b4,marine-environmental-data-information-network
f57c538a-5b6e-4eb2-a24c-7d1495a91da5,https://ckan.publishing.service.gov.uk/dataset/803a05a6-7705-409c-ac4d-723ed79dd953,marine-environmental-data-information-network
f58f3082d3a7ee69b9c1bbc9aa389e54,https://ckan.publishing.service.gov.uk/dataset/72c8338a-88bd-4c2e-98bd-1dc22cb42102,marine-environmental-data-information-network
f59a309c-b35c-409a-8e20-d307cb979c14,https://ckan.publishing.service.gov.uk/dataset/aed09f95-e329-47ff-a90e-1db0d0271e9e,marine-environmental-data-information-network
f5eb7eeb16d75199985993da19119d6a,https://ckan.publishing.service.gov.uk/dataset/a5b24953-2182-4b44-811e-964a439b70b5,marine-environmental-data-information-network
f64bfc505a9996baf1e8ce22f136d751,https://ckan.publishing.service.gov.uk/dataset/cde9df22-56b9-4766-8c7b-e048eed1f59c,marine-environmental-data-information-network
f6589c51b2245d379b196603da773174,https://ckan.publishing.service.gov.uk/dataset/e3269b2b-1a4e-4743-97a6-05c39609debc,marine-environmental-data-information-network
f65feba6e5cd34e3f5b9d992a8373191,https://ckan.publishing.service.gov.uk/dataset/588c5207-37e3-401d-be0f-8ab693af39fe,marine-environmental-data-information-network
f668fa2183a83fb67b5862ab414f6b67,https://ckan.publishing.service.gov.uk/dataset/56c27db1-bd3c-45e2-8ebc-0f0357a879e6,marine-environmental-data-information-network
f6736c789f7ba2e3aa63429e2f94ae75,https://ckan.publishing.service.gov.uk/dataset/c4a2dc65-5ce8-4c20-bcba-2f752b4e3c09,marine-environmental-data-information-network
f684f81c-d932-467c-bc8d-121e8defa5b6,https://ckan.publishing.service.gov.uk/dataset/d3b1b764-174f-4a4d-9993-d87f10ad16fa,marine-environmental-data-information-network
f68e37aaa36b45857e3cb8f7e636cc17,https://ckan.publishing.service.gov.uk/dataset/892c9bfa-7d29-413a-94e1-e30deeb5b623,marine-environmental-data-information-network
f6db38b5-b0c7-4ed8-988a-2652382bbe13,https://ckan.publishing.service.gov.uk/dataset/72e59562-d461-4841-8013-93e39359d530,marine-environmental-data-information-network
f6dbcf99b3e05bba946ca18dcedd1cc3,https://ckan.publishing.service.gov.uk/dataset/a7b2b516-6f36-4289-a5fc-81887e2e247a,marine-environmental-data-information-network
f6dd7eff4988d3e163b9293cf3758683,https://ckan.publishing.service.gov.uk/dataset/022ebab0-ea54-4a58-bd2c-b62252f68baa,marine-environmental-data-information-network
f712599369e52910b7b80fe314320c26,https://ckan.publishing.service.gov.uk/dataset/85143dbc-6741-4c1e-b825-2e2b5798d98b,marine-environmental-data-information-network
f72ce4c0be2b3d73af5ff7ed8237fe16,https://ckan.publishing.service.gov.uk/dataset/6ac072c1-fb97-4e23-9e77-26c05d99d9ab,marine-environmental-data-information-network
f7479e1790a79d9e7c6cedb9434faae8,https://ckan.publishing.service.gov.uk/dataset/c4cbcfc8-1b54-43f2-ae39-a6ace3cf2ae6,marine-environmental-data-information-network
f7653c13e768a228cdbdb45645fb9a3a,https://ckan.publishing.service.gov.uk/dataset/73d59087-b8aa-473a-8f59-48b38dc5cbf5,marine-environmental-data-information-network
f7852d29-bd0c-4b9f-b2c4-97cba6c4615f,https://ckan.publishing.service.gov.uk/dataset/49ccd85b-e44a-4d37-a811-4260f3fa920a,marine-environmental-data-information-network
f78a537a34d6f6ae55595a804dede528,https://ckan.publishing.service.gov.uk/dataset/d144d2f7-8321-412b-9079-6d7159efe833,marine-environmental-data-information-network
f7a817d21c7ba442cb7607c3b177353d,https://ckan.publishing.service.gov.uk/dataset/67958cef-cb34-48f0-a39a-c09831a73e10,marine-environmental-data-information-network
f7e37e5b18fcad2e3dc4910fdf3e490d,https://ckan.publishing.service.gov.uk/dataset/ba3808ce-f4c1-4577-9c99-faf28353bf0b,marine-environmental-data-information-network
f7e68f8603fe7af5d0b5f58d06540b80,https://ckan.publishing.service.gov.uk/dataset/59ce15aa-ab23-4428-aa0f-07c3eb6f0df2,marine-environmental-data-information-network
f7eca6ebb9829676f9f1f44320936def,https://ckan.publishing.service.gov.uk/dataset/47cfa34b-a7f1-4cb1-8910-cdceb38839f0,marine-environmental-data-information-network
f8033879-db52-4d1f-b2a1-37fc74944731,https://ckan.publishing.service.gov.uk/dataset/05b7a8f5-b046-4a9a-96bd-8e86d9402a7e,marine-environmental-data-information-network
f8102b20a0f357e182cc954149b47c35,https://ckan.publishing.service.gov.uk/dataset/23c58d58-28cb-4e31-823c-fc30f24a3cb4,marine-environmental-data-information-network
f81ccc22-1f7d-4264-a4bb-8944f31c8b39,https://ckan.publishing.service.gov.uk/dataset/60e1fa86-19f4-41f2-915e-7956d23fa691,marine-environmental-data-information-network
f84b6d57-72e5-4d9c-be8d-e80b5e41de2d,https://ckan.publishing.service.gov.uk/dataset/4b1781d1-9f63-4e8f-bd92-7b1ae1a5d92e,marine-environmental-data-information-network
f84be6964fa9252d65aa07fcfd6a811e,https://ckan.publishing.service.gov.uk/dataset/df5f9fc0-84ed-4420-9bb1-9f89eda56966,marine-environmental-data-information-network
f85ea985d2fb46b719a2b3012f929d5a,https://ckan.publishing.service.gov.uk/dataset/665bc0a1-9753-480d-81c0-7c06ba3ef295,marine-environmental-data-information-network
f8beb5021c99aa92ce896b1083f06749,https://ckan.publishing.service.gov.uk/dataset/d259d5a5-f09e-49de-ba61-54cb90431cbf,marine-environmental-data-information-network
f9135566dfd6559d804ac8a0c4058e98,https://ckan.publishing.service.gov.uk/dataset/cf882b5a-7583-4f61-9b5a-0fb930fd5038,marine-environmental-data-information-network
f92584d346e7505a3a3431d9e17b56b0,https://ckan.publishing.service.gov.uk/dataset/47e7fe4d-4cf4-4e7f-bea0-0abe359ae85f,marine-environmental-data-information-network
f96757e3-d464-4386-b3ff-a4c8398bb73b,https://ckan.publishing.service.gov.uk/dataset/76ae6d6e-7950-4fd2-a1d5-53299323256c,marine-environmental-data-information-network
f97c453917eee594ddd0937bfcdbb727,https://ckan.publishing.service.gov.uk/dataset/a8559a15-d788-4d35-a205-b3e639fa9f3d,marine-environmental-data-information-network
f9a8a0d2c49db742ee966a2aabbb50fb,https://ckan.publishing.service.gov.uk/dataset/f5611b3b-9547-4a96-8486-b6442a580e2a,marine-environmental-data-information-network
f9e6e11eeeb465f25373186f7618176d,https://ckan.publishing.service.gov.uk/dataset/5b873864-f995-4cf0-bda5-f75be9b728fc,marine-environmental-data-information-network
fa002eb792d41da9064dc587a8234400,https://ckan.publishing.service.gov.uk/dataset/504f850d-035e-4ef9-99e6-35e708f54005,marine-environmental-data-information-network
fa141725-1abb-408c-b901-2eee0993a3fc,https://ckan.publishing.service.gov.uk/dataset/de0a2135-e30d-4278-9465-33c12d791f81,marine-environmental-data-information-network
fa26a812-5e7f-4a0f-80d1-bc0829ac6583,https://ckan.publishing.service.gov.uk/dataset/5876b9f0-c4ae-41d7-b195-933612f94449,marine-environmental-data-information-network
fa4412e89bd6b92f9db78b71e9f16690,https://ckan.publishing.service.gov.uk/dataset/0fe66680-c2c2-4a44-9587-62e74fb75320,marine-environmental-data-information-network
fa4b040d-0f54-404e-8938-85614b1c4b37,https://ckan.publishing.service.gov.uk/dataset/510d8bd2-ff09-4fda-b569-ec6381768717,marine-environmental-data-information-network
fa6b6594e89f6b2bf545674fd87de404,https://ckan.publishing.service.gov.uk/dataset/a596374a-4a86-4ac0-8de1-c24e52099df1,marine-environmental-data-information-network
faa372d1ff39ba8215eaa724e76c5609,https://ckan.publishing.service.gov.uk/dataset/13a608d3-ed46-44f2-8c51-268e691836d0,marine-environmental-data-information-network
fad95d795d1ed8733b53b508ff3a8097,https://ckan.publishing.service.gov.uk/dataset/ff908bb3-acf0-4e0f-a62c-c3396d8168cd,marine-environmental-data-information-network
fadf5cc2e80f593df5332cc2bd48c709,https://ckan.publishing.service.gov.uk/dataset/5c24a1ff-9be3-4baa-9295-e97d63d5fd44,marine-environmental-data-information-network
fafe6be12e831f965fbc3f43ab1adbd7,https://ckan.publishing.service.gov.uk/dataset/1e592397-1b7a-48af-9708-538e71b3f586,marine-environmental-data-information-network
fb23a4b36946f7cae41309d82e79d1c9,https://ckan.publishing.service.gov.uk/dataset/1bc4aef6-57dd-4115-908a-36403c94150f,marine-environmental-data-information-network
fb3cb362cbd70555d3d429238c331652,https://ckan.publishing.service.gov.uk/dataset/7006f690-0b81-4e1f-97a8-4fa57cb2527b,marine-environmental-data-information-network
fb4f0a43-4223-47ff-9eba-7137826a1d94,https://ckan.publishing.service.gov.uk/dataset/cf30d838-b745-4bb3-a236-161c775cd00c,marine-environmental-data-information-network
fb6589e9e5873109eff321ad5438bea0,https://ckan.publishing.service.gov.uk/dataset/428739d1-ec7d-4215-832b-b6e0797b5a3c,marine-environmental-data-information-network
fbbaf3f9699f38a3ad44522893413d6e,https://ckan.publishing.service.gov.uk/dataset/0c8cb9f6-08da-4444-a791-7287503fcc84,marine-environmental-data-information-network
fbf8eff0edbfccffa9c82c48a156955d,https://ckan.publishing.service.gov.uk/dataset/a64a5f9b-a415-4b49-9933-7d6af0897d37,marine-environmental-data-information-network
fc07e366-476b-412d-ae99-5b31c9b4d7e1,https://ckan.publishing.service.gov.uk/dataset/6ef7ee26-86a4-478f-a9a4-1e04a386092a,marine-environmental-data-information-network
fc163afe-d35f-4880-8577-fd88a9c98d83,https://ckan.publishing.service.gov.uk/dataset/dfa15bd6-1fd0-44c6-8b57-0a84cad6e6f5,marine-environmental-data-information-network
fc39dde8e33b672cdd136c486e9bfba4,https://ckan.publishing.service.gov.uk/dataset/d5d9a42e-8cd3-44bd-96ed-a4520415497f,marine-environmental-data-information-network
fc47b27a042b0102064a87d7386603dc,https://ckan.publishing.service.gov.uk/dataset/9066852f-f786-4c6f-ae76-b6e6a1711bd3,marine-environmental-data-information-network
fc5f58fca24ea6b70f2cb425c7fb26a2,https://ckan.publishing.service.gov.uk/dataset/592d8d98-1684-4de9-be24-953dad4f95cc,marine-environmental-data-information-network
fc982838-f111-47ca-9013-cdd59284a6df,https://ckan.publishing.service.gov.uk/dataset/dde34154-0117-474e-94c0-38cc5f66d558,marine-environmental-data-information-network
fcc7f64b-81fa-4788-a6ad-3f43f15941e0,https://ckan.publishing.service.gov.uk/dataset/30348d50-a799-4444-b613-7f2f3cb50c01,marine-environmental-data-information-network
fcd9e695-0ef2-4d27-a1cf-2b5e990dcdb9,https://ckan.publishing.service.gov.uk/dataset/cea90f52-1808-439e-b33f-03f196dac704,marine-environmental-data-information-network
fcdc4b88-af88-491a-9dd8-8e80429e87a6,https://ckan.publishing.service.gov.uk/dataset/73d5f5d7-72c0-4ee3-bd44-bd8de3a89acc,marine-environmental-data-information-network
fce00cd685bf927bf5110adb204b00bd,https://ckan.publishing.service.gov.uk/dataset/57f1895d-c3f1-4593-9ba2-5c3509eea448,marine-environmental-data-information-network
fd231e649cbcaf02bb305b51f5bbefb9,https://ckan.publishing.service.gov.uk/dataset/04942b5d-5509-48c0-bd50-642bfbccb220,marine-environmental-data-information-network
fd3530ba-a91d-4b1b-827d-399a186de89d,https://ckan.publishing.service.gov.uk/dataset/31237d2c-1e76-4d5c-8859-86f5a1860edb,marine-environmental-data-information-network
fd35fec4-6c79-4788-9a76-76513afd90f1,https://ckan.publishing.service.gov.uk/dataset/726a6f55-4e15-4118-b0a7-210aa5501d9d,marine-environmental-data-information-network
fd423243182ca91dd330614c5d7eaf32,https://ckan.publishing.service.gov.uk/dataset/7bb2590f-6b73-4d64-891b-a47f57ae20ce,marine-environmental-data-information-network
fd445727-9301-4197-9962-ab42082f73a3,https://ckan.publishing.service.gov.uk/dataset/f31020d5-e7c6-4750-97fd-6103c335002e,marine-environmental-data-information-network
fd59a07d35b3b2f8e83c0a365cff5351,https://ckan.publishing.service.gov.uk/dataset/a76a9407-f8f5-4aa8-9e52-deb39aca1eea,marine-environmental-data-information-network
fd6532bb-3fe9-4308-9963-749657ce252a,https://ckan.publishing.service.gov.uk/dataset/03ca9c88-fe47-4529-b541-6beb7a6f83b4,marine-environmental-data-information-network
fd76291a-0bda-437d-baeb-2edd48718162,https://ckan.publishing.service.gov.uk/dataset/ab2a8753-fb18-4a67-b3ca-05b7f517fc94,marine-environmental-data-information-network
fd995eb9-e228-4921-bdf1-679cc44b09e0,https://ckan.publishing.service.gov.uk/dataset/0002cb55-8c12-4517-b828-af94abf3ac83,marine-environmental-data-information-network
fda283cb-7c88-48cc-9090-bcd838ac1c39,https://ckan.publishing.service.gov.uk/dataset/46a660a2-bac1-42cc-9b85-a150207f9d8f,marine-environmental-data-information-network
fdb1cef54a98512f80b223e39b2168eb,https://ckan.publishing.service.gov.uk/dataset/3e7a7fc2-2375-42ee-883c-c9872a3bde6c,marine-environmental-data-information-network
fdbfb6c31c557e7e74e26649f93ef530,https://ckan.publishing.service.gov.uk/dataset/f2fd3039-5b7e-42d3-9bf2-d653b95e45a2,marine-environmental-data-information-network
fdc988ae-6433-4038-8104-347b27567e57,https://ckan.publishing.service.gov.uk/dataset/e5b6ce2b-0853-4646-bf50-bc35f3404088,marine-environmental-data-information-network
fdd46757-e3f2-41a6-8107-1ce0f640bed1,https://ckan.publishing.service.gov.uk/dataset/a9954057-f31b-459f-b6e5-16e5e1199a5e,marine-environmental-data-information-network
fddcc7fe3f24553705dc58f519c3ebf7,https://ckan.publishing.service.gov.uk/dataset/932b05e1-b0ca-485a-8133-359c3989ea63,marine-environmental-data-information-network
fe3a31be6179cfc3581ee9974e5dc223,https://ckan.publishing.service.gov.uk/dataset/577b3efd-3a5e-4ada-9291-39071ee83308,marine-environmental-data-information-network
fe4f7dfc8ce2a62b14f81e7ff07db139,https://ckan.publishing.service.gov.uk/dataset/29be9f20-6403-4197-9771-4f102eb0720e,marine-environmental-data-information-network
fe7fba3e437e13547d8f493c986eb71a,https://ckan.publishing.service.gov.uk/dataset/2be65ded-23dd-42f2-883b-6129749e366d,marine-environmental-data-information-network
fe928e3d8ddbfd9a08a0dfe758d75988,https://ckan.publishing.service.gov.uk/dataset/7b451b74-fe2f-46fd-9239-253e1499d9c9,marine-environmental-data-information-network
fe9e525083b094f33fa40ea535962b0e,https://ckan.publishing.service.gov.uk/dataset/4c4e7db6-3a00-43b0-80cc-32b3fd9ee6f6,marine-environmental-data-information-network
fea400f5b61c864b6ebb315606b9983d,https://ckan.publishing.service.gov.uk/dataset/2378c99f-822a-4e3c-a4fb-a5324052d3d4,marine-environmental-data-information-network
feac10ebe32b38eb9ab0e81e564f36b1,https://ckan.publishing.service.gov.uk/dataset/65eaf260-66b1-4a31-bfcd-fe28dcd7f6fe,marine-environmental-data-information-network
feb00b86f1a15bcf81f6fecb56feb565,https://ckan.publishing.service.gov.uk/dataset/46705954-c5f2-406d-bff9-c6127c653f73,marine-environmental-data-information-network
feb89638-6195-40bf-8299-9df75548b147,https://ckan.publishing.service.gov.uk/dataset/03feedad-fdfb-48f5-8202-3196eba8fb6c,marine-environmental-data-information-network
febcd862ab6f8c588540c03641f0d714,https://ckan.publishing.service.gov.uk/dataset/818da643-a2dc-43d9-8f6a-fd5c79fb7d71,marine-environmental-data-information-network
fed2fdfa272dc075ddfdcbe1cb57f09a,https://ckan.publishing.service.gov.uk/dataset/d3c45f91-443f-4a43-942f-9bfe8101651d,marine-environmental-data-information-network
ff1cb2aa-8dc4-4a1b-a2f9-c9305c4878f5,https://ckan.publishing.service.gov.uk/dataset/85b7dc69-0420-448c-8722-4d465d0d9ffb,marine-environmental-data-information-network
ff2b19bb-d6ec-49b4-abec-27d460c7cae7,https://ckan.publishing.service.gov.uk/dataset/b82c94a5-034c-45b3-8b5e-0aa70eb66850,marine-environmental-data-information-network
ffb34da2-569f-4714-b95c-6fbdf0a98ffe,https://ckan.publishing.service.gov.uk/dataset/d05347f2-c83b-4267-9d26-8ae54ab5ee90,marine-environmental-data-information-network
ffb5729d5b4f54fcf149e802593f8d73,https://ckan.publishing.service.gov.uk/dataset/5fd72026-4422-444b-ae95-2455dab89490,marine-environmental-data-information-network
ffbc576e-e8ee-4679-88fe-b651c3671989,https://ckan.publishing.service.gov.uk/dataset/1c3295c3-bdc0-4116-822b-17ac0477a378,marine-environmental-data-information-network
ffc68963-322c-4a0c-9cc3-573dfd169be2,https://ckan.publishing.service.gov.uk/dataset/c044e236-19ae-4567-a71f-9047c8311b40,marine-environmental-data-information-network
ffdc569f9c1d582d9606a946f56ec17f,https://ckan.publishing.service.gov.uk/dataset/b6cb7fe4-14af-4612-8e8c-8e8ef2005bf8,marine-environmental-data-information-network
fff6bf79d01ff3cda92124a9941ac06d,https://ckan.publishing.service.gov.uk/dataset/0154245e-b69a-4647-a68a-4b7c19ff1081,marine-environmental-data-information-network
Marine_Scotland_FishDAC_12470,https://ckan.publishing.service.gov.uk/dataset/830572ba-53dd-4868-ad37-e640dec1c950,marine-environmental-data-information-network