datagovuk-url,package-id,package-name,package-metadata-created,package-metadata-modified,guid,resource-id,resource-url,resource-created,resource-last-modified,resource-metadata-modified,org-name,org-id,http-status,category,error-detail,original-url,original-http-status,original-category,original-error-detail,to-delete,checked-at
https://www.data.gov.uk/dataset/065d267f-23bc-4d0e-9a56-52d388d5835c/desnz-heat-networks-planning-database,065d267f-23bc-4d0e-9a56-52d388d5835c,desnz-heat-networks-planning-database,2023-11-22,2026-06-05,,1914c27e-244a-4baa-8136-692ec43fd7a2,https://eur02.safelinks.protection.outlook.com/?url=https%3A%2F%2Fassets.publishing.service.gov.uk%2Fmedia%2F66437a3af34f9b5a56adc6e8%2Fhnpd-2024-q4.xlsx&data=05%7C02%7Ctransparency%40ics.gov.uk%7Cad6ef3a0a1724a11dbc408dc7648f81a%7Ccbac700502c143ebb497e6492d1b2dd8%7C0%7C0%7C638515302989863642%7CUnknown%7CTWFpbGZsb3d8eyJWIjoiMC4wLjAwMDAiLCJQIjoiV2luMzIiLCJBTiI6Ik1haWwiLCJXVCI6Mn0%3D%7C0%7C%7C%7C&sdata=8mKz4zPDiqMi9%2Ft9AJEGCDn7ExrOfutKj%2FLOeEZrTVM%3D&reserved=0,2024-05-17,,2024-09-11,department-for-energy-security-and-net-zero,2b2e6ef9-df57-4aa6-a899-00d0cd118ca9,410,GONE,HTTP 410,,,,,true,2026-09-02T12:13:02+00:00
https://www.data.gov.uk/dataset/0caa55b3-7294-4d86-8cc3-53b6d327880c/temperature-maps-of-the-british-coalfields,0caa55b3-7294-4d86-8cc3-53b6d327880c,temperature-maps-of-the-british-coalfields,2022-03-16,2026-06-04,d962189b-e7ed-2998-e054-002128a47908,b247dea0-e9e0-4660-ab92-84649477696c,https://arcgis.bgs.ac.uk/arcgis/services/SDDS/Coalfield_Temperature_Maps/MapServer/WMSServer?service=WMS&request=GetCapabilities,2026-06-04,,2026-06-04,british-geological-survey,7ad23da8-c49d-4d81-bf85-5cfab52ba143,500,SERVER_ERROR,HTTP 500,,,,,true,2026-09-02T12:13:03+00:00
https://www.data.gov.uk/dataset/27c88b01-ecba-42d6-abfb-bbdbf911cc5b/historic-environment-records-scotland,27c88b01-ecba-42d6-abfb-bbdbf911cc5b,historic-environment-records-scotland,2017-11-15,2026-04-30,cff49e3d-357f-430a-bb3d-c9c0bb9e2fb7,4a78b5d7-e585-472f-abfc-4eb593d758fd,https://canmore.org.uk/content/data-downloads,2026-04-30,,2026-04-30,scottish-government-spatial-data-infrastructure,c924c995-e063-4f30-bbd3-61418486f0a9,404,NOT_FOUND,HTTP 404,,,,,true,2026-09-02T12:13:04+00:00
https://www.data.gov.uk/dataset/299a753a-3432-49a7-9dc0-5879b2c7db35/collaborative-deer-management-ecology-data-2006-2009,299a753a-3432-49a7-9dc0-5879b2c7db35,collaborative-deer-management-ecology-data-2006-2009,2012-01-16,2026-04-02,b75699cc-41c6-40a4-81ac-fc157958fc68,eb4382a0-adee-4da5-8bd6-024682bfc150,http://relu.data-archive.ac.uk/explore-data/search-browse/Project/?ID=RES-227-25-0014,2026-04-02,,2026-04-02,eidc,866f4088-ae4f-43b8-ba8c-6d3141a327f2,,TIMEOUT,page.goto: Timeout 30000ms exceeded.,,,,,true,2026-09-02T12:15:20+00:00
https://www.data.gov.uk/dataset/88405a3d-b2d2-4c5b-8c34-6916c649862a/bury-brownfield-land-register,88405a3d-b2d2-4c5b-8c34-6916c649862a,bury-brownfield-land-register,2018-01-09,2024-03-14,,ab33c354-ee66-4de5-bb66-c3817d00577e,https://maps.bury.gov.uk/externalwebmap/Map.aspx?x=380961&y=411007&resolution=0.5&epsg=27700&mapname=bury_shlaa_external&baseLayer=GreyScaleBury&datalayers=Brownfield%20Land%20Register%20now%2CBury%20Council%2CselectFeaturesControl_container,2018-01-09,,2023-04-11,bury-metropolitan-borough-council,c79caee4-de01-4101-a12a-c4a2d7f643d1,,TIMEOUT,page.goto: Timeout 30000ms exceeded.,,,,,true,2026-09-02T12:16:24+00:00
https://www.data.gov.uk/dataset/f30c4eda-6f87-4788-aae6-16dfb1fb49c5/volcore-a-global-database-of-visible-tephra-layers-sampled-by-ocean-drilling-nerc-grant-ne-p020,f30c4eda-6f87-4788-aae6-16dfb1fb49c5,volcore-a-global-database-of-visible-tephra-layers-sampled-by-ocean-drilling-nerc-grant-ne-p020,2021-04-07,2026-06-04,bec2eef1-8ab5-2fa1-e054-002128a47908,2b902e84-16da-49f4-877c-0c865e7c23ac,https://researchdata.springernature.com/posts/150-million-years-of-large-magnitude-explosive-volcanism,2026-06-04,,2026-06-04,british-geological-survey,7ad23da8-c49d-4d81-bf85-5cfab52ba143,,CONNECTION_ERROR,page.goto: net::ERR_SSL_VERSION_OR_CIPHER_MISMATCH at https://researchdata.springernature.com/posts/150-million-years-of-large-magnitude-explosive-volcanism,,,,,true,2026-09-02T12:16:53+00:00
https://www.data.gov.uk/dataset/065d267f-23bc-4d0e-9a56-52d388d5835c/desnz-heat-networks-planning-database,065d267f-23bc-4d0e-9a56-52d388d5835c,desnz-heat-networks-planning-database,2023-11-22,2026-06-05,,3199314b-64db-4751-aac5-75594f355e59,https://eur02.safelinks.protection.outlook.com/?url=https%3A%2F%2Fassets.publishing.service.gov.uk%2Fmedia%2F6643723ebd01f5ed32793ae5%2Fhnpd-2024-q4.csv&data=05%7C02%7Ctransparency%40ics.gov.uk%7Cad6ef3a0a1724a11dbc408dc7648f81a%7Ccbac700502c143ebb497e6492d1b2dd8%7C0%7C0%7C638515302989852100%7CUnknown%7CTWFpbGZsb3d8eyJWIjoiMC4wLjAwMDAiLCJQIjoiV2luMzIiLCJBTiI6Ik1haWwiLCJXVCI6Mn0%3D%7C0%7C%7C%7C&sdata=Gyvq2%2BKzDmXxNfmYeqrv8gNPver8zCNu9j00%2BFCxyAY%3D&reserved=0,2024-05-17,,2024-09-11,department-for-energy-security-and-net-zero,2b2e6ef9-df57-4aa6-a899-00d0cd118ca9,410,GONE,HTTP 410,,,,,true,2026-09-02T12:17:02+00:00
https://www.data.gov.uk/dataset/1ab839c4-a15f-4424-851d-59dd04e837cb/bgs-geology-625k-web-service,1ab839c4-a15f-4424-851d-59dd04e837cb,bgs-geology-625k-web-service,2025-09-02,2026-06-04,3d44b92c-dbc4-ba26-e063-3050940ab7a9,e62ecdf8-f19a-420d-89ea-c5db421cb36c,https://arcgis.bgs.ac.uk/arcgis/services/SDDS/Geology_625k/MapServer/WMSServer?service=WMS&request=GetCapabilities&,2026-06-04,,2026-06-04,british-geological-survey,7ad23da8-c49d-4d81-bf85-5cfab52ba143,500,SERVER_ERROR,HTTP 500,,,,,true,2026-09-02T12:17:53+00:00
https://www.data.gov.uk/dataset/6d8bf848-9c6f-43ea-80ec-d65e7cd85ee8/eating-biodiversity-ecology-data-2005-2007,6d8bf848-9c6f-43ea-80ec-d65e7cd85ee8,eating-biodiversity-ecology-data-2005-2007,2012-01-03,2026-04-02,9f693f01-f1e3-45e6-82c5-cac02f5f9c90,e4e478ea-3069-405a-be50-0f59ac036f94,http://relu.data-archive.ac.uk/site-search?search=RES-224-25-0041,2026-04-02,,2026-04-02,eidc,866f4088-ae4f-43b8-ba8c-6d3141a327f2,,TIMEOUT,page.goto: Timeout 30000ms exceeded.,,,,,true,2026-09-02T12:19:23+00:00
https://www.data.gov.uk/dataset/91894364-03e5-4d54-90b1-432c021f55c5/real-time-rail-stations-arrivals-and-departures1,91894364-03e5-4d54-90b1-432c021f55c5,real-time-rail-stations-arrivals-and-departures1,2016-02-19,2022-04-25,91894364-03e5-4d54-90b1-432c021f55c5,1f0a15ff-6a63-441e-b385-60afb16faf91,https://apis.opendatani.gov.uk/translink/3042A7.xml,2015-12-24,,2022-04-18,open-data-ni,8549022f-fa16-43e4-a56f-6a45ca875199,503,SERVER_ERROR,HTTP 503,,,,,true,2026-09-02T12:15:25+00:00
https://www.data.gov.uk/dataset/1e97efd1-d018-4507-95cb-72aa325e289e/bgs-geochemical-samples-web-service,1e97efd1-d018-4507-95cb-72aa325e289e,bgs-geochemical-samples-web-service,2025-07-29,2026-06-04,3a948b7d-3c1f-9ff5-e063-3050940a784d,796983fe-4a9a-4937-809b-58925b900dc8,https://arcgis.bgs.ac.uk/arcgis/services/SDDS/Geochemical_Samples/MapServer/WMSServer?service=WMS&request=GetCapabilities&,2026-06-04,,2026-06-04,british-geological-survey,7ad23da8-c49d-4d81-bf85-5cfab52ba143,500,SERVER_ERROR,HTTP 500,,,,,true,2026-09-02T12:21:25+00:00
https://www.data.gov.uk/dataset/75c25d30-4f9f-41e3-b09a-dc4b62ee14c1/impacts-of-increasing-land-use-under-energy-crops-gis-data-2006-2009,75c25d30-4f9f-41e3-b09a-dc4b62ee14c1,impacts-of-increasing-land-use-under-energy-crops-gis-data-2006-2009,2011-09-28,2026-04-23,19ff63b5-67db-4b71-8318-a346cd4cfe98,f755e409-971b-49b8-bc9a-650cde1ef212,http://relu.data-archive.ac.uk/explore-data/search-browse/Project/?ID=RES-227-25-0020,2026-04-23,,2026-04-23,eidc,866f4088-ae4f-43b8-ba8c-6d3141a327f2,,TIMEOUT,page.goto: Timeout 30000ms exceeded.,,,,,true,2026-09-02T12:23:17+00:00
https://www.data.gov.uk/dataset/33dc5796-ee98-4811-83fd-ea8dfd32e8b1/heat-flow-united-kingdom-web-service,33dc5796-ee98-4811-83fd-ea8dfd32e8b1,heat-flow-united-kingdom-web-service,2025-11-26,2026-06-04,4418a5d6-d0e6-83e9-e063-3050940a9781,3789f5c4-f324-4ebe-bac0-4b23627da3f8,https://arcgis.bgs.ac.uk/arcgis/services/SDDS/UK_Heat_Flow/MapServer/WMSServer?service=WMS&request=GetCapabilities&,2026-06-04,,2026-06-04,british-geological-survey,7ad23da8-c49d-4d81-bf85-5cfab52ba143,500,SERVER_ERROR,HTTP 500,,,,,true,2026-09-02T12:24:07+00:00
https://www.data.gov.uk/dataset/75c25d30-4f9f-41e3-b09a-dc4b62ee14c1/impacts-of-increasing-land-use-under-energy-crops-gis-data-2006-2009,75c25d30-4f9f-41e3-b09a-dc4b62ee14c1,impacts-of-increasing-land-use-under-energy-crops-gis-data-2006-2009,2011-09-28,2026-04-23,19ff63b5-67db-4b71-8318-a346cd4cfe98,3348c213-b4ca-4cb6-9496-0d70fd602c0c,http://www.esds.ac.uk/findingData/snDescription.asp?sn=6615,2026-04-23,,2026-04-23,eidc,866f4088-ae4f-43b8-ba8c-6d3141a327f2,,CONNECTION_ERROR,page.goto: net::ERR_NETWORK_IO_SUSPENDED at http://www.esds.ac.uk/findingData/snDescription.asp?sn=6615,,,,,true,2026-09-02T12:25:27+00:00
https://www.data.gov.uk/dataset/92f5932b-7885-4dbd-b448-d0b052279513/palaeoecological-measurements-from-the-peak-district-and-north-west-sutherland-2007-2010-relu-f,92f5932b-7885-4dbd-b448-d0b052279513,palaeoecological-measurements-from-the-peak-district-and-north-west-sutherland-2007-2010-relu-f,2014-11-17,2026-04-23,fca22a48-0f2c-4557-bb38-0fbaf4237a02,a624650b-e2ab-417d-9f4a-72224fc203ec,http://relu.data-archive.ac.uk/explore-data/search-browse/project/?ID=RES-229-27-0003,2026-04-23,,2026-04-23,eidc,866f4088-ae4f-43b8-ba8c-6d3141a327f2,,TIMEOUT,page.goto: Timeout 30000ms exceeded.,,,,,true,2026-09-02T12:29:37+00:00
https://www.data.gov.uk/dataset/91894364-03e5-4d54-90b1-432c021f55c5/real-time-rail-stations-arrivals-and-departures1,91894364-03e5-4d54-90b1-432c021f55c5,real-time-rail-stations-arrivals-and-departures1,2016-02-19,2022-04-25,91894364-03e5-4d54-90b1-432c021f55c5,3b1a56a5-a568-4466-82ab-310ec3281ab3,https://apis.opendatani.gov.uk/CT/staff;scrollbar=true,2015-12-24,,2022-04-25,open-data-ni,8549022f-fa16-43e4-a56f-6a45ca875199,503,SERVER_ERROR,HTTP 503,,,,,true,2026-09-02T12:22:19+00:00
https://www.data.gov.uk/dataset/6f4456b1-0e93-41ec-8b47-2f7770efce18/bgs-superficial-deposits-thickness-model-sdtm-web-service,6f4456b1-0e93-41ec-8b47-2f7770efce18,bgs-superficial-deposits-thickness-model-sdtm-web-service,2025-09-16,2026-06-04,3e4b347a-a8e6-8ed9-e063-3050940ac3e1,ff9f5a9f-5f5d-41bb-8282-d5138fc6360f,https://arcgis.bgs.ac.uk/arcgis/services/SDDS/BGS_SDTM/MapServer/WMSServer?service=WMS&request=GetCapabilities&,2026-06-04,,2026-06-04,british-geological-survey,7ad23da8-c49d-4d81-bf85-5cfab52ba143,500,SERVER_ERROR,HTTP 500,,,,,true,2026-09-02T12:30:16+00:00
https://www.data.gov.uk/dataset/92f5932b-7885-4dbd-b448-d0b052279513/palaeoecological-measurements-from-the-peak-district-and-north-west-sutherland-2007-2010-relu-f,92f5932b-7885-4dbd-b448-d0b052279513,palaeoecological-measurements-from-the-peak-district-and-north-west-sutherland-2007-2010-relu-f,2014-11-17,2026-04-23,fca22a48-0f2c-4557-bb38-0fbaf4237a02,6c0857d6-2e2b-4460-ae63-7e151d734175,http://www.esds.ac.uk/findingData/snDescription.asp?sn=6159,2026-04-23,,2026-04-23,eidc,866f4088-ae4f-43b8-ba8c-6d3141a327f2,,CONNECTION_ERROR,page.goto: net::ERR_NETWORK_IO_SUSPENDED at http://www.esds.ac.uk/findingData/snDescription.asp?sn=6159,,,,,true,2026-09-02T12:31:47+00:00
https://www.data.gov.uk/dataset/c1e6282d-b84d-4720-b759-82913c3a287e/integrated-floodplain-management-ecology-hydrology-data-2006-2008,c1e6282d-b84d-4720-b759-82913c3a287e,integrated-floodplain-management-ecology-hydrology-data-2006-2008,2011-06-03,2026-04-02,84ab73ec-f52b-4aa3-a896-d303bb0b5aa5,c51323e3-61cd-4481-ae18-9037120fb47c,http://relu.data-archive.ac.uk/explore-data/search-browse/Project/?ID=RES-227-25-0017,2026-04-02,,2026-04-02,eidc,866f4088-ae4f-43b8-ba8c-6d3141a327f2,,CONNECTION_ERROR,page.goto: net::ERR_NETWORK_IO_SUSPENDED at http://relu.data-archive.ac.uk/explore-data/search-browse/Project/?ID=RES-227-25-0017,,,,,true,2026-09-02T12:31:47+00:00
https://www.data.gov.uk/dataset/7c18922e-daa2-4b78-b713-6ba743a76944/bgs-offshore-activities-and-samples-web-service,7c18922e-daa2-4b78-b713-6ba743a76944,bgs-offshore-activities-and-samples-web-service,2025-08-05,2026-06-04,3b36630a-ca0e-733f-e063-3050940ac82e,705da829-5ae8-4b5a-ae64-31d45447097d,https://arcgis.bgs.ac.uk/arcgis/services/SDDS/Offshore_Sample_Data/MapServer/WMSServer?service=WMS&request=GetCapabilities&,2026-06-04,,2026-06-04,british-geological-survey,7ad23da8-c49d-4d81-bf85-5cfab52ba143,500,SERVER_ERROR,HTTP 500,,,,,true,2026-09-02T12:36:24+00:00
https://www.data.gov.uk/dataset/ff189eac-7724-4cb7-b195-4376721fe44b/bird-abundance-and-distribution-on-peak-district-farms-and-moorlands-2007-2008-relu-sustainabil,ff189eac-7724-4cb7-b195-4376721fe44b,bird-abundance-and-distribution-on-peak-district-farms-and-moorlands-2007-2008-relu-sustainabil,2014-11-17,2026-04-02,de5447b7-70bb-4a11-822b-c1f53987681e,9bcf6302-6526-4452-9444-241546ab2962,http://relu.data-archive.ac.uk/explore-data/search-browse/project/?ID=RES-227-25-0028,2026-04-02,,2026-04-02,eidc,866f4088-ae4f-43b8-ba8c-6d3141a327f2,,TIMEOUT,page.goto: Timeout 30000ms exceeded.,,,,,true,2026-09-02T12:38:03+00:00
https://www.data.gov.uk/dataset/91894364-03e5-4d54-90b1-432c021f55c5/real-time-rail-stations-arrivals-and-departures1,91894364-03e5-4d54-90b1-432c021f55c5,real-time-rail-stations-arrivals-and-departures1,2016-02-19,2022-04-25,91894364-03e5-4d54-90b1-432c021f55c5,490fe701-0e7b-4030-a4b0-9ede8c0d85cf,https://apis.opendatani.gov.uk/translink/,2015-12-24,,2022-04-18,open-data-ni,8549022f-fa16-43e4-a56f-6a45ca875199,503,SERVER_ERROR,HTTP 503,,,,,true,2026-09-02T12:31:25+00:00
https://www.data.gov.uk/dataset/1382a906-d391-418e-ba06-d9d324bc7fcf/agglomeration-railway-laeq-16h,1382a906-d391-418e-ba06-d9d324bc7fcf,agglomeration-railway-laeq-16h,2025-09-09,2026-05-20,1382a906-d391-418e-ba06-d9d324bc7fcf,91d20912-073b-43df-b9da-3fc0bf9c004f,https://gis.daera-ni.gov.uk/server/rest/services/NoiseMapsRound4/Agglomeration_Railway/MapServer/2,2026-05-15,,2026-05-20,open-data-ni,8549022f-fa16-43e4-a56f-6a45ca875199,,CONNECTION_ERROR,page.goto: net::ERR_NETWORK_CHANGED at https://gis.daera-ni.gov.uk/server/rest/services/NoiseMapsRound4/Agglomeration_Railway/MapServer/2,,,,,true,2026-09-02T12:53:29+00:00
https://www.data.gov.uk/dataset/148ea74f-e043-411b-b929-8ac0b9e79fac/qics-paper-benthic-megafauna-and-co2-bubble-dynamics-observed-by-underwater-photography-during-,148ea74f-e043-411b-b929-8ac0b9e79fac,qics-paper-benthic-megafauna-and-co2-bubble-dynamics-observed-by-underwater-photography-during-,2020-02-26,2026-06-04,17c77398-fe20-5485-e054-002128a47908,d95a28a1-fed1-4ab3-b0ba-ac7afe4bbc72,https://www.sciencedirect.com/science/article/pii/S175058361400348X,2026-06-04,,2026-06-04,british-geological-survey,7ad23da8-c49d-4d81-bf85-5cfab52ba143,,CONNECTION_ERROR,page.goto: net::ERR_NETWORK_CHANGED at https://www.sciencedirect.com/science/article/pii/S175058361400348X,,,,,true,2026-09-02T12:53:29+00:00
https://www.data.gov.uk/dataset/846e8277-4da0-4288-939a-93eb5edd0b0e/bgs-offshore-survey-data-web-service,846e8277-4da0-4288-939a-93eb5edd0b0e,bgs-offshore-survey-data-web-service,2025-09-16,2026-06-04,3e4b347a-a8eb-8ed9-e063-3050940ac3e1,d79d9db1-686b-4e83-a48b-0e20a9d56a76,https://arcgis.bgs.ac.uk/arcgis/services/SDDS/BGS_Offshore_Surveys/MapServer/WMSServer?service=WMS&request=GetCapabilities&,2026-06-04,,2026-06-04,british-geological-survey,7ad23da8-c49d-4d81-bf85-5cfab52ba143,500,SERVER_ERROR,HTTP 500,,,,,true,2026-09-02T12:53:29+00:00
https://www.data.gov.uk/dataset/976a034f-4118-4873-bd87-4e0e6a972ed4/bgs-geological-maps-web-service1,976a034f-4118-4873-bd87-4e0e6a972ed4,bgs-geological-maps-web-service1,2025-07-22,2026-06-04,3a329bf2-68dc-b33b-e063-3050940adafc,ffc8c57a-4a97-4a2e-b208-ed7d87a6bbc1,https://arcgis.bgs.ac.uk/arcgis/services/SDDS/BGS_Geological_Maps/MapServer/WMSServer?service=WMS&request=GetCapabilities&,2026-06-04,,2026-06-04,british-geological-survey,7ad23da8-c49d-4d81-bf85-5cfab52ba143,500,SERVER_ERROR,HTTP 500,,,,,true,2026-09-02T13:13:45+00:00
https://www.data.gov.uk/dataset/ff189eac-7724-4cb7-b195-4376721fe44b/bird-abundance-and-distribution-on-peak-district-farms-and-moorlands-2007-2008-relu-sustainabil,ff189eac-7724-4cb7-b195-4376721fe44b,bird-abundance-and-distribution-on-peak-district-farms-and-moorlands-2007-2008-relu-sustainabil,2014-11-17,2026-04-02,de5447b7-70bb-4a11-822b-c1f53987681e,21bd72b9-4655-4746-aefd-60958ec3e033,http://www.esds.ac.uk/findingData/snDescription.asp?sn=6363,2026-04-02,,2026-04-02,eidc,866f4088-ae4f-43b8-ba8c-6d3141a327f2,,TIMEOUT,[UND_ERR_CONNECT_TIMEOUT] fetch failed,,,,,true,2026-09-02T13:14:06+00:00
https://www.data.gov.uk/dataset/91894364-03e5-4d54-90b1-432c021f55c5/real-time-rail-stations-arrivals-and-departures1,91894364-03e5-4d54-90b1-432c021f55c5,real-time-rail-stations-arrivals-and-departures1,2016-02-19,2022-04-25,91894364-03e5-4d54-90b1-432c021f55c5,88356c3d-562f-467c-a0c1-5b05e571c6e3,https://apis.opendatani.gov.uk/translink/index.html,2015-12-24,,2015-12-24,open-data-ni,8549022f-fa16-43e4-a56f-6a45ca875199,503,SERVER_ERROR,HTTP 503,,,,,true,2026-09-02T12:53:36+00:00
https://www.data.gov.uk/dataset/9db7ff0f-9a01-484e-ba82-69a6d07e17f5/thermal-properties-great-britain-web-service,9db7ff0f-9a01-484e-ba82-69a6d07e17f5,thermal-properties-great-britain-web-service,2025-12-03,2026-06-04,447cabed-3235-08fb-e063-3050940acf2d,f3fb620e-3698-48f2-b873-42e565bd49bc,https://arcgis.bgs.ac.uk/arcgis/services/SDDS/BGS_Thermal_Properties/MapServer/WMSServer?service=WMS&request=GetCapabilities&,2026-06-04,,2026-06-04,british-geological-survey,7ad23da8-c49d-4d81-bf85-5cfab52ba143,500,SERVER_ERROR,HTTP 500,,,,,true,2026-09-02T13:14:05+00:00
https://www.data.gov.uk/dataset/cd49ab9e-de39-467e-aed8-c26e5e4a74ad/deep-geothermal-potential-areas-in-the-uk-version-2,cd49ab9e-de39-467e-aed8-c26e5e4a74ad,deep-geothermal-potential-areas-in-the-uk-version-2,2024-07-27,2026-06-04,1d5b8cc7-c9b8-62b2-e063-0937940a50b8,156e6997-3a25-4bf3-b834-402d643802e7,https://arcgis.bgs.ac.uk/arcgis/services/SDDS/Deep_Geothermal_Areas/MapServer/WMSServer?request=GetCapabilities&service=WMS,2026-06-04,,2026-06-04,british-geological-survey,7ad23da8-c49d-4d81-bf85-5cfab52ba143,500,SERVER_ERROR,HTTP 500,,,,,true,2026-09-02T13:14:27+00:00
https://www.data.gov.uk/dataset/f3a7dd8a-3cbf-409b-9362-cebe6feb28e1/bgs-radon-web-service,f3a7dd8a-3cbf-409b-9362-cebe6feb28e1,bgs-radon-web-service,2025-09-09,2026-06-04,3e0bd3d4-20f4-5a3f-e063-3050940aa543,c50b9455-30ca-4527-9290-90c09b278445,https://arcgis.bgs.ac.uk/arcgis/services/SDDS/Radon_Indicative_Atlas/MapServer/WMSServer?service=WMS&request=GetCapabilities&,2026-06-04,,2026-06-04,british-geological-survey,7ad23da8-c49d-4d81-bf85-5cfab52ba143,500,SERVER_ERROR,HTTP 500,,,,,true,2026-09-02T13:14:47+00:00
https://www.data.gov.uk/dataset/57a26034-569b-4f4b-ae0a-89049c6aa65e/major-railway-lday1,57a26034-569b-4f4b-ae0a-89049c6aa65e,major-railway-lday1,2025-09-09,2026-05-20,57a26034-569b-4f4b-ae0a-89049c6aa65e,640d62a0-ca4c-4b36-9284-7c602370a8c3,https://gis.daera-ni.gov.uk/server/rest/services/NoiseMapsRound4/Major_Railway/MapServer/5,2026-05-15,,2026-05-20,open-data-ni,8549022f-fa16-43e4-a56f-6a45ca875199,,TIMEOUT,page.goto: Timeout 30000ms exceeded.,,,,,true,2026-09-02T13:17:13+00:00
https://www.data.gov.uk/dataset/17a1e447-6400-4bf6-9d5e-05bf8720f11b/water-level-time-series-for-four-uk-estuaries-conwy-dyfi-milford-haven-and-kent-2020-2023,17a1e447-6400-4bf6-9d5e-05bf8720f11b,water-level-time-series-for-four-uk-estuaries-conwy-dyfi-milford-haven-and-kent-2020-2023,2024-05-13,2026-05-14,84600f32-b4e8-4f29-851a-5ed0cd8ec9a4,e60cdb9a-f3fb-475e-928d-27d3c5d92082,https://catalogue.ceh.ac.uk/datastore/eidchub/84600f32-b4e8-4f29-851a-5ed0cd8ec9a4,2026-05-14,,2026-05-14,eidc,866f4088-ae4f-43b8-ba8c-6d3141a327f2,,TIMEOUT,timeout after 15000ms,,,,,true,2026-09-02T13:26:58+00:00
https://www.data.gov.uk/dataset/0f6145f3-8f6d-4a03-9055-fa3e54238c42/gweunydd-nant-y-twyn-sssi-national-vegetation-classification-nvc-grassland-survey-2024,0f6145f3-8f6d-4a03-9055-fa3e54238c42,gweunydd-nant-y-twyn-sssi-national-vegetation-classification-nvc-grassland-survey-2024,2025-10-17,2025-10-24,NRW_DS161349,0e181cf9-0c66-4e7d-a7dd-93c9ce7d7e21,https://datamap.gov.wales/capabilities/layergroup/3600/?ows_service=wms,2025-10-24,,2025-10-24,natural-resources-wales,1d3ba2bb-4fd5-4fe9-9436-3b5454dc19e3,,TIMEOUT,timeout after 15000ms,,,,,true,2026-09-02T13:27:13+00:00
https://www.data.gov.uk/dataset/bd013958-6170-4d18-b7b7-c7fef9debea2/qics-paper-numerical-study-of-the-fate-of-co2-purposefully-injected-into-the-sediment-and-seepi,bd013958-6170-4d18-b7b7-c7fef9debea2,qics-paper-numerical-study-of-the-fate-of-co2-purposefully-injected-into-the-sediment-and-seepi,2020-02-26,2026-06-04,17c77398-fe1b-5485-e054-002128a47908,9817df53-7345-465d-8a22-79bfd2f4a1c8,https://www.sciencedirect.com/science/article/pii/S1750583614003648,2026-06-04,,2026-06-04,british-geological-survey,7ad23da8-c49d-4d81-bf85-5cfab52ba143,,CONNECTION_ERROR,page.goto: net::ERR_NETWORK_IO_SUSPENDED at https://www.sciencedirect.com/science/article/pii/S1750583614003648,,,,,true,2026-09-02T13:23:06+00:00
https://www.data.gov.uk/dataset/4a95edb2-253a-4ed8-85dd-59d1341bc178/planning-applications-19793,4a95edb2-253a-4ed8-85dd-59d1341bc178,planning-applications-19793,2025-10-21,2026-06-15,https://www.arcgis.com/home/item.html?id=58392302c9ac49fd9dcdf388b649f33d&sublayer=1,3ae8cfe0-64b9-46d4-978c-07e57db7f892,https://maps.wigan.gov.uk/arcgis/rest/services/Planning_BuildingControl/Planning_Applications_1974_to_1980/MapServer/1,2025-10-21,,2025-10-21,wigan-metropolitan-borough-council,5327851e-43b8-408c-bf83-a00d39f58dea,,TIMEOUT,[UND_ERR_CONNECT_TIMEOUT] fetch failed,,,,,true,2026-09-02T13:27:11+00:00
https://www.data.gov.uk/dataset/c1154978-cf34-46b2-860c-b40416405e8c/nymnpa-brownfield-land-register,c1154978-cf34-46b2-860c-b40416405e8c,nymnpa-brownfield-land-register,2017-12-04,2025-12-23,32d9a785-ca36-49bd-b494-e680c3d15000,0d86a44a-44c8-4f19-babf-444ad41c81be,https://inspire.northyorkmoors.org.uk/geoserver/nymnpa_inspire/ows?service=WFS&request=GetCapabilities,2020-12-14,,2022-01-17,north-york-moors-national-park-authority,5608ab19-4e8e-4d16-b90a-f7382fd9f8d7,,CONNECTION_ERROR,page.goto: net::ERR_ADDRESS_UNREACHABLE at https://inspire.northyorkmoors.org.uk/geoserver/nymnpa_inspire/ows?service=WFS&request=GetCapabilities,,,,,true,2026-09-02T12:13:19+00:00
https://www.data.gov.uk/dataset/26f7872e-320b-453b-bc57-402dee50d6fc/daily-and-sub-daily-hydrometeorological-and-soil-moisture-data-2013-2024-cosmos-uk,26f7872e-320b-453b-bc57-402dee50d6fc,daily-and-sub-daily-hydrometeorological-and-soil-moisture-data-2013-2024-cosmos-uk,2025-07-08,2026-05-14,2dce161d-2fab-47bb-9fe6-38e7ed1ae18a,4e5ad619-8cf7-4d6d-8389-cd91b7428990,https://catalogue.ceh.ac.uk/datastore/eidchub/2dce161d-2fab-47bb-9fe6-38e7ed1ae18a,2026-05-14,,2026-05-14,eidc,866f4088-ae4f-43b8-ba8c-6d3141a327f2,404,NOT_FOUND,HTTP 404,,,,,true,2026-09-02T13:31:01+00:00
https://www.data.gov.uk/dataset/c1154978-cf34-46b2-860c-b40416405e8c/nymnpa-brownfield-land-register,c1154978-cf34-46b2-860c-b40416405e8c,nymnpa-brownfield-land-register,2017-12-04,2025-12-23,32d9a785-ca36-49bd-b494-e680c3d15000,617a2643-a00f-4952-aea0-f402bdd863d5,https://inspire.northyorkmoors.org.uk/geoserver/nymnpa_inspire/ows?service=wms&version=1.3.0&request=GetCapabilities,2020-12-14,,2022-01-17,north-york-moors-national-park-authority,5608ab19-4e8e-4d16-b90a-f7382fd9f8d7,,CONNECTION_ERROR,page.goto: net::ERR_ADDRESS_UNREACHABLE at https://inspire.northyorkmoors.org.uk/geoserver/nymnpa_inspire/ows?service=wms&version=1.3.0&request=GetCapabilities,,,,,true,2026-09-02T12:17:48+00:00
https://www.data.gov.uk/dataset/75054751-2707-454e-83db-acaaff4209f6/bassetlaw-district-council-brownfield-land-register,75054751-2707-454e-83db-acaaff4209f6,bassetlaw-district-council-brownfield-land-register,2018-01-31,2022-09-13,,04bace59-7e21-47bd-9c27-ee0a456f61db,https://data.bassetlaw.gov.uk/media/1153/brownfield-land-register.kmz,2018-01-31,,2018-01-31,bassetlaw-district-council,53ffbd97-6be6-442a-8805-484bfb54f042,404,NOT_FOUND,HTTP 404,,,,,true,2026-09-02T13:32:08+00:00
https://www.data.gov.uk/dataset/f067965d-769f-4e61-bb10-7936c6073ceb/consolidated-lden1,f067965d-769f-4e61-bb10-7936c6073ceb,consolidated-lden1,2025-09-09,2026-05-20,f067965d-769f-4e61-bb10-7936c6073ceb,b33f0595-d12a-4272-b46f-446935ddfe87,https://gis.daera-ni.gov.uk/server/rest/services/NoiseMapsRound4/Agglomeration_Consolidated/MapServer/0,2026-05-15,,2026-05-20,open-data-ni,8549022f-fa16-43e4-a56f-6a45ca875199,,CONNECTION_ERROR,page.goto: net::ERR_NETWORK_IO_SUSPENDED at https://gis.daera-ni.gov.uk/server/rest/services/NoiseMapsRound4/Agglomeration_Consolidated/MapServer/0,,,,,true,2026-09-02T13:31:21+00:00
https://www.data.gov.uk/dataset/49afa98a-67cc-4d96-ac91-bfcb85af65ba/wildlife-camera-trap-photographs-from-the-chornobyl-exclusion-zone-ukraine-november-2020-march-,49afa98a-67cc-4d96-ac91-bfcb85af65ba,wildlife-camera-trap-photographs-from-the-chornobyl-exclusion-zone-ukraine-november-2020-march-,2023-02-16,2026-05-14,a657ffc3-8f62-458f-bcb7-30e116807174,6dd5455f-883e-46b7-9c09-0d745a3838bc,https://catalogue.ceh.ac.uk/datastore/eidchub/a657ffc3-8f62-458f-bcb7-30e116807174,2026-05-14,,2026-05-14,eidc,866f4088-ae4f-43b8-ba8c-6d3141a327f2,,CONNECTION_ERROR,page.goto: net::ERR_NETWORK_CHANGED at https://catalogue.ceh.ac.uk/datastore/eidchub/a657ffc3-8f62-458f-bcb7-30e116807174,,,,,true,2026-09-02T13:39:19+00:00
https://www.data.gov.uk/dataset/4db380cc-d861-4655-80b6-bb0281af51e3/grid-to-grid-model-estimates-of-river-flow-for-northern-ireland-driven-by-observed-data-19-2011,4db380cc-d861-4655-80b6-bb0281af51e3,grid-to-grid-model-estimates-of-river-flow-for-northern-ireland-driven-by-observed-data-19-2011,2021-09-01,2026-05-14,f5fc1041-e284-4763-b8b7-8643c319b2d0,49962011-32aa-43b7-baf0-c5547dcd07c9,https://catalogue.ceh.ac.uk/datastore/eidchub/f5fc1041-e284-4763-b8b7-8643c319b2d0,2026-05-14,,2026-05-14,eidc,866f4088-ae4f-43b8-ba8c-6d3141a327f2,,TIMEOUT,[UND_ERR_CONNECT_TIMEOUT] fetch failed,,,,,true,2026-09-02T13:39:29+00:00
https://www.data.gov.uk/dataset/4e3efd4e-2363-4c46-9f17-40b1ec24b5a5/orthomosaic-imagery-for-the-south-saskatchewan-river-canada,4e3efd4e-2363-4c46-9f17-40b1ec24b5a5,orthomosaic-imagery-for-the-south-saskatchewan-river-canada,2019-10-29,2026-05-14,7473d4f9-c9a7-40ad-9f58-e58e25997fc5,fb3e0630-185c-4d2f-879e-19192e804e07,https://catalogue.ceh.ac.uk/datastore/eidchub/7473d4f9-c9a7-40ad-9f58-e58e25997fc5,2026-05-14,,2026-05-14,eidc,866f4088-ae4f-43b8-ba8c-6d3141a327f2,,TIMEOUT,[UND_ERR_CONNECT_TIMEOUT] fetch failed,,,,,true,2026-09-02T13:39:29+00:00
https://www.data.gov.uk/dataset/1dcb5991-87b6-45fa-9b03-bd082e3e885d/tree-preservation-orders99,1dcb5991-87b6-45fa-9b03-bd082e3e885d,tree-preservation-orders99,2017-08-07,2017-08-07,49396dac-de63-46ac-b54a-7895830cc9f5,6e188b80-0bf3-4725-9119-58fadf90a3e2,http://inspire.misoportal.com/geoserver/stevenage_borough_council_tpos_point/wms?request=getCapabilities,2017-08-07,,2017-08-07,stevenage-borough-council,fa8d581c-c6ee-49ed-9bf8-243e85dc0ce6,,TIMEOUT,[UND_ERR_CONNECT_TIMEOUT] fetch failed,,,,,true,2026-09-02T13:36:01+00:00
https://www.data.gov.uk/dataset/1dd418af-62b2-47bb-90ff-f4f8d583aaad/conservation-areas108,1dd418af-62b2-47bb-90ff-f4f8d583aaad,conservation-areas108,2018-12-19,2025-06-19,b990d6d1-533d-4ce1-b070-d3ed41f3636e,800b2eac-f42f-42e9-b144-67d6abd1278f,http://inspire.misoportal.com/geoserver/north_east_derbyshire_ned_conservation_areas/wms?request=getCapabilities,2018-12-19,,2018-12-19,north-east-derbyshire-district-council,20f9ea25-385a-44b4-8bcb-3a58edcf036f,,TIMEOUT,[UND_ERR_CONNECT_TIMEOUT] fetch failed,,,,,true,2026-09-02T13:36:07+00:00
https://www.data.gov.uk/dataset/5041c388-30a8-457a-8620-eb9af8457594/nitrogen-emissions-related-data-including-atmospheric-deposition-fertiliser-applicati-1980-2035,5041c388-30a8-457a-8620-eb9af8457594,nitrogen-emissions-related-data-including-atmospheric-deposition-fertiliser-applicati-1980-2035,2026-04-16,2026-05-14,7a8bbed4-de60-4c53-bf0f-7d2074cb174e,e7cd23ba-aa9b-42a9-b895-55737276dcd6,https://catalogue.ceh.ac.uk/datastore/eidchub/7a8bbed4-de60-4c53-bf0f-7d2074cb174e,2026-05-14,,2026-05-14,eidc,866f4088-ae4f-43b8-ba8c-6d3141a327f2,,TIMEOUT,[UND_ERR_CONNECT_TIMEOUT] fetch failed,,,,,true,2026-09-02T13:39:29+00:00
https://www.data.gov.uk/dataset/50bc725b-cc5a-44c8-a227-81154c2f35f8/serial-water-body-maps-for-the-barotseland-region-western-zambia,50bc725b-cc5a-44c8-a227-81154c2f35f8,serial-water-body-maps-for-the-barotseland-region-western-zambia,2019-08-06,2026-05-14,4ef558d2-05d4-4ae2-988e-a5c2450b95dd,4362fa90-78e2-4622-bf30-0b23471df479,https://catalogue.ceh.ac.uk/datastore/eidchub/4ef558d2-05d4-4ae2-988e-a5c2450b95dd,2026-05-14,,2026-05-14,eidc,866f4088-ae4f-43b8-ba8c-6d3141a327f2,,TIMEOUT,[UND_ERR_CONNECT_TIMEOUT] fetch failed,,,,,true,2026-09-02T13:39:29+00:00
https://www.data.gov.uk/dataset/50c6d39b-364b-415a-a969-ecc8478d9288/riparian-vegetation-dynamics-in-the-beas-and-sutlej-catchments-india-1989-2020,50c6d39b-364b-415a-a969-ecc8478d9288,riparian-vegetation-dynamics-in-the-beas-and-sutlej-catchments-india-1989-2020,2022-10-26,2026-05-14,9a96e199-34d0-46f9-9a64-140d300a2531,12491d16-d8ba-4cb0-8b76-a447cdcdf9f7,https://catalogue.ceh.ac.uk/datastore/eidchub/9a96e199-34d0-46f9-9a64-140d300a2531,2026-05-14,,2026-05-14,eidc,866f4088-ae4f-43b8-ba8c-6d3141a327f2,,TIMEOUT,[UND_ERR_CONNECT_TIMEOUT] fetch failed,,,,,true,2026-09-02T13:39:29+00:00
https://www.data.gov.uk/dataset/061238b2-a47b-43ef-8781-7aa6be7caa1f/agglomeration-railway-lday,061238b2-a47b-43ef-8781-7aa6be7caa1f,agglomeration-railway-lday,2025-09-09,2026-05-20,061238b2-a47b-43ef-8781-7aa6be7caa1f,524333a7-ae27-4897-80cb-e21c444f072f,https://opendata-daerani.hub.arcgis.com/api/download/v1/items/d151d086a9c34e29a27936e672cbcef9/kml?layers=5,2026-05-15,,2026-05-20,open-data-ni,8549022f-fa16-43e4-a56f-6a45ca875199,500,SERVER_ERROR,HTTP 500,,,,,true,2026-09-02T13:36:11+00:00
https://www.data.gov.uk/dataset/061238b2-a47b-43ef-8781-7aa6be7caa1f/agglomeration-railway-lday,061238b2-a47b-43ef-8781-7aa6be7caa1f,agglomeration-railway-lday,2025-09-09,2026-05-20,061238b2-a47b-43ef-8781-7aa6be7caa1f,7f16cc4f-5545-4a95-b85b-327751ca09ef,https://opendata-daerani.hub.arcgis.com/api/download/v1/items/d151d086a9c34e29a27936e672cbcef9/csv?layers=5,2026-05-15,,2026-05-20,open-data-ni,8549022f-fa16-43e4-a56f-6a45ca875199,500,SERVER_ERROR,HTTP 500,,,,,true,2026-09-02T13:36:12+00:00
https://www.data.gov.uk/dataset/061238b2-a47b-43ef-8781-7aa6be7caa1f/agglomeration-railway-lday,061238b2-a47b-43ef-8781-7aa6be7caa1f,agglomeration-railway-lday,2025-09-09,2026-05-20,061238b2-a47b-43ef-8781-7aa6be7caa1f,e079d02b-8508-465a-abb8-c419abc29ad7,https://opendata-daerani.hub.arcgis.com/api/download/v1/items/d151d086a9c34e29a27936e672cbcef9/geojson?layers=5,2026-05-15,,2026-05-20,open-data-ni,8549022f-fa16-43e4-a56f-6a45ca875199,500,SERVER_ERROR,HTTP 500,,,,,true,2026-09-02T13:36:15+00:00
https://www.data.gov.uk/dataset/52eb1dde-0755-49ff-bb68-150165a654c0/earthworm-and-botanical-data-from-the-sweethope-mesocosm-experimental-site-sourhope-scotland-20,52eb1dde-0755-49ff-bb68-150165a654c0,earthworm-and-botanical-data-from-the-sweethope-mesocosm-experimental-site-sourhope-scotland-20,2018-03-20,2026-05-14,ca8f85c5-0595-4fda-80e5-4f41839effed,78c5e605-e804-410f-89ec-d3ec3540cfd8,https://catalogue.ceh.ac.uk/datastore/eidchub/ca8f85c5-0595-4fda-80e5-4f41839effed,2026-05-14,,2026-05-14,eidc,866f4088-ae4f-43b8-ba8c-6d3141a327f2,,TIMEOUT,[UND_ERR_CONNECT_TIMEOUT] fetch failed,,,,,true,2026-09-02T13:39:29+00:00
https://www.data.gov.uk/dataset/061238b2-a47b-43ef-8781-7aa6be7caa1f/agglomeration-railway-lday,061238b2-a47b-43ef-8781-7aa6be7caa1f,agglomeration-railway-lday,2025-09-09,2026-05-20,061238b2-a47b-43ef-8781-7aa6be7caa1f,f55b050c-d878-498f-b32e-8c9ca3faa236,https://opendata-daerani.hub.arcgis.com/api/download/v1/items/d151d086a9c34e29a27936e672cbcef9/shapefile?layers=5,2026-05-15,,2026-05-20,open-data-ni,8549022f-fa16-43e4-a56f-6a45ca875199,500,SERVER_ERROR,HTTP 500,,,,,true,2026-09-02T13:36:22+00:00
https://www.data.gov.uk/dataset/53343ab2-eac7-4bd1-b135-7c6da05e0cbe/predicted-erosion-hazards-to-electricity-transmission-towers-in-the-mersey-river-vall-2018-2050,53343ab2-eac7-4bd1-b135-7c6da05e0cbe,predicted-erosion-hazards-to-electricity-transmission-towers-in-the-mersey-river-vall-2018-2050,2022-10-26,2026-05-14,78bc21a9-39e0-4efc-992c-5587439fe6be,f9bcbfc8-6a46-438f-8ea1-947d9b932e27,https://catalogue.ceh.ac.uk/datastore/eidchub/78bc21a9-39e0-4efc-992c-5587439fe6be,2026-05-14,,2026-05-14,eidc,866f4088-ae4f-43b8-ba8c-6d3141a327f2,,TIMEOUT,[UND_ERR_CONNECT_TIMEOUT] fetch failed,,,,,true,2026-09-02T13:39:29+00:00
https://www.data.gov.uk/dataset/542cdd92-fae3-4e96-8da5-17befc963423/a-time-series-of-strains-in-response-to-wind-measured-on-19-trees-in-danum-valley-malaysia,542cdd92-fae3-4e96-8da5-17befc963423,a-time-series-of-strains-in-response-to-wind-measured-on-19-trees-in-danum-valley-malaysia,2018-12-25,2026-05-14,657f420e-f956-4c33-b7d6-98c7a18aa07a,e80f238c-bc17-4d04-ac70-752477d35fc0,https://catalogue.ceh.ac.uk/datastore/eidchub/657f420e-f956-4c33-b7d6-98c7a18aa07a,2026-05-14,,2026-05-14,eidc,866f4088-ae4f-43b8-ba8c-6d3141a327f2,,TIMEOUT,[UND_ERR_CONNECT_TIMEOUT] fetch failed,,,,,true,2026-09-02T13:39:29+00:00
https://www.data.gov.uk/dataset/285c1e10-e01b-47ba-bb8a-26a38c25742c/nuclei-and-nucleoli-in-embryo-like-fossils-from-the-ediacaran-wengan-biota-nerc-grant-ne-j01832,285c1e10-e01b-47ba-bb8a-26a38c25742c,nuclei-and-nucleoli-in-embryo-like-fossils-from-the-ediacaran-wengan-biota-nerc-grant-ne-j01832,2020-02-26,2026-06-04,64236057-2955-4cd3-e054-002128a47908,6a84c6ba-2df4-4a79-b2f9-cb061784184d,https://doi.org/10.5523/bris.2v3sw3xjkaum724prs1ziow4u0,2026-06-04,,2026-06-04,british-geological-survey,7ad23da8-c49d-4d81-bf85-5cfab52ba143,,TIMEOUT,timeout after 15000ms,,,,,true,2026-09-02T13:37:59+00:00
https://www.data.gov.uk/dataset/6cd392df-8d35-4b1c-8e30-147c9fa47ca1/sulphur-and-nitrogen-atmospheric-concentration-based-estimated-deposition-cbed-data-f-2015-2017,6cd392df-8d35-4b1c-8e30-147c9fa47ca1,sulphur-and-nitrogen-atmospheric-concentration-based-estimated-deposition-cbed-data-f-2015-2017,2020-03-04,2026-05-14,a19f8824-b3f5-4eea-836e-c5e07548709c,7f3980ff-7982-4650-b010-67fd1eb61167,https://catalogue.ceh.ac.uk/datastore/eidchub/a19f8824-b3f5-4eea-836e-c5e07548709c,2026-05-14,,2026-05-14,eidc,866f4088-ae4f-43b8-ba8c-6d3141a327f2,,TIMEOUT,[UND_ERR_CONNECT_TIMEOUT] fetch failed,,,,,true,2026-09-02T13:39:31+00:00
https://www.data.gov.uk/dataset/6fa36b71-ee85-48d5-a8cb-a27ef6058370/river-channel-migration-and-characteristics-from-1988-to-2019-at-74-bridges-in-the-philippines,6fa36b71-ee85-48d5-a8cb-a27ef6058370,river-channel-migration-and-characteristics-from-1988-to-2019-at-74-bridges-in-the-philippines,2020-12-23,2026-05-14,2efd24f9-e745-4f54-8bbd-6439b0ad93e5,80fb0a15-acd0-485c-8507-346f67d28c5b,https://catalogue.ceh.ac.uk/datastore/eidchub/2efd24f9-e745-4f54-8bbd-6439b0ad93e5,2026-05-14,,2026-05-14,eidc,866f4088-ae4f-43b8-ba8c-6d3141a327f2,,TIMEOUT,[UND_ERR_CONNECT_TIMEOUT] fetch failed,,,,,true,2026-09-02T13:39:30+00:00
https://www.data.gov.uk/dataset/e4c1f01b-7d76-4c3f-a111-ce3e033b0ff4/boundary-line51,e4c1f01b-7d76-4c3f-a111-ce3e033b0ff4,boundary-line51,2025-07-28,2026-05-20,e4c1f01b-7d76-4c3f-a111-ce3e033b0ff4,60eb7631-2b30-48d4-8167-bc603ecc41ab,https://utility.arcgis.com/usrsvcs/servers/23a10f1e629f4dab9d86fe8aeeacf15d/rest/services/GSNI/Bedrock_Geology/MapServer/1,2026-05-15,,2026-05-20,open-data-ni,8549022f-fa16-43e4-a56f-6a45ca875199,,CONNECTION_ERROR,page.goto: net::ERR_NETWORK_CHANGED at https://utility.arcgis.com/usrsvcs/servers/23a10f1e629f4dab9d86fe8aeeacf15d/rest/services/GSNI/Bedrock_Geology/MapServer/1,,,,,true,2026-09-02T13:17:26+00:00
https://www.data.gov.uk/dataset/750a5f36-8e94-42cf-b64b-edaf94019a76/biologging-data-of-captive-red-deer-prague-czechia-june-november-2023,750a5f36-8e94-42cf-b64b-edaf94019a76,biologging-data-of-captive-red-deer-prague-czechia-june-november-2023,2025-08-12,2026-05-14,e7fdf789-e663-4422-92c2-ea8019b3cc26,abe903d7-5d2c-4caa-bd77-8d5a46ee9d0a,https://catalogue.ceh.ac.uk/datastore/eidchub/e7fdf789-e663-4422-92c2-ea8019b3cc26,2026-05-14,,2026-05-14,eidc,866f4088-ae4f-43b8-ba8c-6d3141a327f2,,CONNECTION_ERROR,page.goto: net::ERR_NETWORK_CHANGED at https://catalogue.ceh.ac.uk/datastore/eidchub/e7fdf789-e663-4422-92c2-ea8019b3cc26,,,,,true,2026-09-02T13:48:05+00:00
https://www.data.gov.uk/dataset/759b241b-0ba7-4cb3-9ffa-b28f998c23c5/sulphur-and-nitrogen-atmospheric-concentration-based-estimated-deposition-cbed-data-f-2014-2016,759b241b-0ba7-4cb3-9ffa-b28f998c23c5,sulphur-and-nitrogen-atmospheric-concentration-based-estimated-deposition-cbed-data-f-2014-2016,2020-04-08,2026-05-14,05047b98-26a0-4162-adaf-18f68f802d9f,073c0100-d409-44ef-aae0-795365111267,https://catalogue.ceh.ac.uk/datastore/eidchub/05047b98-26a0-4162-adaf-18f68f802d9f,2026-05-14,,2026-05-14,eidc,866f4088-ae4f-43b8-ba8c-6d3141a327f2,,CONNECTION_ERROR,page.goto: net::ERR_NETWORK_CHANGED at https://catalogue.ceh.ac.uk/datastore/eidchub/05047b98-26a0-4162-adaf-18f68f802d9f,,,,,true,2026-09-02T13:48:05+00:00
https://www.data.gov.uk/dataset/8723b6e9-e2dc-47da-8720-ba01eb8b7f7e/uk-environmental-change-network-ecn-butterfly-data-1993-2015,8723b6e9-e2dc-47da-8720-ba01eb8b7f7e,uk-environmental-change-network-ecn-butterfly-data-1993-2015,2017-11-14,2026-05-14,5aeda581-b4f2-4e51-b1a6-890b6b3403a3,2d6bca49-f19f-4c13-ad4c-6059395cc32f,https://catalogue.ceh.ac.uk/datastore/eidchub/5aeda581-b4f2-4e51-b1a6-890b6b3403a3,2026-05-14,,2026-05-14,eidc,866f4088-ae4f-43b8-ba8c-6d3141a327f2,,CONNECTION_ERROR,page.goto: net::ERR_NETWORK_CHANGED at https://catalogue.ceh.ac.uk/datastore/eidchub/5aeda581-b4f2-4e51-b1a6-890b6b3403a3,,,,,true,2026-09-02T13:52:32+00:00
https://www.data.gov.uk/dataset/2a9872d3-f047-4ca8-9f9a-3e4ab7c92c61/air_passenger_duty_bulletin,2a9872d3-f047-4ca8-9f9a-3e4ab7c92c61,air_passenger_duty_bulletin,2011-12-11,2014-07-23,,06f601d4-3f1b-4e4d-938f-4dc10f6854f6,https://www.uktradeinfo.com/Statistics/Tax%20and%20Duty%20Bulletins/APD0412.xls,2012-08-22,,2012-08-22,hm-revenue-and-customs,83cbb68a-814b-4fb5-a7dd-c9ec6c5fe455,,CONNECTION_ERROR,page.goto: net::ERR_TOO_MANY_REDIRECTS at https://www.uktradeinfo.com/Statistics/Tax%20and%20Duty%20Bulletins/APD0412.xls,,,,,true,2026-09-02T13:42:21+00:00
https://www.data.gov.uk/dataset/a35352b6-9561-404d-b4f1-83acef8efadf/temporal-variation-in-temperature-and-light-availability-in-the-hampshire-avon-united-kingdom-m,a35352b6-9561-404d-b4f1-83acef8efadf,temporal-variation-in-temperature-and-light-availability-in-the-hampshire-avon-united-kingdom-m,2017-01-13,2026-05-14,9b6a6233-85ad-44f4-ba83-4905b8c48713,657e2320-4d18-450d-9364-ed51194270b9,https://catalogue.ceh.ac.uk/datastore/eidchub/9b6a6233-85ad-44f4-ba83-4905b8c48713/9b6a6233-85ad-44f4-ba83-4905b8c48713.zip,2026-05-14,,2026-05-14,eidc,866f4088-ae4f-43b8-ba8c-6d3141a327f2,404,NOT_FOUND,HTTP 404,,,,,true,2026-09-02T13:43:52+00:00
https://www.data.gov.uk/dataset/b63e0e38-eb13-47e6-aeb7-8a3a46d9e031/simulated-monthly-biological-indicators-for-england-and-wales-1964-2012,b63e0e38-eb13-47e6-aeb7-8a3a46d9e031,simulated-monthly-biological-indicators-for-england-and-wales-1964-2012,2018-06-29,2026-05-14,2ad542be-e883-4c6e-b198-7d49da62208c,1677b500-06f7-45d1-aada-28f0f2470773,https://catalogue.ceh.ac.uk/datastore/eidchub/2ad542be-e883-4c6e-b198-7d49da62208c,2026-05-14,,2026-05-14,eidc,866f4088-ae4f-43b8-ba8c-6d3141a327f2,,CONNECTION_ERROR,page.goto: net::ERR_NETWORK_CHANGED at https://catalogue.ceh.ac.uk/datastore/eidchub/2ad542be-e883-4c6e-b198-7d49da62208c,,,,,true,2026-09-02T14:00:16+00:00
https://www.data.gov.uk/dataset/b7f0a4de-6c3a-4be8-9b13-21145830a910/leaf-phenology-synchrony-for-meso-and-south-america-v2,b7f0a4de-6c3a-4be8-9b13-21145830a910,leaf-phenology-synchrony-for-meso-and-south-america-v2,2019-01-09,2026-05-14,dae416b4-3762-45bd-ae14-c554883d482c,4e976cd0-4a9c-4618-984b-60426781261a,https://catalogue.ceh.ac.uk/datastore/eidchub/dae416b4-3762-45bd-ae14-c554883d482c,2026-05-14,,2026-05-14,eidc,866f4088-ae4f-43b8-ba8c-6d3141a327f2,,CONNECTION_ERROR,page.goto: net::ERR_NETWORK_CHANGED at https://catalogue.ceh.ac.uk/datastore/eidchub/dae416b4-3762-45bd-ae14-c554883d482c,,,,,true,2026-09-02T14:00:16+00:00
https://www.data.gov.uk/dataset/0c26b878-2a1b-4316-a7bf-3238f763a752/agglomeration-railway-laeq-18h,0c26b878-2a1b-4316-a7bf-3238f763a752,agglomeration-railway-laeq-18h,2025-09-09,2026-05-20,0c26b878-2a1b-4316-a7bf-3238f763a752,2b9cbf28-7539-47b9-adc0-3636485d2581,https://opendata-daerani.hub.arcgis.com/api/download/v1/items/d151d086a9c34e29a27936e672cbcef9/geojson?layers=3,2026-05-15,,2026-05-20,open-data-ni,8549022f-fa16-43e4-a56f-6a45ca875199,500,SERVER_ERROR,HTTP 500,,,,,true,2026-09-02T13:45:39+00:00
https://www.data.gov.uk/dataset/0c26b878-2a1b-4316-a7bf-3238f763a752/agglomeration-railway-laeq-18h,0c26b878-2a1b-4316-a7bf-3238f763a752,agglomeration-railway-laeq-18h,2025-09-09,2026-05-20,0c26b878-2a1b-4316-a7bf-3238f763a752,4ff1c0dc-6250-425a-a1b8-d67c7488f2f4,https://opendata-daerani.hub.arcgis.com/api/download/v1/items/d151d086a9c34e29a27936e672cbcef9/csv?layers=3,2026-05-15,,2026-05-20,open-data-ni,8549022f-fa16-43e4-a56f-6a45ca875199,500,SERVER_ERROR,HTTP 500,,,,,true,2026-09-02T13:45:42+00:00
https://www.data.gov.uk/dataset/0c26b878-2a1b-4316-a7bf-3238f763a752/agglomeration-railway-laeq-18h,0c26b878-2a1b-4316-a7bf-3238f763a752,agglomeration-railway-laeq-18h,2025-09-09,2026-05-20,0c26b878-2a1b-4316-a7bf-3238f763a752,b21cbcc1-7682-443a-acf4-ad078884f34d,https://opendata-daerani.hub.arcgis.com/api/download/v1/items/d151d086a9c34e29a27936e672cbcef9/shapefile?layers=3,2026-05-15,,2026-05-20,open-data-ni,8549022f-fa16-43e4-a56f-6a45ca875199,500,SERVER_ERROR,HTTP 500,,,,,true,2026-09-02T13:45:46+00:00
https://www.data.gov.uk/dataset/bc7e098c-33a8-4af7-9ef1-b53dc9498c2d/images-of-nocturnal-insects-collected-in-a-trial-of-three-automated-camera-systems-on-barr-2023,bc7e098c-33a8-4af7-9ef1-b53dc9498c2d,images-of-nocturnal-insects-collected-in-a-trial-of-three-automated-camera-systems-on-barr-2023,2024-05-13,2026-05-14,b088d4bd-4abb-46d4-bc90-f4e58c65f324,4e470c81-a972-41f2-b790-f66f6fbc4161,https://catalogue.ceh.ac.uk/datastore/eidchub/b088d4bd-4abb-46d4-bc90-f4e58c65f324,2026-05-14,,2026-05-14,eidc,866f4088-ae4f-43b8-ba8c-6d3141a327f2,,CONNECTION_ERROR,page.goto: net::ERR_NETWORK_CHANGED at https://catalogue.ceh.ac.uk/datastore/eidchub/b088d4bd-4abb-46d4-bc90-f4e58c65f324,,,,,true,2026-09-02T14:00:16+00:00
https://www.data.gov.uk/dataset/0c26b878-2a1b-4316-a7bf-3238f763a752/agglomeration-railway-laeq-18h,0c26b878-2a1b-4316-a7bf-3238f763a752,agglomeration-railway-laeq-18h,2025-09-09,2026-05-20,0c26b878-2a1b-4316-a7bf-3238f763a752,fe0e4825-d4f1-4b34-9db8-38e680457308,https://opendata-daerani.hub.arcgis.com/api/download/v1/items/d151d086a9c34e29a27936e672cbcef9/kml?layers=3,2026-05-15,,2026-05-20,open-data-ni,8549022f-fa16-43e4-a56f-6a45ca875199,500,SERVER_ERROR,HTTP 500,,,,,true,2026-09-02T13:45:51+00:00
https://www.data.gov.uk/dataset/cdbf645b-a188-462d-a824-8aa0bf2358e2/flow-velocity-discharge-and-suspended-sediment-compositions-of-the-irrawaddy-and-salw-2017-20191,cdbf645b-a188-462d-a824-8aa0bf2358e2,flow-velocity-discharge-and-suspended-sediment-compositions-of-the-irrawaddy-and-salw-2017-20191,2020-08-05,2026-05-14,86f17d61-141f-4500-9aa5-26a82aef0b33,2ee61d36-3ed9-42f5-b45f-eeaa43159fa5,https://catalogue.ceh.ac.uk/datastore/eidchub/86f17d61-141f-4500-9aa5-26a82aef0b33,2026-05-14,,2026-05-14,eidc,866f4088-ae4f-43b8-ba8c-6d3141a327f2,,TIMEOUT,[UND_ERR_CONNECT_TIMEOUT] fetch failed,,,,,true,2026-09-02T13:39:29+00:00
https://www.data.gov.uk/dataset/caba545c-b136-4595-8469-9e6fdd29f896/contaminatedland-incecentral-open17,caba545c-b136-4595-8469-9e6fdd29f896,contaminatedland-incecentral-open17,2025-10-21,2026-06-15,https://www.arcgis.com/home/item.html?id=2aec738fcf324ad2abda508bb11796be&sublayer=0,935bb21f-c593-401f-b1e0-4419eb66ed0b,https://opendata.wigan.gov.uk/api/download/v1/items/2aec738fcf324ad2abda508bb11796be/kml?layers=0,2025-10-21,,2025-10-21,wigan-metropolitan-borough-council,5327851e-43b8-408c-bf83-a00d39f58dea,500,SERVER_ERROR,HTTP 500,,,,,true,2026-09-02T13:54:11+00:00
https://www.data.gov.uk/dataset/caba545c-b136-4595-8469-9e6fdd29f896/contaminatedland-incecentral-open17,caba545c-b136-4595-8469-9e6fdd29f896,contaminatedland-incecentral-open17,2025-10-21,2026-06-15,https://www.arcgis.com/home/item.html?id=2aec738fcf324ad2abda508bb11796be&sublayer=0,9ff70d24-cc72-405d-91e0-8005ef111291,https://opendata.wigan.gov.uk/api/download/v1/items/2aec738fcf324ad2abda508bb11796be/geojson?layers=0,2025-10-21,,2025-10-21,wigan-metropolitan-borough-council,5327851e-43b8-408c-bf83-a00d39f58dea,500,SERVER_ERROR,HTTP 500,,,,,true,2026-09-02T13:54:14+00:00
https://www.data.gov.uk/dataset/5b1f3722-9643-421c-ab40-e23538605b80/brownfield-land-register-2022,5b1f3722-9643-421c-ab40-e23538605b80,brownfield-land-register-2022,2022-11-14,2025-06-19,,59ed35c2-0dd3-49aa-ae93-924f7147ac46,http://inspire.misoportal.com/geoserver/north_east_derbyshire_neddc_brownfield_register_2024_bng/wfs?service=wfs&amp;version=2.0.0&amp;request=GetCapabilities,2025-05-06,,2025-05-06,north-east-derbyshire-district-council,20f9ea25-385a-44b4-8bcb-3a58edcf036f,,TIMEOUT,[UND_ERR_CONNECT_TIMEOUT] fetch failed,,,,,true,2026-09-02T13:55:53+00:00
https://www.data.gov.uk/dataset/5b1f3722-9643-421c-ab40-e23538605b80/brownfield-land-register-2022,5b1f3722-9643-421c-ab40-e23538605b80,brownfield-land-register-2022,2022-11-14,2025-06-19,,a7947601-48e3-4dc6-b12a-38b7d0f3c7f8,http://inspire.misoportal.com/geoserver/north_east_derbyshire_neddc_brownfield_register_2024_bng/wms?request=getCapabilities,2025-05-06,,2025-05-06,north-east-derbyshire-district-council,20f9ea25-385a-44b4-8bcb-3a58edcf036f,,TIMEOUT,[UND_ERR_CONNECT_TIMEOUT] fetch failed,,,,,true,2026-09-02T13:55:57+00:00
https://www.data.gov.uk/dataset/ffc7727a-578a-449a-8d6c-7087436d2ea2/potential-evapotranspiration-derived-from-haduk-grid-1km-gridded-climate-observations-1969-2022,ffc7727a-578a-449a-8d6c-7087436d2ea2,potential-evapotranspiration-derived-from-haduk-grid-1km-gridded-climate-observations-1969-2022,2024-05-13,2026-05-14,beb62085-ba81-480c-9ed0-2d31c27ff196,681f7811-012b-4d16-9402-c37844d471f0,https://catalogue.ceh.ac.uk/datastore/eidchub/beb62085-ba81-480c-9ed0-2d31c27ff196,2026-05-14,,2026-05-14,eidc,866f4088-ae4f-43b8-ba8c-6d3141a327f2,404,NOT_FOUND,HTTP 404,,,,,true,2026-09-02T13:56:13+00:00
https://www.data.gov.uk/dataset/126ee2ee-5fdb-41c4-8c95-90aa9bc6f971/major-airport-lnight,126ee2ee-5fdb-41c4-8c95-90aa9bc6f971,major-airport-lnight,2025-09-09,2026-05-20,126ee2ee-5fdb-41c4-8c95-90aa9bc6f971,04fa935e-8799-45b3-a052-5f30dd724ffb,https://opendata-daerani.hub.arcgis.com/api/download/v1/items/dc6fd2caba6e4779ba8c6886502b1f58/geojson?layers=0,2026-05-15,,2026-05-20,open-data-ni,8549022f-fa16-43e4-a56f-6a45ca875199,500,SERVER_ERROR,HTTP 500,,,,,true,2026-09-02T13:57:57+00:00
https://www.data.gov.uk/dataset/126ee2ee-5fdb-41c4-8c95-90aa9bc6f971/major-airport-lnight,126ee2ee-5fdb-41c4-8c95-90aa9bc6f971,major-airport-lnight,2025-09-09,2026-05-20,126ee2ee-5fdb-41c4-8c95-90aa9bc6f971,415b82a5-2e0a-4b26-a6b1-9808177c14af,https://opendata-daerani.hub.arcgis.com/api/download/v1/items/dc6fd2caba6e4779ba8c6886502b1f58/shapefile?layers=0,2026-05-15,,2026-05-20,open-data-ni,8549022f-fa16-43e4-a56f-6a45ca875199,500,SERVER_ERROR,HTTP 500,,,,,true,2026-09-02T13:58:05+00:00
https://www.data.gov.uk/dataset/126ee2ee-5fdb-41c4-8c95-90aa9bc6f971/major-airport-lnight,126ee2ee-5fdb-41c4-8c95-90aa9bc6f971,major-airport-lnight,2025-09-09,2026-05-20,126ee2ee-5fdb-41c4-8c95-90aa9bc6f971,6d944dfb-d498-401c-a2f1-0e2bb809f623,https://opendata-daerani.hub.arcgis.com/api/download/v1/items/dc6fd2caba6e4779ba8c6886502b1f58/csv?layers=0,2026-05-15,,2026-05-20,open-data-ni,8549022f-fa16-43e4-a56f-6a45ca875199,500,SERVER_ERROR,HTTP 500,,,,,true,2026-09-02T13:58:04+00:00
https://www.data.gov.uk/dataset/126ee2ee-5fdb-41c4-8c95-90aa9bc6f971/major-airport-lnight,126ee2ee-5fdb-41c4-8c95-90aa9bc6f971,major-airport-lnight,2025-09-09,2026-05-20,126ee2ee-5fdb-41c4-8c95-90aa9bc6f971,6efe1406-e271-4271-8e33-c3241a35f10e,https://opendata-daerani.hub.arcgis.com/api/download/v1/items/dc6fd2caba6e4779ba8c6886502b1f58/kml?layers=0,2026-05-15,,2026-05-20,open-data-ni,8549022f-fa16-43e4-a56f-6a45ca875199,500,SERVER_ERROR,HTTP 500,,,,,true,2026-09-02T13:58:07+00:00
https://www.data.gov.uk/dataset/1382a906-d391-418e-ba06-d9d324bc7fcf/agglomeration-railway-laeq-16h,1382a906-d391-418e-ba06-d9d324bc7fcf,agglomeration-railway-laeq-16h,2025-09-09,2026-05-20,1382a906-d391-418e-ba06-d9d324bc7fcf,0669dccf-9f45-4f12-a1e5-0e5fe1e6e843,https://opendata-daerani.hub.arcgis.com/api/download/v1/items/d151d086a9c34e29a27936e672cbcef9/csv?layers=2,2026-05-15,,2026-05-20,open-data-ni,8549022f-fa16-43e4-a56f-6a45ca875199,500,SERVER_ERROR,HTTP 500,,,,,true,2026-09-02T13:58:37+00:00
https://www.data.gov.uk/dataset/1382a906-d391-418e-ba06-d9d324bc7fcf/agglomeration-railway-laeq-16h,1382a906-d391-418e-ba06-d9d324bc7fcf,agglomeration-railway-laeq-16h,2025-09-09,2026-05-20,1382a906-d391-418e-ba06-d9d324bc7fcf,1221e0f4-6689-4934-8f56-2b17ff48a6e2,https://opendata-daerani.hub.arcgis.com/api/download/v1/items/d151d086a9c34e29a27936e672cbcef9/geojson?layers=2,2026-05-15,,2026-05-20,open-data-ni,8549022f-fa16-43e4-a56f-6a45ca875199,500,SERVER_ERROR,HTTP 500,,,,,true,2026-09-02T13:58:38+00:00
https://www.data.gov.uk/dataset/1382a906-d391-418e-ba06-d9d324bc7fcf/agglomeration-railway-laeq-16h,1382a906-d391-418e-ba06-d9d324bc7fcf,agglomeration-railway-laeq-16h,2025-09-09,2026-05-20,1382a906-d391-418e-ba06-d9d324bc7fcf,139cbe0b-2ffe-4e03-8fe5-2bedb5369661,https://opendata-daerani.hub.arcgis.com/api/download/v1/items/d151d086a9c34e29a27936e672cbcef9/shapefile?layers=2,2026-05-15,,2026-05-20,open-data-ni,8549022f-fa16-43e4-a56f-6a45ca875199,500,SERVER_ERROR,HTTP 500,,,,,true,2026-09-02T13:58:41+00:00
https://www.data.gov.uk/dataset/1382a906-d391-418e-ba06-d9d324bc7fcf/agglomeration-railway-laeq-16h,1382a906-d391-418e-ba06-d9d324bc7fcf,agglomeration-railway-laeq-16h,2025-09-09,2026-05-20,1382a906-d391-418e-ba06-d9d324bc7fcf,dc3a41bb-a692-4bd8-aa21-ecf5f826bc87,https://opendata-daerani.hub.arcgis.com/api/download/v1/items/d151d086a9c34e29a27936e672cbcef9/kml?layers=2,2026-05-15,,2026-05-20,open-data-ni,8549022f-fa16-43e4-a56f-6a45ca875199,500,SERVER_ERROR,HTTP 500,,,,,true,2026-09-02T13:58:48+00:00
https://www.data.gov.uk/dataset/147456e8-b78c-494e-8248-16ec090e15f3/major-airport-leve,147456e8-b78c-494e-8248-16ec090e15f3,major-airport-leve,2025-09-09,2026-05-20,147456e8-b78c-494e-8248-16ec090e15f3,34b478ac-fe97-44ce-accf-ec15182da5c8,https://opendata-daerani.hub.arcgis.com/api/download/v1/items/dc6fd2caba6e4779ba8c6886502b1f58/shapefile?layers=8,2026-05-15,,2026-05-20,open-data-ni,8549022f-fa16-43e4-a56f-6a45ca875199,500,SERVER_ERROR,HTTP 500,,,,,true,2026-09-02T13:59:02+00:00
https://www.data.gov.uk/dataset/147456e8-b78c-494e-8248-16ec090e15f3/major-airport-leve,147456e8-b78c-494e-8248-16ec090e15f3,major-airport-leve,2025-09-09,2026-05-20,147456e8-b78c-494e-8248-16ec090e15f3,5de7c9d8-ec82-4f84-8329-d471123aaf97,https://opendata-daerani.hub.arcgis.com/api/download/v1/items/dc6fd2caba6e4779ba8c6886502b1f58/kml?layers=8,2026-05-15,,2026-05-20,open-data-ni,8549022f-fa16-43e4-a56f-6a45ca875199,500,SERVER_ERROR,HTTP 500,,,,,true,2026-09-02T13:59:06+00:00
https://www.data.gov.uk/dataset/147456e8-b78c-494e-8248-16ec090e15f3/major-airport-leve,147456e8-b78c-494e-8248-16ec090e15f3,major-airport-leve,2025-09-09,2026-05-20,147456e8-b78c-494e-8248-16ec090e15f3,6591e646-c80c-4bc8-8a29-6672c5f0b261,https://opendata-daerani.hub.arcgis.com/api/download/v1/items/dc6fd2caba6e4779ba8c6886502b1f58/geojson?layers=8,2026-05-15,,2026-05-20,open-data-ni,8549022f-fa16-43e4-a56f-6a45ca875199,500,SERVER_ERROR,HTTP 500,,,,,true,2026-09-02T13:59:06+00:00
https://www.data.gov.uk/dataset/147456e8-b78c-494e-8248-16ec090e15f3/major-airport-leve,147456e8-b78c-494e-8248-16ec090e15f3,major-airport-leve,2025-09-09,2026-05-20,147456e8-b78c-494e-8248-16ec090e15f3,d04600c8-5239-4b3f-94aa-fbab5f5a16a6,https://opendata-daerani.hub.arcgis.com/api/download/v1/items/dc6fd2caba6e4779ba8c6886502b1f58/csv?layers=8,2026-05-15,,2026-05-20,open-data-ni,8549022f-fa16-43e4-a56f-6a45ca875199,500,SERVER_ERROR,HTTP 500,,,,,true,2026-09-02T13:59:17+00:00
https://www.data.gov.uk/dataset/7212b9c4-cf8e-403f-ae9f-62e4a866b680/tree-preservation-orders351,7212b9c4-cf8e-403f-ae9f-62e4a866b680,tree-preservation-orders351,2015-09-29,2016-02-10,f6482c63-a220-4bfb-9019-f7c6edb982f0,84392838-b58c-4334-b5fa-abd9dc435c1d,http://inspire.misoportal.com/geoserver/manchester_city_council_tree_preservation_orders/wms?request=getCapabilities,2015-09-29,,2015-09-29,manchester-city-council,bb9f6a1c-d3d3-4e39-aee6-bf75ce49b5b7,,TIMEOUT,host never responds (bypass list): inspire.misoportal.com,,,,,true,2026-09-02T14:01:58+00:00
https://www.data.gov.uk/dataset/b78bc5eb-1abd-41dc-916e-45292d366065/compliance-assessment-of-welsh-river-special-areas-of-conservation-sacs-against-water-2020-2023,b78bc5eb-1abd-41dc-916e-45292d366065,compliance-assessment-of-welsh-river-special-areas-of-conservation-sacs-against-water-2020-2023,2025-10-17,2025-10-24,NRW_DS161343,8616e5f6-a770-4c54-bb13-018b544f5705,https://datamap.gov.wales/capabilities/layergroup/7376/?ows_service=wms,2025-10-24,,2025-10-24,natural-resources-wales,1d3ba2bb-4fd5-4fe9-9436-3b5454dc19e3,,TIMEOUT,timeout after 15000ms,,,,,true,2026-09-02T14:02:51+00:00
https://www.data.gov.uk/dataset/7b956451-d1f6-408d-b2e0-02e5398e3f13/national-population-database5,7b956451-d1f6-408d-b2e0-02e5398e3f13,national-population-database5,2019-09-18,2023-02-27,e8a9320a-360b-4eca-99ef-d2189799375c,965de13d-ceba-455d-ae88-890867e1f0dc,http://inspire.misoportal.com/geoserver/health_and_safety_laboratory_gb_sample_merge_2020/wms?request=getCapabilities,2020-11-20,,2020-11-20,health-and-safety-executive,2f1ceab8-69d4-4b7c-98c1-1b760a99ba8c,,TIMEOUT,host never responds (bypass list): inspire.misoportal.com,,,,,true,2026-09-02T14:03:16+00:00
https://www.data.gov.uk/dataset/875698af-a159-4e36-9f79-dc4eaab2da0d/bdc-article-4,875698af-a159-4e36-9f79-dc4eaab2da0d,bdc-article-4,2017-12-11,2025-06-19,5c183306-718e-4644-b4f1-23fbd6098e7c,db921d7a-dbe3-4495-9ca5-3b9f6d7dc732,http://inspire.misoportal.com/geoserver/bolsover_district_council_bdc_article_4_v2/wfs?service=wfs&amp;version=2.0.0&amp;request=GetCapabilities,2025-04-23,,2025-04-23,bolsover-district-council,4267908a-40b3-446d-8cfa-f0fa69cf17ec,,TIMEOUT,host never responds (bypass list): inspire.misoportal.com,,,,,true,2026-09-02T14:04:47+00:00
https://www.data.gov.uk/dataset/875698af-a159-4e36-9f79-dc4eaab2da0d/bdc-article-4,875698af-a159-4e36-9f79-dc4eaab2da0d,bdc-article-4,2017-12-11,2025-06-19,5c183306-718e-4644-b4f1-23fbd6098e7c,e3bf6cda-b7b2-4f76-bb51-a95b1fedf7c3,http://inspire.misoportal.com/geoserver/bolsover_district_council_bdc_article_4_v2/wms?request=getCapabilities,2025-04-23,,2025-04-23,bolsover-district-council,4267908a-40b3-446d-8cfa-f0fa69cf17ec,,TIMEOUT,host never responds (bypass list): inspire.misoportal.com,,,,,true,2026-09-02T14:04:51+00:00
https://www.data.gov.uk/dataset/88c9d94a-329e-4bc3-bf14-bd6bb8a4134b/brownfield-register,88c9d94a-329e-4bc3-bf14-bd6bb8a4134b,brownfield-register,2025-05-06,2025-06-19,,40a5f65e-1a22-4529-9079-cda7c55e30f5,http://inspire.misoportal.com/geoserver/bolsover_district_council_bdc_brownfield_register_2024_bng/wms?request=getCapabilities,2025-05-06,,2025-05-06,bolsover-district-council,4267908a-40b3-446d-8cfa-f0fa69cf17ec,,TIMEOUT,host never responds (bypass list): inspire.misoportal.com,,,,,true,2026-09-02T14:05:01+00:00
https://www.data.gov.uk/dataset/88c9d94a-329e-4bc3-bf14-bd6bb8a4134b/brownfield-register,88c9d94a-329e-4bc3-bf14-bd6bb8a4134b,brownfield-register,2025-05-06,2025-06-19,,875992f7-d00a-4a52-8a29-011c6a0d906d,http://inspire.misoportal.com/geoserver/bolsover_district_council_bdc_brownfield_register_2024_bng/wfs?service=wfs&amp;version=2.0.0&amp;request=GetCapabilities,2025-05-06,,2025-05-06,bolsover-district-council,4267908a-40b3-446d-8cfa-f0fa69cf17ec,,TIMEOUT,host never responds (bypass list): inspire.misoportal.com,,,,,true,2026-09-02T14:05:03+00:00
https://www.data.gov.uk/dataset/8b04e7bc-a70e-4497-b8c3-2ee87d8205ab/fbc-land-ownership,8b04e7bc-a70e-4497-b8c3-2ee87d8205ab,fbc-land-ownership,2018-12-12,2021-02-09,8e23762e-230e-4eca-8635-8f3b2ec46243,6395b03e-59a1-49bc-b3c7-e96fc92362b6,http://inspire.misoportal.com/geoserver/fareham_borough_council_fbclandownership/wms?request=getCapabilities,2021-02-09,,2021-02-09,fareham-borough-council,c8da4839-ebfa-4dd9-8900-aaaf56a44771,,TIMEOUT,host never responds (bypass list): inspire.misoportal.com,,,,,true,2026-09-02T14:05:08+00:00
https://www.data.gov.uk/dataset/8f687293-7b8c-446f-b143-7ad73417c62e/smoke-control-orders5,8f687293-7b8c-446f-b143-7ad73417c62e,smoke-control-orders5,2014-10-16,2016-02-11,manc_cc_smoke,8ff0ba8b-8387-4fd8-831a-93cb3055af31,http://inspire.misoportal.com/geoserver/manchester_city_council_smoke_control_orders/wms?request=getCapabilities,2014-10-16,,2014-10-16,manchester-city-council,bb9f6a1c-d3d3-4e39-aee6-bf75ce49b5b7,,TIMEOUT,host never responds (bypass list): inspire.misoportal.com,,,,,true,2026-09-02T14:05:37+00:00
https://www.data.gov.uk/dataset/8f687293-7b8c-446f-b143-7ad73417c62e/smoke-control-orders5,8f687293-7b8c-446f-b143-7ad73417c62e,smoke-control-orders5,2014-10-16,2016-02-11,manc_cc_smoke,e4c5c11c-1509-4c22-aff7-c2d2d42e8923,http://inspire.misoportal.com/geoserver/manchester_city_council_smoke_control_orders/wfs?service=wfs&version=2.0.0&request=GetCapabilities,2014-10-16,,2014-10-16,manchester-city-council,bb9f6a1c-d3d3-4e39-aee6-bf75ce49b5b7,,TIMEOUT,host never responds (bypass list): inspire.misoportal.com,,,,,true,2026-09-02T14:05:38+00:00
https://www.data.gov.uk/dataset/1cd8a84b-d064-4ea0-ad23-8c646c9d217e/consolidated-leve,1cd8a84b-d064-4ea0-ad23-8c646c9d217e,consolidated-leve,2025-09-09,2026-05-20,1cd8a84b-d064-4ea0-ad23-8c646c9d217e,1625e480-7ef3-4439-afe7-1acfc1409c5c,https://opendata-daerani.hub.arcgis.com/api/download/v1/items/b6628b1d592c4c4a979a9bf70a1f3cd6/kml?layers=4,2026-05-15,,2026-05-20,open-data-ni,8549022f-fa16-43e4-a56f-6a45ca875199,500,SERVER_ERROR,HTTP 500,,,,,true,2026-09-02T14:22:58+00:00
https://www.data.gov.uk/dataset/1cd8a84b-d064-4ea0-ad23-8c646c9d217e/consolidated-leve,1cd8a84b-d064-4ea0-ad23-8c646c9d217e,consolidated-leve,2025-09-09,2026-05-20,1cd8a84b-d064-4ea0-ad23-8c646c9d217e,188253ba-0b9c-4d03-afd8-a6f4ca19ac02,https://opendata-daerani.hub.arcgis.com/api/download/v1/items/b6628b1d592c4c4a979a9bf70a1f3cd6/csv?layers=4,2026-05-15,,2026-05-20,open-data-ni,8549022f-fa16-43e4-a56f-6a45ca875199,500,SERVER_ERROR,HTTP 500,,,,,true,2026-09-02T14:22:58+00:00
https://www.data.gov.uk/dataset/1cd8a84b-d064-4ea0-ad23-8c646c9d217e/consolidated-leve,1cd8a84b-d064-4ea0-ad23-8c646c9d217e,consolidated-leve,2025-09-09,2026-05-20,1cd8a84b-d064-4ea0-ad23-8c646c9d217e,230b6f15-6692-411f-9a8f-e15ed4b4899f,https://opendata-daerani.hub.arcgis.com/api/download/v1/items/b6628b1d592c4c4a979a9bf70a1f3cd6/geojson?layers=4,2026-05-15,,2026-05-20,open-data-ni,8549022f-fa16-43e4-a56f-6a45ca875199,500,SERVER_ERROR,HTTP 500,,,,,true,2026-09-02T14:23:04+00:00
https://www.data.gov.uk/dataset/1cd8a84b-d064-4ea0-ad23-8c646c9d217e/consolidated-leve,1cd8a84b-d064-4ea0-ad23-8c646c9d217e,consolidated-leve,2025-09-09,2026-05-20,1cd8a84b-d064-4ea0-ad23-8c646c9d217e,541cc8b4-3ce8-46f9-983d-3be8f5d69a85,https://opendata-daerani.hub.arcgis.com/api/download/v1/items/b6628b1d592c4c4a979a9bf70a1f3cd6/shapefile?layers=4,2026-05-15,,2026-05-20,open-data-ni,8549022f-fa16-43e4-a56f-6a45ca875199,500,SERVER_ERROR,HTTP 500,,,,,true,2026-09-02T14:23:18+00:00
https://www.data.gov.uk/dataset/9c531140-5b56-447c-b9b3-a287ebd925f9/cemeteries4,9c531140-5b56-447c-b9b3-a287ebd925f9,cemeteries4,2015-10-28,2016-02-10,ecbeb747-600e-4bfc-bc85-b19d0c6c9c1f,5e1c50ba-bd1a-435c-b881-e5540407bc16,http://inspire.misoportal.com/geoserver/manchester_city_council_cemeteries/wfs?service=wfs&version=2.0.0&request=GetCapabilities,2015-10-28,,2015-10-28,manchester-city-council,bb9f6a1c-d3d3-4e39-aee6-bf75ce49b5b7,,TIMEOUT,host never responds (bypass list): inspire.misoportal.com,,,,,true,2026-09-02T14:23:30+00:00
https://www.data.gov.uk/dataset/9c531140-5b56-447c-b9b3-a287ebd925f9/cemeteries4,9c531140-5b56-447c-b9b3-a287ebd925f9,cemeteries4,2015-10-28,2016-02-10,ecbeb747-600e-4bfc-bc85-b19d0c6c9c1f,fb44ed0b-f889-4e48-96d0-fc9c8d175be8,http://inspire.misoportal.com/geoserver/manchester_city_council_cemeteries/wms?request=getCapabilities,2015-10-28,,2015-10-28,manchester-city-council,bb9f6a1c-d3d3-4e39-aee6-bf75ce49b5b7,,TIMEOUT,host never responds (bypass list): inspire.misoportal.com,,,,,true,2026-09-02T14:23:32+00:00
https://www.data.gov.uk/dataset/9e7551b0-6993-4432-a1d2-f7d3bfac40f6/tpo-points-nedc,9e7551b0-6993-4432-a1d2-f7d3bfac40f6,tpo-points-nedc,2025-05-07,2025-06-19,,bc52c381-f7f8-48bb-b622-43a6a7795e93,http://inspire.misoportal.com/geoserver/north_east_derbyshire_ned_tpo_points/wfs?service=wfs&amp;version=2.0.0&amp;request=GetCapabilities,2025-05-07,,2025-05-07,north-east-derbyshire-district-council,20f9ea25-385a-44b4-8bcb-3a58edcf036f,,TIMEOUT,host never responds (bypass list): inspire.misoportal.com,,,,,true,2026-09-02T14:23:50+00:00
https://www.data.gov.uk/dataset/9e7551b0-6993-4432-a1d2-f7d3bfac40f6/tpo-points-nedc,9e7551b0-6993-4432-a1d2-f7d3bfac40f6,tpo-points-nedc,2025-05-07,2025-06-19,,ca8b23a0-18cc-46f2-af5d-b961da99677f,http://inspire.misoportal.com/geoserver/north_east_derbyshire_ned_tpo_points/wms?request=getCapabilities,2025-05-07,,2025-05-07,north-east-derbyshire-district-council,20f9ea25-385a-44b4-8bcb-3a58edcf036f,,TIMEOUT,host never responds (bypass list): inspire.misoportal.com,,,,,true,2026-09-02T14:23:53+00:00
https://www.data.gov.uk/dataset/a76974cf-124f-42d7-a749-6b6c1f090d1c/article-4-directions51,a76974cf-124f-42d7-a749-6b6c1f090d1c,article-4-directions51,2018-12-18,2025-06-19,860eee8e-8b3f-4c17-8576-e3b2ad5f6bb6,18b09606-ee52-4515-b9e7-e51e9e622745,http://inspire.misoportal.com/geoserver/north_east_derbyshire_ned_article_4/wfs?service=wfs&amp;version=2.0.0&amp;request=GetCapabilities,2025-05-06,,2025-05-06,north-east-derbyshire-district-council,20f9ea25-385a-44b4-8bcb-3a58edcf036f,,TIMEOUT,host never responds (bypass list): inspire.misoportal.com,,,,,true,2026-09-02T14:25:14+00:00
https://www.data.gov.uk/dataset/1f2e059f-95c2-48e5-ad7a-659b416af0db/major-airport-laeq-16h,1f2e059f-95c2-48e5-ad7a-659b416af0db,major-airport-laeq-16h,2025-09-09,2026-05-20,1f2e059f-95c2-48e5-ad7a-659b416af0db,4e177bc6-a954-45c7-a52f-f789c7150ad8,https://opendata-daerani.hub.arcgis.com/api/download/v1/items/dc6fd2caba6e4779ba8c6886502b1f58/kml?layers=6,2026-05-15,,2026-05-20,open-data-ni,8549022f-fa16-43e4-a56f-6a45ca875199,500,SERVER_ERROR,HTTP 500,,,,,true,2026-09-02T14:25:29+00:00
https://www.data.gov.uk/dataset/1f2e059f-95c2-48e5-ad7a-659b416af0db/major-airport-laeq-16h,1f2e059f-95c2-48e5-ad7a-659b416af0db,major-airport-laeq-16h,2025-09-09,2026-05-20,1f2e059f-95c2-48e5-ad7a-659b416af0db,453acce1-70d6-4026-9102-58be80d4fce6,https://opendata-daerani.hub.arcgis.com/api/download/v1/items/dc6fd2caba6e4779ba8c6886502b1f58/csv?layers=6,2026-05-15,,2026-05-20,open-data-ni,8549022f-fa16-43e4-a56f-6a45ca875199,500,SERVER_ERROR,HTTP 500,,,,,true,2026-09-02T14:25:26+00:00
https://www.data.gov.uk/dataset/a76974cf-124f-42d7-a749-6b6c1f090d1c/article-4-directions51,a76974cf-124f-42d7-a749-6b6c1f090d1c,article-4-directions51,2018-12-18,2025-06-19,860eee8e-8b3f-4c17-8576-e3b2ad5f6bb6,2489117d-1ad9-4d4f-8da8-cb124afe0027,http://inspire.misoportal.com/geoserver/north_east_derbyshire_ned_article_4/wms?request=getCapabilities,2025-05-06,,2025-05-06,north-east-derbyshire-district-council,20f9ea25-385a-44b4-8bcb-3a58edcf036f,,TIMEOUT,host never responds (bypass list): inspire.misoportal.com,,,,,true,2026-09-02T14:25:16+00:00
https://www.data.gov.uk/dataset/1f2e059f-95c2-48e5-ad7a-659b416af0db/major-airport-laeq-16h,1f2e059f-95c2-48e5-ad7a-659b416af0db,major-airport-laeq-16h,2025-09-09,2026-05-20,1f2e059f-95c2-48e5-ad7a-659b416af0db,61767094-c945-4bf7-9dee-bb7b434a47e5,https://opendata-daerani.hub.arcgis.com/api/download/v1/items/dc6fd2caba6e4779ba8c6886502b1f58/geojson?layers=6,2026-05-15,,2026-05-20,open-data-ni,8549022f-fa16-43e4-a56f-6a45ca875199,500,SERVER_ERROR,HTTP 500,,,,,true,2026-09-02T14:25:28+00:00
https://www.data.gov.uk/dataset/1f2e059f-95c2-48e5-ad7a-659b416af0db/major-airport-laeq-16h,1f2e059f-95c2-48e5-ad7a-659b416af0db,major-airport-laeq-16h,2025-09-09,2026-05-20,1f2e059f-95c2-48e5-ad7a-659b416af0db,ad1eb461-541b-4f5a-b251-4e7b7adc26da,https://opendata-daerani.hub.arcgis.com/api/download/v1/items/dc6fd2caba6e4779ba8c6886502b1f58/shapefile?layers=6,2026-05-15,,2026-05-20,open-data-ni,8549022f-fa16-43e4-a56f-6a45ca875199,500,SERVER_ERROR,HTTP 500,,,,,true,2026-09-02T14:25:33+00:00
https://www.data.gov.uk/dataset/d6539594-5990-47e0-b4f2-939fc454f702/numbers-of-patients-registered-at-a-gp-practice-total,d6539594-5990-47e0-b4f2-939fc454f702,numbers-of-patients-registered-at-a-gp-practice-total,2017-06-02,2018-03-14,,d34e7e7e-c546-4144-8c1a-2674bafcba3a,http://digital.nhs.uk/media/35482/Patients-Registered-at-a-GP-Practice-February-2018-Totals-GP-practice-all-persons-/default/gp-reg-pat-prac-all-feb-18	,2018-02-13,,2018-02-13,nhs-digital,2a638dd6-7ad6-4081-8de3-732200f553fa,404,NOT_FOUND,HTTP 404,,,,,true,2026-09-02T14:26:44+00:00
https://www.data.gov.uk/dataset/21f9302d-c9b3-41ab-b403-88c3cd2cb005/major-roads-lnight,21f9302d-c9b3-41ab-b403-88c3cd2cb005,major-roads-lnight,2025-09-09,2026-05-20,21f9302d-c9b3-41ab-b403-88c3cd2cb005,0bd9f7c0-7827-40d7-ae53-728bd8d5f639,https://opendata-daerani.hub.arcgis.com/api/download/v1/items/48506a993ec84c71a925ee5bcd5ce45d/geojson?layers=1,2026-05-15,,2026-05-20,open-data-ni,8549022f-fa16-43e4-a56f-6a45ca875199,500,SERVER_ERROR,HTTP 500,,,,,true,2026-09-02T14:26:54+00:00
https://www.data.gov.uk/dataset/21f9302d-c9b3-41ab-b403-88c3cd2cb005/major-roads-lnight,21f9302d-c9b3-41ab-b403-88c3cd2cb005,major-roads-lnight,2025-09-09,2026-05-20,21f9302d-c9b3-41ab-b403-88c3cd2cb005,59ce3cdf-0b0b-4d5c-9788-b0e8623ffdb3,https://opendata-daerani.hub.arcgis.com/api/download/v1/items/48506a993ec84c71a925ee5bcd5ce45d/kml?layers=1,2026-05-15,,2026-05-20,open-data-ni,8549022f-fa16-43e4-a56f-6a45ca875199,500,SERVER_ERROR,HTTP 500,,,,,true,2026-09-02T14:26:57+00:00
https://www.data.gov.uk/dataset/21f9302d-c9b3-41ab-b403-88c3cd2cb005/major-roads-lnight,21f9302d-c9b3-41ab-b403-88c3cd2cb005,major-roads-lnight,2025-09-09,2026-05-20,21f9302d-c9b3-41ab-b403-88c3cd2cb005,40c641fb-4c05-41c9-b91c-009cd1d2b934,https://opendata-daerani.hub.arcgis.com/api/download/v1/items/48506a993ec84c71a925ee5bcd5ce45d/shapefile?layers=1,2026-05-15,,2026-05-20,open-data-ni,8549022f-fa16-43e4-a56f-6a45ca875199,500,SERVER_ERROR,HTTP 500,,,,,true,2026-09-02T14:26:57+00:00
https://www.data.gov.uk/dataset/21f9302d-c9b3-41ab-b403-88c3cd2cb005/major-roads-lnight,21f9302d-c9b3-41ab-b403-88c3cd2cb005,major-roads-lnight,2025-09-09,2026-05-20,21f9302d-c9b3-41ab-b403-88c3cd2cb005,a577a352-a287-404b-bda4-e2c410e67a60,https://opendata-daerani.hub.arcgis.com/api/download/v1/items/48506a993ec84c71a925ee5bcd5ce45d/csv?layers=1,2026-05-15,,2026-05-20,open-data-ni,8549022f-fa16-43e4-a56f-6a45ca875199,500,SERVER_ERROR,HTTP 500,,,,,true,2026-09-02T14:26:59+00:00
https://www.data.gov.uk/dataset/c61eb4be-8efe-4be4-8dc3-d1153ac51182/smoke-control-orders9,c61eb4be-8efe-4be4-8dc3-d1153ac51182,smoke-control-orders9,2017-12-12,2025-06-04,d68a6bbc-4e4d-49ca-afb5-328285b86c28,19cc6e55-f96c-4f01-9621-b24425caa526,http://inspire.misoportal.com/geoserver/north_east_derbyshire_managementrestrictionorregulationzone/wms?request=getCapabilities,2017-12-12,,2017-12-12,north-east-derbyshire-district-council,20f9ea25-385a-44b4-8bcb-3a58edcf036f,,TIMEOUT,host never responds (bypass list): inspire.misoportal.com,,,,,true,2026-09-02T14:28:40+00:00
https://www.data.gov.uk/dataset/27f849fb-5d36-4d4d-8fb6-2ab74467ff47/major-railway-laeq-06h,27f849fb-5d36-4d4d-8fb6-2ab74467ff47,major-railway-laeq-06h,2025-09-09,2026-05-20,27f849fb-5d36-4d4d-8fb6-2ab74467ff47,4079af28-6e13-4c29-879e-18404b45a9a0,https://opendata-daerani.hub.arcgis.com/api/download/v1/items/3e642597bcbc409ba171e95c1421b78d/kml?layers=4,2026-05-15,,2026-05-20,open-data-ni,8549022f-fa16-43e4-a56f-6a45ca875199,500,SERVER_ERROR,HTTP 500,,,,,true,2026-09-02T14:29:32+00:00
https://www.data.gov.uk/dataset/27f849fb-5d36-4d4d-8fb6-2ab74467ff47/major-railway-laeq-06h,27f849fb-5d36-4d4d-8fb6-2ab74467ff47,major-railway-laeq-06h,2025-09-09,2026-05-20,27f849fb-5d36-4d4d-8fb6-2ab74467ff47,b51e9cdd-fdd3-4226-a7bf-7637931e1cbb,https://opendata-daerani.hub.arcgis.com/api/download/v1/items/3e642597bcbc409ba171e95c1421b78d/csv?layers=4,2026-05-15,,2026-05-20,open-data-ni,8549022f-fa16-43e4-a56f-6a45ca875199,500,SERVER_ERROR,HTTP 500,,,,,true,2026-09-02T14:29:34+00:00
https://www.data.gov.uk/dataset/27f849fb-5d36-4d4d-8fb6-2ab74467ff47/major-railway-laeq-06h,27f849fb-5d36-4d4d-8fb6-2ab74467ff47,major-railway-laeq-06h,2025-09-09,2026-05-20,27f849fb-5d36-4d4d-8fb6-2ab74467ff47,e875c6d9-0607-41a3-9217-73beaa3692a5,https://opendata-daerani.hub.arcgis.com/api/download/v1/items/3e642597bcbc409ba171e95c1421b78d/geojson?layers=4,2026-05-15,,2026-05-20,open-data-ni,8549022f-fa16-43e4-a56f-6a45ca875199,500,SERVER_ERROR,HTTP 500,,,,,true,2026-09-02T14:29:33+00:00
https://www.data.gov.uk/dataset/27f849fb-5d36-4d4d-8fb6-2ab74467ff47/major-railway-laeq-06h,27f849fb-5d36-4d4d-8fb6-2ab74467ff47,major-railway-laeq-06h,2025-09-09,2026-05-20,27f849fb-5d36-4d4d-8fb6-2ab74467ff47,f105d6c1-1590-4817-9e22-b8df17a94cd9,https://opendata-daerani.hub.arcgis.com/api/download/v1/items/3e642597bcbc409ba171e95c1421b78d/shapefile?layers=4,2026-05-15,,2026-05-20,open-data-ni,8549022f-fa16-43e4-a56f-6a45ca875199,500,SERVER_ERROR,HTTP 500,,,,,true,2026-09-02T14:29:35+00:00
https://www.data.gov.uk/dataset/cda44778-9522-4923-bad6-c5d0c741c0f7/tree-preservation-order-areas,cda44778-9522-4923-bad6-c5d0c741c0f7,tree-preservation-order-areas,2025-05-07,2025-06-19,,01178361-2dc2-4aec-84bd-d702c466c40a,http://inspire.misoportal.com/geoserver/north_east_derbyshire_ned_tpo_areas/wfs?service=wfs&amp;version=2.0.0&amp;request=GetCapabilities,2025-05-07,,2025-05-07,north-east-derbyshire-district-council,20f9ea25-385a-44b4-8bcb-3a58edcf036f,,TIMEOUT,host never responds (bypass list): inspire.misoportal.com,,,,,true,2026-09-02T14:29:29+00:00
https://www.data.gov.uk/dataset/39350657-7631-4684-b316-7fca84aa05b4/paired-rainfall-and-high-flow-event-timeseries-statistics-and-extraction-method-for-1203-statio,39350657-7631-4684-b316-7fca84aa05b4,paired-rainfall-and-high-flow-event-timeseries-statistics-and-extraction-method-for-1203-statio,2026-04-09,2026-05-14,663b9078-ff16-48b2-a3d0-a87f98d1143f,d084ed37-a56a-481d-b731-90623272b551,https://data-package.ceh.ac.uk/sd/663b9078-ff16-48b2-a3d0-a87f98d1143f.zip,2026-05-14,,2026-05-14,eidc,866f4088-ae4f-43b8-ba8c-6d3141a327f2,,TIMEOUT,timeout after 15000ms,,,,,true,2026-09-02T14:30:00+00:00
https://www.data.gov.uk/dataset/cda44778-9522-4923-bad6-c5d0c741c0f7/tree-preservation-order-areas,cda44778-9522-4923-bad6-c5d0c741c0f7,tree-preservation-order-areas,2025-05-07,2025-06-19,,b7fe94dc-9925-4ed9-9713-f9565c49c529,http://inspire.misoportal.com/geoserver/north_east_derbyshire_ned_tpo_areas/wms?request=getCapabilities,2025-05-07,,2025-05-07,north-east-derbyshire-district-council,20f9ea25-385a-44b4-8bcb-3a58edcf036f,,TIMEOUT,host never responds (bypass list): inspire.misoportal.com,,,,,true,2026-09-02T14:29:30+00:00
https://www.data.gov.uk/dataset/d2dc2e81-59fa-496b-8c94-8ab10ed20efa/tree-preservation-orders95,d2dc2e81-59fa-496b-8c94-8ab10ed20efa,tree-preservation-orders95,2017-05-10,2025-06-06,8c358187-379e-4150-8359-1e2b5bd4fc02,ae5c26d7-4dd7-44de-9903-80804687b325,http://inspire.misoportal.com/geoserver/bolsover_district_council_bdc_tpo_areas_review_2023/wfs?service=wfs&version=2.0.0&request=GetCapabilities,2025-05-06,,2025-06-06,bolsover-district-council,4267908a-40b3-446d-8cfa-f0fa69cf17ec,,TIMEOUT,host never responds (bypass list): inspire.misoportal.com,,,,,true,2026-09-02T14:29:57+00:00
https://www.data.gov.uk/dataset/d2dc2e81-59fa-496b-8c94-8ab10ed20efa/tree-preservation-orders95,d2dc2e81-59fa-496b-8c94-8ab10ed20efa,tree-preservation-orders95,2017-05-10,2025-06-06,8c358187-379e-4150-8359-1e2b5bd4fc02,ba94a8a5-5272-4ea6-b151-ea194ad1628a,http://inspire.misoportal.com/geoserver/bolsover_district_council_bdc_tpo_areas_review_2023/wms?request=getCapabilities,2025-05-06,,2025-05-06,bolsover-district-council,4267908a-40b3-446d-8cfa-f0fa69cf17ec,,TIMEOUT,host never responds (bypass list): inspire.misoportal.com,,,,,true,2026-09-02T14:30:01+00:00
https://www.data.gov.uk/dataset/dbadf809-f90c-4089-841b-4bbd293b0651/bolsover-conservation-areas6,dbadf809-f90c-4089-841b-4bbd293b0651,bolsover-conservation-areas6,2019-04-16,2025-06-19,deb9cb04-d018-441b-87f4-6d1d59cabe3d,32a3246b-8cc4-4dbb-bc01-e0ae0e358413,http://inspire.misoportal.com/geoserver/bolsover_district_council_conservation_areas_amended_2023/wfs?service=wfs&amp;version=2.0.0&amp;request=GetCapabilities,2025-05-06,,2025-05-06,bolsover-district-council,4267908a-40b3-446d-8cfa-f0fa69cf17ec,,TIMEOUT,host never responds (bypass list): inspire.misoportal.com,,,,,true,2026-09-02T14:30:46+00:00
https://www.data.gov.uk/dataset/dbadf809-f90c-4089-841b-4bbd293b0651/bolsover-conservation-areas6,dbadf809-f90c-4089-841b-4bbd293b0651,bolsover-conservation-areas6,2019-04-16,2025-06-19,deb9cb04-d018-441b-87f4-6d1d59cabe3d,8b2d5bee-5c3f-4de1-b048-0c5f29af784f,http://inspire.misoportal.com/geoserver/bolsover_district_council_conservation_areas_amended_2023/wms?request=getCapabilities,2025-05-06,,2025-05-06,bolsover-district-council,4267908a-40b3-446d-8cfa-f0fa69cf17ec,,TIMEOUT,host never responds (bypass list): inspire.misoportal.com,,,,,true,2026-09-02T14:30:46+00:00
https://www.data.gov.uk/dataset/2a5f4df5-132d-4b03-9450-3470be7f7158/agglomeration-railway-leve,2a5f4df5-132d-4b03-9450-3470be7f7158,agglomeration-railway-leve,2025-09-09,2026-05-20,2a5f4df5-132d-4b03-9450-3470be7f7158,145609cd-744b-4374-87e9-9fc08497f74e,https://opendata-daerani.hub.arcgis.com/api/download/v1/items/d151d086a9c34e29a27936e672cbcef9/shapefile?layers=6,2026-05-15,,2026-05-20,open-data-ni,8549022f-fa16-43e4-a56f-6a45ca875199,500,SERVER_ERROR,HTTP 500,,,,,true,2026-09-02T14:31:02+00:00
https://www.data.gov.uk/dataset/2a5f4df5-132d-4b03-9450-3470be7f7158/agglomeration-railway-leve,2a5f4df5-132d-4b03-9450-3470be7f7158,agglomeration-railway-leve,2025-09-09,2026-05-20,2a5f4df5-132d-4b03-9450-3470be7f7158,571fcd9a-7c40-4907-ae1b-c64ffbed0997,https://opendata-daerani.hub.arcgis.com/api/download/v1/items/d151d086a9c34e29a27936e672cbcef9/geojson?layers=6,2026-05-15,,2026-05-20,open-data-ni,8549022f-fa16-43e4-a56f-6a45ca875199,500,SERVER_ERROR,HTTP 500,,,,,true,2026-09-02T14:31:05+00:00
https://www.data.gov.uk/dataset/2a5f4df5-132d-4b03-9450-3470be7f7158/agglomeration-railway-leve,2a5f4df5-132d-4b03-9450-3470be7f7158,agglomeration-railway-leve,2025-09-09,2026-05-20,2a5f4df5-132d-4b03-9450-3470be7f7158,588d91b1-a637-4768-a25c-c2e6c895e2ee,https://opendata-daerani.hub.arcgis.com/api/download/v1/items/d151d086a9c34e29a27936e672cbcef9/csv?layers=6,2026-05-15,,2026-05-20,open-data-ni,8549022f-fa16-43e4-a56f-6a45ca875199,500,SERVER_ERROR,HTTP 500,,,,,true,2026-09-02T14:31:05+00:00
https://www.data.gov.uk/dataset/2a5f4df5-132d-4b03-9450-3470be7f7158/agglomeration-railway-leve,2a5f4df5-132d-4b03-9450-3470be7f7158,agglomeration-railway-leve,2025-09-09,2026-05-20,2a5f4df5-132d-4b03-9450-3470be7f7158,db42d65c-88f8-46ad-8de6-e9c88230573d,https://opendata-daerani.hub.arcgis.com/api/download/v1/items/d151d086a9c34e29a27936e672cbcef9/kml?layers=6,2026-05-15,,2026-05-20,open-data-ni,8549022f-fa16-43e4-a56f-6a45ca875199,500,SERVER_ERROR,HTTP 500,,,,,true,2026-09-02T14:31:05+00:00
https://www.data.gov.uk/dataset/e41bda12-1fb0-451a-b9ae-df2c9c81131a/hse-land-use-planning-data,e41bda12-1fb0-451a-b9ae-df2c9c81131a,hse-land-use-planning-data,2019-01-10,2023-02-27,40d89853-78e2-47af-82ba-7526e347e5db,b11bf604-f600-41ca-b095-27d9f0b0c98e,http://inspire.misoportal.com/geoserver/health_and_safety_laboratory_major_hazard_region/wms?request=getCapabilities,2020-03-27,,2020-03-27,health-and-safety-executive,2f1ceab8-69d4-4b7c-98c1-1b760a99ba8c,,TIMEOUT,host never responds (bypass list): inspire.misoportal.com,,,,,true,2026-09-02T14:31:40+00:00
https://www.data.gov.uk/dataset/ee103fdc-751c-49ee-a80b-c26aa05195e3/camden-stroke-tia-prevalence-2014-15,ee103fdc-751c-49ee-a80b-c26aa05195e3,camden-stroke-tia-prevalence-2014-15,2015-12-16,2026-06-15,https://opendata.camden.gov.uk/api/views/a3cg-9c5c,c8d0f3ea-e179-4308-bf7f-d88fab9707eb,https://opendata.camden.gov.uk/download/a3cg-9c5c/application/vnd.ms-excel,2015-12-16,,2021-08-06,london-borough-of-camden,679a9f85-9a24-4ed3-ae5b-be180fff321d,500,SERVER_ERROR,HTTP 500,,,,,true,2026-09-02T14:33:06+00:00
https://www.data.gov.uk/dataset/fadc9345-a6e8-4cb6-8b56-d191b6e321b2/allotments-sites,fadc9345-a6e8-4cb6-8b56-d191b6e321b2,allotments-sites,2018-12-12,2019-11-05,56f22435-5ead-45aa-9f54-00ab09375b90,a03b33dd-6e0b-49a0-94c9-b2b2f0c60d59,http://inspire.misoportal.com/geoserver/fareham_borough_council_allotmentsites/wms?request=getCapabilities,2018-12-12,,2018-12-12,fareham-borough-council,c8da4839-ebfa-4dd9-8900-aaaf56a44771,,TIMEOUT,host never responds (bypass list): inspire.misoportal.com,,,,,true,2026-09-02T14:33:32+00:00
https://www.data.gov.uk/dataset/86ffa1ab-17fb-43f1-8163-bb16f7d527a6/adult-establishment-licences,86ffa1ab-17fb-43f1-8163-bb16f7d527a6,adult-establishment-licences,2015-09-22,2021-08-04,86ffa1ab-17fb-43f1-8163-bb16f7d527a6,05e661f7-d229-4ab8-a588-4605c2074b02,https://datamillnorth.org/download/adult-establishment-licences/35d59a68-b129-43c1-a3ba-9d4223da2e5f/adultestablishment.xml,2018-11-24,,2018-11-24,leeds-city-council,ff9ae832-4e57-4364-b23b-bc058f4bbc98,404,NOT_FOUND,HTTP 404,,,,,true,2026-09-02T14:33:36+00:00
https://www.data.gov.uk/dataset/fee697ef-da22-4ed5-9b58-26673ae802b0/bolsover-district-council-smoke-control-orders,fee697ef-da22-4ed5-9b58-26673ae802b0,bolsover-district-council-smoke-control-orders,2017-12-14,2025-06-05,5693fb9d-0f6d-4f70-8d87-5764802e8d83,46c48862-39d9-4371-b1c7-f532538df343,http://inspire.misoportal.com/geoserver/bolsover_district_council_bdc_smoke_control__orders/wfs?service=wfs&amp;version=2.0.0&amp;request=GetCapabilities,2024-02-06,,2024-02-06,bolsover-district-council,4267908a-40b3-446d-8cfa-f0fa69cf17ec,,TIMEOUT,host never responds (bypass list): inspire.misoportal.com,,,,,true,2026-09-02T14:33:57+00:00
https://www.data.gov.uk/dataset/fee697ef-da22-4ed5-9b58-26673ae802b0/bolsover-district-council-smoke-control-orders,fee697ef-da22-4ed5-9b58-26673ae802b0,bolsover-district-council-smoke-control-orders,2017-12-14,2025-06-05,5693fb9d-0f6d-4f70-8d87-5764802e8d83,f2dd3561-a906-4095-b1bc-8308b63562a0,http://inspire.misoportal.com/geoserver/bolsover_district_council_bdc_smoke_control__orders/wms?request=getCapabilities,2024-02-06,,2024-02-06,bolsover-district-council,4267908a-40b3-446d-8cfa-f0fa69cf17ec,,TIMEOUT,host never responds (bypass list): inspire.misoportal.com,,,,,true,2026-09-02T14:33:57+00:00
https://www.data.gov.uk/dataset/3ecff269-3291-415c-8f81-a1d29e981616/major-airport-lden1,3ecff269-3291-415c-8f81-a1d29e981616,major-airport-lden1,2025-09-09,2026-05-20,3ecff269-3291-415c-8f81-a1d29e981616,187050ee-37b7-4b90-952c-3306584340c0,https://opendata-daerani.hub.arcgis.com/api/download/v1/items/dc6fd2caba6e4779ba8c6886502b1f58/kml?layers=5,2026-05-15,,2026-05-20,open-data-ni,8549022f-fa16-43e4-a56f-6a45ca875199,500,SERVER_ERROR,HTTP 500,,,,,true,2026-09-02T13:56:55+00:00
https://www.data.gov.uk/dataset/3ecff269-3291-415c-8f81-a1d29e981616/major-airport-lden1,3ecff269-3291-415c-8f81-a1d29e981616,major-airport-lden1,2025-09-09,2026-05-20,3ecff269-3291-415c-8f81-a1d29e981616,2081e2cc-4e7c-4bdf-8887-27550a432b0d,https://opendata-daerani.hub.arcgis.com/api/download/v1/items/dc6fd2caba6e4779ba8c6886502b1f58/csv?layers=5,2026-05-15,,2026-05-20,open-data-ni,8549022f-fa16-43e4-a56f-6a45ca875199,500,SERVER_ERROR,HTTP 500,,,,,true,2026-09-02T13:56:53+00:00
https://www.data.gov.uk/dataset/3ecff269-3291-415c-8f81-a1d29e981616/major-airport-lden1,3ecff269-3291-415c-8f81-a1d29e981616,major-airport-lden1,2025-09-09,2026-05-20,3ecff269-3291-415c-8f81-a1d29e981616,9df1484c-cae6-4c69-bab6-3b35184be5cc,https://opendata-daerani.hub.arcgis.com/api/download/v1/items/dc6fd2caba6e4779ba8c6886502b1f58/shapefile?layers=5,2026-05-15,,2026-05-20,open-data-ni,8549022f-fa16-43e4-a56f-6a45ca875199,500,SERVER_ERROR,HTTP 500,,,,,true,2026-09-02T13:56:50+00:00
https://www.data.gov.uk/dataset/3ecff269-3291-415c-8f81-a1d29e981616/major-airport-lden1,3ecff269-3291-415c-8f81-a1d29e981616,major-airport-lden1,2025-09-09,2026-05-20,3ecff269-3291-415c-8f81-a1d29e981616,c1b904d0-0b28-4c8c-a904-b89494443527,https://opendata-daerani.hub.arcgis.com/api/download/v1/items/dc6fd2caba6e4779ba8c6886502b1f58/geojson?layers=5,2026-05-15,,2026-05-20,open-data-ni,8549022f-fa16-43e4-a56f-6a45ca875199,500,SERVER_ERROR,HTTP 500,,,,,true,2026-09-02T13:56:48+00:00
https://www.data.gov.uk/dataset/ad428d72-2635-41e0-8e42-873f682e1fd6/leeds-conservation-areas,ad428d72-2635-41e0-8e42-873f682e1fd6,leeds-conservation-areas,2020-11-04,2021-08-04,9b89e327-7fb8-488d-9d8f-55b42057f8c6,436e3c8e-cd0e-4cc3-8405-2e41ac9216e9,https://datamillnorth.org/download/leeds-conservation-areas/0a053f2d-5ea3-4b96-95aa-43c33df5e7e8/Incoming%2520Data.zip,2021-03-26,,2021-03-26,leeds-city-council,ff9ae832-4e57-4364-b23b-bc058f4bbc98,404,NOT_FOUND,HTTP 404,,,,,true,2026-09-02T14:55:20+00:00
https://www.data.gov.uk/dataset/a988974d-9107-453c-937d-462cb1903455/fixed-penalty-notices-fpn,a988974d-9107-453c-937d-462cb1903455,fixed-penalty-notices-fpn,2018-11-07,2021-08-04,d3d541fe-455d-4798-bb26-19352331c297,e2c4f0c2-1389-4e04-b02a-e466e4900fbc,https://datamillnorth.org/download/fixed-penalty-notices/33533b38-78e0-4aab-ab7f-371d17a06c35/FPN.csv,2018-11-24,,2018-11-24,leeds-city-council,ff9ae832-4e57-4364-b23b-bc058f4bbc98,404,NOT_FOUND,HTTP 404,,,,,true,2026-09-02T14:55:23+00:00
https://www.data.gov.uk/dataset/4350716c-5d93-4a0c-b870-f7756b9416a4/agglomeration-airport-leve,4350716c-5d93-4a0c-b870-f7756b9416a4,agglomeration-airport-leve,2025-09-09,2026-05-20,4350716c-5d93-4a0c-b870-f7756b9416a4,19ce68a6-4c36-4c33-b581-6c6923408f65,https://opendata-daerani.hub.arcgis.com/api/download/v1/items/83aa9ed65b38433d901d99051e358162/kml?layers=10,2026-05-15,,2026-05-20,open-data-ni,8549022f-fa16-43e4-a56f-6a45ca875199,500,SERVER_ERROR,HTTP 500,,,,,true,2026-09-02T14:57:32+00:00
https://www.data.gov.uk/dataset/4350716c-5d93-4a0c-b870-f7756b9416a4/agglomeration-airport-leve,4350716c-5d93-4a0c-b870-f7756b9416a4,agglomeration-airport-leve,2025-09-09,2026-05-20,4350716c-5d93-4a0c-b870-f7756b9416a4,5816ad8e-2cb1-47a0-949f-ea940c7e7d30,https://opendata-daerani.hub.arcgis.com/api/download/v1/items/83aa9ed65b38433d901d99051e358162/geojson?layers=10,2026-05-15,,2026-05-20,open-data-ni,8549022f-fa16-43e4-a56f-6a45ca875199,500,SERVER_ERROR,HTTP 500,,,,,true,2026-09-02T14:57:35+00:00
https://www.data.gov.uk/dataset/4350716c-5d93-4a0c-b870-f7756b9416a4/agglomeration-airport-leve,4350716c-5d93-4a0c-b870-f7756b9416a4,agglomeration-airport-leve,2025-09-09,2026-05-20,4350716c-5d93-4a0c-b870-f7756b9416a4,64936387-4957-4695-89f0-daf20186b167,https://opendata-daerani.hub.arcgis.com/api/download/v1/items/83aa9ed65b38433d901d99051e358162/csv?layers=10,2026-05-15,,2026-05-20,open-data-ni,8549022f-fa16-43e4-a56f-6a45ca875199,500,SERVER_ERROR,HTTP 500,,,,,true,2026-09-02T14:57:42+00:00
https://www.data.gov.uk/dataset/4350716c-5d93-4a0c-b870-f7756b9416a4/agglomeration-airport-leve,4350716c-5d93-4a0c-b870-f7756b9416a4,agglomeration-airport-leve,2025-09-09,2026-05-20,4350716c-5d93-4a0c-b870-f7756b9416a4,d818ca08-42a0-47e3-a68e-db4e02b996ca,https://opendata-daerani.hub.arcgis.com/api/download/v1/items/83aa9ed65b38433d901d99051e358162/shapefile?layers=10,2026-05-15,,2026-05-20,open-data-ni,8549022f-fa16-43e4-a56f-6a45ca875199,500,SERVER_ERROR,HTTP 500,,,,,true,2026-09-02T14:57:43+00:00
https://www.data.gov.uk/dataset/4944dede-62e4-450a-85b5-781c0b847a07/major-railway-leve1,4944dede-62e4-450a-85b5-781c0b847a07,major-railway-leve1,2025-09-09,2026-05-20,4944dede-62e4-450a-85b5-781c0b847a07,211b0a8c-87fa-40eb-8338-8b4b91cf4c2a,https://opendata-daerani.hub.arcgis.com/api/download/v1/items/3e642597bcbc409ba171e95c1421b78d/geojson?layers=6,2026-05-15,,2026-05-20,open-data-ni,8549022f-fa16-43e4-a56f-6a45ca875199,500,SERVER_ERROR,HTTP 500,,,,,true,2026-09-02T13:35:26+00:00
https://www.data.gov.uk/dataset/4944dede-62e4-450a-85b5-781c0b847a07/major-railway-leve1,4944dede-62e4-450a-85b5-781c0b847a07,major-railway-leve1,2025-09-09,2026-05-20,4944dede-62e4-450a-85b5-781c0b847a07,de80725b-70c5-4329-a8cb-b58b7326a4de,https://opendata-daerani.hub.arcgis.com/api/download/v1/items/3e642597bcbc409ba171e95c1421b78d/csv?layers=6,2026-05-15,,2026-05-20,open-data-ni,8549022f-fa16-43e4-a56f-6a45ca875199,500,SERVER_ERROR,HTTP 500,,,,,true,2026-09-02T13:35:39+00:00
https://www.data.gov.uk/dataset/4944dede-62e4-450a-85b5-781c0b847a07/major-railway-leve1,4944dede-62e4-450a-85b5-781c0b847a07,major-railway-leve1,2025-09-09,2026-05-20,4944dede-62e4-450a-85b5-781c0b847a07,cb5da572-0d30-4f5d-9b00-6533bc052887,https://opendata-daerani.hub.arcgis.com/api/download/v1/items/3e642597bcbc409ba171e95c1421b78d/kml?layers=6,2026-05-15,,2026-05-20,open-data-ni,8549022f-fa16-43e4-a56f-6a45ca875199,500,SERVER_ERROR,HTTP 500,,,,,true,2026-09-02T13:35:34+00:00
https://www.data.gov.uk/dataset/4944dede-62e4-450a-85b5-781c0b847a07/major-railway-leve1,4944dede-62e4-450a-85b5-781c0b847a07,major-railway-leve1,2025-09-09,2026-05-20,4944dede-62e4-450a-85b5-781c0b847a07,f0af726a-dbdf-4bff-85f3-29c00b88bf99,https://opendata-daerani.hub.arcgis.com/api/download/v1/items/3e642597bcbc409ba171e95c1421b78d/shapefile?layers=6,2026-05-15,,2026-05-20,open-data-ni,8549022f-fa16-43e4-a56f-6a45ca875199,500,SERVER_ERROR,HTTP 500,,,,,true,2026-09-02T13:35:30+00:00
https://www.data.gov.uk/dataset/de4c4b42-aaee-4fdf-895c-d28633c60a06/online-payments,de4c4b42-aaee-4fdf-895c-d28633c60a06,online-payments,2018-11-07,2021-08-04,01c76c43-115a-4d40-9ab1-8d2d8819e886,788b563f-63f7-4b20-804e-eb2d4739e7a7,https://datamillnorth.org/download/online-payments/6f30a681-980a-4e62-87e8-ad5be6fa3820/2018-2019%2520Payment%2520Details.csv,2018-11-24,,2018-11-24,leeds-city-council,ff9ae832-4e57-4364-b23b-bc058f4bbc98,404,NOT_FOUND,HTTP 404,,,,,true,2026-09-02T15:00:32+00:00
https://www.data.gov.uk/dataset/53592eba-9237-4e46-b5bd-801d34fce3c5/icp-forests-level-ii-uk-data1,53592eba-9237-4e46-b5bd-801d34fce3c5,icp-forests-level-ii-uk-data1,2025-12-18,2026-01-13,911c42ed-afd0-429f-9f89-fee26ad1da1f,8d980b2a-4dc0-4476-80da-d5478d38ec46,https://environment.data.gov.uk/api/file/download?fileDataSetId=639425de-a896-4d1c-b993-1c3355ebf0dc&fileName=ICP Expansion Plots Evidence Pack 2022-2023.zip,2026-01-13,,2026-01-13,forestry-commission,3c36a994-e314-4530-8598-fead586e44cc,404,NOT_FOUND,HTTP 404,,,,,true,2026-09-02T15:02:16+00:00
https://www.data.gov.uk/dataset/54df3fda-bcba-4b6a-a62f-b6bad2f9b2c1/consolidated-lday,54df3fda-bcba-4b6a-a62f-b6bad2f9b2c1,consolidated-lday,2025-09-09,2026-05-20,54df3fda-bcba-4b6a-a62f-b6bad2f9b2c1,84894c01-31d9-412a-a8e6-bc1600a1769e,https://opendata-daerani.hub.arcgis.com/api/download/v1/items/b6628b1d592c4c4a979a9bf70a1f3cd6/csv?layers=3,2026-05-15,,2026-05-20,open-data-ni,8549022f-fa16-43e4-a56f-6a45ca875199,500,SERVER_ERROR,HTTP 500,,,,,true,2026-09-02T15:04:54+00:00
https://www.data.gov.uk/dataset/54df3fda-bcba-4b6a-a62f-b6bad2f9b2c1/consolidated-lday,54df3fda-bcba-4b6a-a62f-b6bad2f9b2c1,consolidated-lday,2025-09-09,2026-05-20,54df3fda-bcba-4b6a-a62f-b6bad2f9b2c1,84cbae54-3b43-44bc-9b42-3ffed9756b36,https://opendata-daerani.hub.arcgis.com/api/download/v1/items/b6628b1d592c4c4a979a9bf70a1f3cd6/kml?layers=3,2026-05-15,,2026-05-20,open-data-ni,8549022f-fa16-43e4-a56f-6a45ca875199,500,SERVER_ERROR,HTTP 500,,,,,true,2026-09-02T15:04:55+00:00
https://www.data.gov.uk/dataset/54df3fda-bcba-4b6a-a62f-b6bad2f9b2c1/consolidated-lday,54df3fda-bcba-4b6a-a62f-b6bad2f9b2c1,consolidated-lday,2025-09-09,2026-05-20,54df3fda-bcba-4b6a-a62f-b6bad2f9b2c1,f8cc84c5-697e-4169-a872-1571416ac96c,https://opendata-daerani.hub.arcgis.com/api/download/v1/items/b6628b1d592c4c4a979a9bf70a1f3cd6/shapefile?layers=3,2026-05-15,,2026-05-20,open-data-ni,8549022f-fa16-43e4-a56f-6a45ca875199,500,SERVER_ERROR,HTTP 500,,,,,true,2026-09-02T15:04:56+00:00
https://www.data.gov.uk/dataset/54df3fda-bcba-4b6a-a62f-b6bad2f9b2c1/consolidated-lday,54df3fda-bcba-4b6a-a62f-b6bad2f9b2c1,consolidated-lday,2025-09-09,2026-05-20,54df3fda-bcba-4b6a-a62f-b6bad2f9b2c1,fd737d75-1510-4ec4-ad43-5e42378fc2b4,https://opendata-daerani.hub.arcgis.com/api/download/v1/items/b6628b1d592c4c4a979a9bf70a1f3cd6/geojson?layers=3,2026-05-15,,2026-05-20,open-data-ni,8549022f-fa16-43e4-a56f-6a45ca875199,500,SERVER_ERROR,HTTP 500,,,,,true,2026-09-02T15:04:56+00:00
https://www.data.gov.uk/dataset/f367f7c9-52b3-4845-a22e-9410317b8442/tree-preservation-orders108,f367f7c9-52b3-4845-a22e-9410317b8442,tree-preservation-orders108,2019-10-18,2021-08-04,897633bb-29fb-4026-b561-bc9a977a8ea3,7588505e-7b2c-4dd7-a752-8fbbb5a33d7a,https://datamillnorth.org/download/tree-preservation-orders/b1770918-beed-420e-b010-9fa0c4776556/TPO%20details.csv,2019-10-18,,2019-10-18,leeds-city-council,ff9ae832-4e57-4364-b23b-bc058f4bbc98,404,NOT_FOUND,HTTP 404,,,,,true,2026-09-02T15:05:00+00:00
https://www.data.gov.uk/dataset/f367f7c9-52b3-4845-a22e-9410317b8442/tree-preservation-orders108,f367f7c9-52b3-4845-a22e-9410317b8442,tree-preservation-orders108,2019-10-18,2021-08-04,897633bb-29fb-4026-b561-bc9a977a8ea3,403ccb0e-1fba-4126-ab4c-ad00f272472b,https://datamillnorth.org/download/tree-preservation-orders/3aec49fb-5fda-4cb5-ad7a-69aa4184f002/TPOs.csv,2019-10-18,,2019-10-18,leeds-city-council,ff9ae832-4e57-4364-b23b-bc058f4bbc98,404,NOT_FOUND,HTTP 404,,,,,true,2026-09-02T15:05:05+00:00
https://www.data.gov.uk/dataset/57a26034-569b-4f4b-ae0a-89049c6aa65e/major-railway-lday1,57a26034-569b-4f4b-ae0a-89049c6aa65e,major-railway-lday1,2025-09-09,2026-05-20,57a26034-569b-4f4b-ae0a-89049c6aa65e,189622ec-56a5-4943-9af9-46c28bf35884,https://opendata-daerani.hub.arcgis.com/api/download/v1/items/3e642597bcbc409ba171e95c1421b78d/shapefile?layers=5,2026-05-15,,2026-05-20,open-data-ni,8549022f-fa16-43e4-a56f-6a45ca875199,500,SERVER_ERROR,HTTP 500,,,,,true,2026-09-02T14:33:42+00:00
https://www.data.gov.uk/dataset/57a26034-569b-4f4b-ae0a-89049c6aa65e/major-railway-lday1,57a26034-569b-4f4b-ae0a-89049c6aa65e,major-railway-lday1,2025-09-09,2026-05-20,57a26034-569b-4f4b-ae0a-89049c6aa65e,4fb04217-2a11-47ab-9bf1-64ee6e802039,https://opendata-daerani.hub.arcgis.com/api/download/v1/items/3e642597bcbc409ba171e95c1421b78d/geojson?layers=5,2026-05-15,,2026-05-20,open-data-ni,8549022f-fa16-43e4-a56f-6a45ca875199,500,SERVER_ERROR,HTTP 500,,,,,true,2026-09-02T14:33:39+00:00
https://www.data.gov.uk/dataset/57a26034-569b-4f4b-ae0a-89049c6aa65e/major-railway-lday1,57a26034-569b-4f4b-ae0a-89049c6aa65e,major-railway-lday1,2025-09-09,2026-05-20,57a26034-569b-4f4b-ae0a-89049c6aa65e,ccc39290-b59e-492c-ae61-6dff4e0f5148,https://opendata-daerani.hub.arcgis.com/api/download/v1/items/3e642597bcbc409ba171e95c1421b78d/csv?layers=5,2026-05-15,,2026-05-20,open-data-ni,8549022f-fa16-43e4-a56f-6a45ca875199,500,SERVER_ERROR,HTTP 500,,,,,true,2026-09-02T14:33:40+00:00
https://www.data.gov.uk/dataset/57a26034-569b-4f4b-ae0a-89049c6aa65e/major-railway-lday1,57a26034-569b-4f4b-ae0a-89049c6aa65e,major-railway-lday1,2025-09-09,2026-05-20,57a26034-569b-4f4b-ae0a-89049c6aa65e,d69aef34-9a7e-450b-8fdb-f97d8d5bd7ac,https://opendata-daerani.hub.arcgis.com/api/download/v1/items/3e642597bcbc409ba171e95c1421b78d/kml?layers=5,2026-05-15,,2026-05-20,open-data-ni,8549022f-fa16-43e4-a56f-6a45ca875199,500,SERVER_ERROR,HTTP 500,,,,,true,2026-09-02T14:33:49+00:00
https://www.data.gov.uk/dataset/5f23bd96-3271-4ae2-afe6-33296956f405/agglomeration-airport-laeq-16h1,5f23bd96-3271-4ae2-afe6-33296956f405,agglomeration-airport-laeq-16h1,2025-09-09,2026-05-20,5f23bd96-3271-4ae2-afe6-33296956f405,046518b6-192c-4ed4-902b-f69683f75502,https://opendata-daerani.hub.arcgis.com/api/download/v1/items/83aa9ed65b38433d901d99051e358162/geojson?layers=7,2026-05-15,,2026-05-20,open-data-ni,8549022f-fa16-43e4-a56f-6a45ca875199,500,SERVER_ERROR,HTTP 500,,,,,true,2026-09-02T15:07:43+00:00
https://www.data.gov.uk/dataset/5f23bd96-3271-4ae2-afe6-33296956f405/agglomeration-airport-laeq-16h1,5f23bd96-3271-4ae2-afe6-33296956f405,agglomeration-airport-laeq-16h1,2025-09-09,2026-05-20,5f23bd96-3271-4ae2-afe6-33296956f405,5f695b50-9b57-4ac2-8316-6f254dc68b3d,https://opendata-daerani.hub.arcgis.com/api/download/v1/items/83aa9ed65b38433d901d99051e358162/csv?layers=7,2026-05-15,,2026-05-20,open-data-ni,8549022f-fa16-43e4-a56f-6a45ca875199,500,SERVER_ERROR,HTTP 500,,,,,true,2026-09-02T15:07:30+00:00
https://www.data.gov.uk/dataset/5f23bd96-3271-4ae2-afe6-33296956f405/agglomeration-airport-laeq-16h1,5f23bd96-3271-4ae2-afe6-33296956f405,agglomeration-airport-laeq-16h1,2025-09-09,2026-05-20,5f23bd96-3271-4ae2-afe6-33296956f405,1071374d-6584-46b0-8345-b8d4dc8506a9,https://opendata-daerani.hub.arcgis.com/api/download/v1/items/83aa9ed65b38433d901d99051e358162/shapefile?layers=7,2026-05-15,,2026-05-20,open-data-ni,8549022f-fa16-43e4-a56f-6a45ca875199,500,SERVER_ERROR,HTTP 500,,,,,true,2026-09-02T15:07:32+00:00
https://www.data.gov.uk/dataset/5f23bd96-3271-4ae2-afe6-33296956f405/agglomeration-airport-laeq-16h1,5f23bd96-3271-4ae2-afe6-33296956f405,agglomeration-airport-laeq-16h1,2025-09-09,2026-05-20,5f23bd96-3271-4ae2-afe6-33296956f405,2b8dedc1-d6ce-4c7b-8684-a2f0a4e8117e,https://opendata-daerani.hub.arcgis.com/api/download/v1/items/83aa9ed65b38433d901d99051e358162/kml?layers=7,2026-05-15,,2026-05-20,open-data-ni,8549022f-fa16-43e4-a56f-6a45ca875199,500,SERVER_ERROR,HTTP 500,,,,,true,2026-09-02T15:07:30+00:00
https://www.data.gov.uk/dataset/6d17f00e-bd45-4d39-a67b-31066e5d4e46/gis-3rd-party,6d17f00e-bd45-4d39-a67b-31066e5d4e46,gis-3rd-party,2018-04-26,2020-01-30,6d17f00e-bd45-4d39-a67b-31066e5d4e46,5fdcb371-ab89-4663-8dab-c4591b204649,http://environment.data.gov.uk/index.html,2017-11-15,,2017-11-15,city-of-york-council,21f3491f-5b0f-4395-8bb9-990f9cc4d274,404,NOT_FOUND,HTTP 404,,,,,true,2026-09-02T15:12:02+00:00
https://www.data.gov.uk/dataset/658f92b1-83ef-4b78-bd22-0d92ae62968f/major-railway-laeq-16h1,658f92b1-83ef-4b78-bd22-0d92ae62968f,major-railway-laeq-16h1,2025-09-09,2026-05-20,658f92b1-83ef-4b78-bd22-0d92ae62968f,48ea983a-8ba5-4d2f-acb9-bb77ea216779,https://opendata-daerani.hub.arcgis.com/api/download/v1/items/3e642597bcbc409ba171e95c1421b78d/kml?layers=2,2026-05-15,,2026-05-20,open-data-ni,8549022f-fa16-43e4-a56f-6a45ca875199,500,SERVER_ERROR,HTTP 500,,,,,true,2026-09-02T15:05:29+00:00
https://www.data.gov.uk/dataset/658f92b1-83ef-4b78-bd22-0d92ae62968f/major-railway-laeq-16h1,658f92b1-83ef-4b78-bd22-0d92ae62968f,major-railway-laeq-16h1,2025-09-09,2026-05-20,658f92b1-83ef-4b78-bd22-0d92ae62968f,65ef6a0a-9fe9-4a04-af6a-a921e097f5ab,https://opendata-daerani.hub.arcgis.com/api/download/v1/items/3e642597bcbc409ba171e95c1421b78d/geojson?layers=2,2026-05-15,,2026-05-20,open-data-ni,8549022f-fa16-43e4-a56f-6a45ca875199,500,SERVER_ERROR,HTTP 500,,,,,true,2026-09-02T15:05:28+00:00
https://www.data.gov.uk/dataset/658f92b1-83ef-4b78-bd22-0d92ae62968f/major-railway-laeq-16h1,658f92b1-83ef-4b78-bd22-0d92ae62968f,major-railway-laeq-16h1,2025-09-09,2026-05-20,658f92b1-83ef-4b78-bd22-0d92ae62968f,898cd576-36f1-4a67-be29-c32181762ec9,https://opendata-daerani.hub.arcgis.com/api/download/v1/items/3e642597bcbc409ba171e95c1421b78d/csv?layers=2,2026-05-15,,2026-05-20,open-data-ni,8549022f-fa16-43e4-a56f-6a45ca875199,500,SERVER_ERROR,HTTP 500,,,,,true,2026-09-02T15:05:36+00:00
https://www.data.gov.uk/dataset/658f92b1-83ef-4b78-bd22-0d92ae62968f/major-railway-laeq-16h1,658f92b1-83ef-4b78-bd22-0d92ae62968f,major-railway-laeq-16h1,2025-09-09,2026-05-20,658f92b1-83ef-4b78-bd22-0d92ae62968f,74af3e00-1b72-4929-bf2b-2fadbd042136,https://opendata-daerani.hub.arcgis.com/api/download/v1/items/3e642597bcbc409ba171e95c1421b78d/shapefile?layers=2,2026-05-15,,2026-05-20,open-data-ni,8549022f-fa16-43e4-a56f-6a45ca875199,500,SERVER_ERROR,HTTP 500,,,,,true,2026-09-02T15:05:29+00:00
https://www.data.gov.uk/dataset/69ad8b7f-b9a4-436c-a44e-1ac00b1b5e78/industry-lday,69ad8b7f-b9a4-436c-a44e-1ac00b1b5e78,industry-lday,2025-09-09,2026-05-20,69ad8b7f-b9a4-436c-a44e-1ac00b1b5e78,32f5524c-8a6c-41d9-9c4d-2f9e879db366,https://opendata-daerani.hub.arcgis.com/api/download/v1/items/2675e58bc9d4468ead021ccb97f86cf7/kml?layers=3,2026-05-15,,2026-05-20,open-data-ni,8549022f-fa16-43e4-a56f-6a45ca875199,500,SERVER_ERROR,HTTP 500,,,,,true,2026-09-02T15:31:51+00:00
https://www.data.gov.uk/dataset/69ad8b7f-b9a4-436c-a44e-1ac00b1b5e78/industry-lday,69ad8b7f-b9a4-436c-a44e-1ac00b1b5e78,industry-lday,2025-09-09,2026-05-20,69ad8b7f-b9a4-436c-a44e-1ac00b1b5e78,d79bbdb3-e74f-46ad-8e59-76184083d58c,https://opendata-daerani.hub.arcgis.com/api/download/v1/items/2675e58bc9d4468ead021ccb97f86cf7/shapefile?layers=3,2026-05-15,,2026-05-20,open-data-ni,8549022f-fa16-43e4-a56f-6a45ca875199,500,SERVER_ERROR,HTTP 500,,,,,true,2026-09-02T15:31:54+00:00
https://www.data.gov.uk/dataset/69ad8b7f-b9a4-436c-a44e-1ac00b1b5e78/industry-lday,69ad8b7f-b9a4-436c-a44e-1ac00b1b5e78,industry-lday,2025-09-09,2026-05-20,69ad8b7f-b9a4-436c-a44e-1ac00b1b5e78,c9947a41-3801-4eb0-80e0-9c7b48dad745,https://opendata-daerani.hub.arcgis.com/api/download/v1/items/2675e58bc9d4468ead021ccb97f86cf7/csv?layers=3,2026-05-15,,2026-05-20,open-data-ni,8549022f-fa16-43e4-a56f-6a45ca875199,500,SERVER_ERROR,HTTP 500,,,,,true,2026-09-02T15:31:52+00:00
https://www.data.gov.uk/dataset/69ad8b7f-b9a4-436c-a44e-1ac00b1b5e78/industry-lday,69ad8b7f-b9a4-436c-a44e-1ac00b1b5e78,industry-lday,2025-09-09,2026-05-20,69ad8b7f-b9a4-436c-a44e-1ac00b1b5e78,088ac926-d311-46e4-9989-7db8f3d0aff1,https://opendata-daerani.hub.arcgis.com/api/download/v1/items/2675e58bc9d4468ead021ccb97f86cf7/geojson?layers=3,2026-05-15,,2026-05-20,open-data-ni,8549022f-fa16-43e4-a56f-6a45ca875199,500,SERVER_ERROR,HTTP 500,,,,,true,2026-09-02T15:31:52+00:00
https://www.data.gov.uk/dataset/6f0cd74e-69b0-44dc-baa8-916dcc4085f6/agglomeration-airport-lden,6f0cd74e-69b0-44dc-baa8-916dcc4085f6,agglomeration-airport-lden,2025-09-09,2026-05-20,6f0cd74e-69b0-44dc-baa8-916dcc4085f6,0f64a6be-c987-4490-8975-3ade4da3413e,https://opendata-daerani.hub.arcgis.com/api/download/v1/items/83aa9ed65b38433d901d99051e358162/kml?layers=8,2026-05-15,,2026-05-20,open-data-ni,8549022f-fa16-43e4-a56f-6a45ca875199,500,SERVER_ERROR,HTTP 500,,,,,true,2026-09-02T15:32:37+00:00
https://www.data.gov.uk/dataset/6f0cd74e-69b0-44dc-baa8-916dcc4085f6/agglomeration-airport-lden,6f0cd74e-69b0-44dc-baa8-916dcc4085f6,agglomeration-airport-lden,2025-09-09,2026-05-20,6f0cd74e-69b0-44dc-baa8-916dcc4085f6,25952d2c-af3e-47b9-9e82-a8dc37a630e0,https://opendata-daerani.hub.arcgis.com/api/download/v1/items/83aa9ed65b38433d901d99051e358162/csv?layers=8,2026-05-15,,2026-05-20,open-data-ni,8549022f-fa16-43e4-a56f-6a45ca875199,500,SERVER_ERROR,HTTP 500,,,,,true,2026-09-02T15:32:40+00:00
https://www.data.gov.uk/dataset/6f0cd74e-69b0-44dc-baa8-916dcc4085f6/agglomeration-airport-lden,6f0cd74e-69b0-44dc-baa8-916dcc4085f6,agglomeration-airport-lden,2025-09-09,2026-05-20,6f0cd74e-69b0-44dc-baa8-916dcc4085f6,b56d32eb-52af-48f0-a017-277123e0dcc5,https://opendata-daerani.hub.arcgis.com/api/download/v1/items/83aa9ed65b38433d901d99051e358162/shapefile?layers=8,2026-05-15,,2026-05-20,open-data-ni,8549022f-fa16-43e4-a56f-6a45ca875199,500,SERVER_ERROR,HTTP 500,,,,,true,2026-09-02T15:32:51+00:00
https://www.data.gov.uk/dataset/6f0cd74e-69b0-44dc-baa8-916dcc4085f6/agglomeration-airport-lden,6f0cd74e-69b0-44dc-baa8-916dcc4085f6,agglomeration-airport-lden,2025-09-09,2026-05-20,6f0cd74e-69b0-44dc-baa8-916dcc4085f6,fa985719-ca22-4dd8-99f7-e926e8849b2a,https://opendata-daerani.hub.arcgis.com/api/download/v1/items/83aa9ed65b38433d901d99051e358162/geojson?layers=8,2026-05-15,,2026-05-20,open-data-ni,8549022f-fa16-43e4-a56f-6a45ca875199,500,SERVER_ERROR,HTTP 500,,,,,true,2026-09-02T15:32:50+00:00
https://www.data.gov.uk/dataset/75aa7663-d92c-4fba-8182-e7724fba207a/industry-leve,75aa7663-d92c-4fba-8182-e7724fba207a,industry-leve,2025-09-09,2026-05-20,75aa7663-d92c-4fba-8182-e7724fba207a,95ab229a-1fd4-42a1-a9d9-708476631a94,https://opendata-daerani.hub.arcgis.com/api/download/v1/items/2675e58bc9d4468ead021ccb97f86cf7/geojson?layers=4,2026-05-15,,2026-05-20,open-data-ni,8549022f-fa16-43e4-a56f-6a45ca875199,500,SERVER_ERROR,HTTP 500,,,,,true,2026-09-02T15:34:13+00:00
https://www.data.gov.uk/dataset/75aa7663-d92c-4fba-8182-e7724fba207a/industry-leve,75aa7663-d92c-4fba-8182-e7724fba207a,industry-leve,2025-09-09,2026-05-20,75aa7663-d92c-4fba-8182-e7724fba207a,db0da296-b3e2-4d31-b45e-2f5a79d51e8f,https://opendata-daerani.hub.arcgis.com/api/download/v1/items/2675e58bc9d4468ead021ccb97f86cf7/csv?layers=4,2026-05-15,,2026-05-20,open-data-ni,8549022f-fa16-43e4-a56f-6a45ca875199,500,SERVER_ERROR,HTTP 500,,,,,true,2026-09-02T15:34:12+00:00
https://www.data.gov.uk/dataset/75aa7663-d92c-4fba-8182-e7724fba207a/industry-leve,75aa7663-d92c-4fba-8182-e7724fba207a,industry-leve,2025-09-09,2026-05-20,75aa7663-d92c-4fba-8182-e7724fba207a,0999f488-becc-4dd8-aaa8-9e175ca7d036,https://opendata-daerani.hub.arcgis.com/api/download/v1/items/2675e58bc9d4468ead021ccb97f86cf7/shapefile?layers=4,2026-05-15,,2026-05-20,open-data-ni,8549022f-fa16-43e4-a56f-6a45ca875199,500,SERVER_ERROR,HTTP 500,,,,,true,2026-09-02T15:34:11+00:00
https://www.data.gov.uk/dataset/75aa7663-d92c-4fba-8182-e7724fba207a/industry-leve,75aa7663-d92c-4fba-8182-e7724fba207a,industry-leve,2025-09-09,2026-05-20,75aa7663-d92c-4fba-8182-e7724fba207a,de781079-0eb2-4b13-93f1-b5a7e6a2d85b,https://opendata-daerani.hub.arcgis.com/api/download/v1/items/2675e58bc9d4468ead021ccb97f86cf7/kml?layers=4,2026-05-15,,2026-05-20,open-data-ni,8549022f-fa16-43e4-a56f-6a45ca875199,500,SERVER_ERROR,HTTP 500,,,,,true,2026-09-02T15:34:13+00:00
https://www.data.gov.uk/dataset/7886e220-d331-406f-a048-30b45fc12b51/agglomeration-roads-laeq-16h1,7886e220-d331-406f-a048-30b45fc12b51,agglomeration-roads-laeq-16h1,2025-09-09,2026-05-20,7886e220-d331-406f-a048-30b45fc12b51,c2431982-fbfd-4bff-a56c-d3a4ba07cfb3,https://opendata-daerani.hub.arcgis.com/api/download/v1/items/4451d15a1f3d40819c3db4790fc291c7/csv?layers=2,2026-05-15,,2026-05-20,open-data-ni,8549022f-fa16-43e4-a56f-6a45ca875199,500,SERVER_ERROR,HTTP 500,,,,,true,2026-09-02T15:35:05+00:00
https://www.data.gov.uk/dataset/7886e220-d331-406f-a048-30b45fc12b51/agglomeration-roads-laeq-16h1,7886e220-d331-406f-a048-30b45fc12b51,agglomeration-roads-laeq-16h1,2025-09-09,2026-05-20,7886e220-d331-406f-a048-30b45fc12b51,795d6419-40fa-4bb6-ab1e-79e25c8f2c88,https://opendata-daerani.hub.arcgis.com/api/download/v1/items/4451d15a1f3d40819c3db4790fc291c7/kml?layers=2,2026-05-15,,2026-05-20,open-data-ni,8549022f-fa16-43e4-a56f-6a45ca875199,500,SERVER_ERROR,HTTP 500,,,,,true,2026-09-02T15:35:04+00:00
https://www.data.gov.uk/dataset/7886e220-d331-406f-a048-30b45fc12b51/agglomeration-roads-laeq-16h1,7886e220-d331-406f-a048-30b45fc12b51,agglomeration-roads-laeq-16h1,2025-09-09,2026-05-20,7886e220-d331-406f-a048-30b45fc12b51,e72cbd19-405f-40be-abda-762707b3b1af,https://opendata-daerani.hub.arcgis.com/api/download/v1/items/4451d15a1f3d40819c3db4790fc291c7/shapefile?layers=2,2026-05-15,,2026-05-20,open-data-ni,8549022f-fa16-43e4-a56f-6a45ca875199,500,SERVER_ERROR,HTTP 500,,,,,true,2026-09-02T15:35:08+00:00
https://www.data.gov.uk/dataset/7886e220-d331-406f-a048-30b45fc12b51/agglomeration-roads-laeq-16h1,7886e220-d331-406f-a048-30b45fc12b51,agglomeration-roads-laeq-16h1,2025-09-09,2026-05-20,7886e220-d331-406f-a048-30b45fc12b51,d24c9063-1a62-4714-b228-c24f6a033155,https://opendata-daerani.hub.arcgis.com/api/download/v1/items/4451d15a1f3d40819c3db4790fc291c7/geojson?layers=2,2026-05-15,,2026-05-20,open-data-ni,8549022f-fa16-43e4-a56f-6a45ca875199,500,SERVER_ERROR,HTTP 500,,,,,true,2026-09-02T15:35:05+00:00
https://www.data.gov.uk/dataset/7b86ad8e-e2ef-4ded-baea-46f07ce899bd/agglomeration-railway-lden,7b86ad8e-e2ef-4ded-baea-46f07ce899bd,agglomeration-railway-lden,2025-09-09,2026-05-20,7b86ad8e-e2ef-4ded-baea-46f07ce899bd,420a0ef6-f1da-45bb-9532-bb6d5ec7886e,https://opendata-daerani.hub.arcgis.com/api/download/v1/items/d151d086a9c34e29a27936e672cbcef9/csv?layers=0,2026-05-15,,2026-05-20,open-data-ni,8549022f-fa16-43e4-a56f-6a45ca875199,500,SERVER_ERROR,HTTP 500,,,,,true,2026-09-02T15:35:53+00:00
https://www.data.gov.uk/dataset/7b86ad8e-e2ef-4ded-baea-46f07ce899bd/agglomeration-railway-lden,7b86ad8e-e2ef-4ded-baea-46f07ce899bd,agglomeration-railway-lden,2025-09-09,2026-05-20,7b86ad8e-e2ef-4ded-baea-46f07ce899bd,26a05eaa-7cfa-4620-888d-19b88266397b,https://opendata-daerani.hub.arcgis.com/api/download/v1/items/d151d086a9c34e29a27936e672cbcef9/kml?layers=0,2026-05-15,,2026-05-20,open-data-ni,8549022f-fa16-43e4-a56f-6a45ca875199,500,SERVER_ERROR,HTTP 500,,,,,true,2026-09-02T15:35:55+00:00
https://www.data.gov.uk/dataset/7b86ad8e-e2ef-4ded-baea-46f07ce899bd/agglomeration-railway-lden,7b86ad8e-e2ef-4ded-baea-46f07ce899bd,agglomeration-railway-lden,2025-09-09,2026-05-20,7b86ad8e-e2ef-4ded-baea-46f07ce899bd,775bca9b-a05c-4fb8-a33b-25830b041ecc,https://opendata-daerani.hub.arcgis.com/api/download/v1/items/d151d086a9c34e29a27936e672cbcef9/geojson?layers=0,2026-05-15,,2026-05-20,open-data-ni,8549022f-fa16-43e4-a56f-6a45ca875199,500,SERVER_ERROR,HTTP 500,,,,,true,2026-09-02T15:35:55+00:00
https://www.data.gov.uk/dataset/7b86ad8e-e2ef-4ded-baea-46f07ce899bd/agglomeration-railway-lden,7b86ad8e-e2ef-4ded-baea-46f07ce899bd,agglomeration-railway-lden,2025-09-09,2026-05-20,7b86ad8e-e2ef-4ded-baea-46f07ce899bd,7870f9e6-f862-4199-85ff-c2fab30dd49d,https://opendata-daerani.hub.arcgis.com/api/download/v1/items/d151d086a9c34e29a27936e672cbcef9/shapefile?layers=0,2026-05-15,,2026-05-20,open-data-ni,8549022f-fa16-43e4-a56f-6a45ca875199,500,SERVER_ERROR,HTTP 500,,,,,true,2026-09-02T15:35:58+00:00
https://www.data.gov.uk/dataset/7feec044-cd54-45c0-a0a3-8dcdba187913/major-railway-laeq-18h1,7feec044-cd54-45c0-a0a3-8dcdba187913,major-railway-laeq-18h1,2025-09-09,2026-05-20,7feec044-cd54-45c0-a0a3-8dcdba187913,a2678709-95d7-44be-a704-abd1b587bd34,https://opendata-daerani.hub.arcgis.com/api/download/v1/items/3e642597bcbc409ba171e95c1421b78d/shapefile?layers=3,2026-05-15,,2026-05-20,open-data-ni,8549022f-fa16-43e4-a56f-6a45ca875199,500,SERVER_ERROR,HTTP 500,,,,,true,2026-09-02T14:27:03+00:00
https://www.data.gov.uk/dataset/7feec044-cd54-45c0-a0a3-8dcdba187913/major-railway-laeq-18h1,7feec044-cd54-45c0-a0a3-8dcdba187913,major-railway-laeq-18h1,2025-09-09,2026-05-20,7feec044-cd54-45c0-a0a3-8dcdba187913,264e46e9-907e-40f7-918b-49d97a3d12f3,https://opendata-daerani.hub.arcgis.com/api/download/v1/items/3e642597bcbc409ba171e95c1421b78d/kml?layers=3,2026-05-15,,2026-05-20,open-data-ni,8549022f-fa16-43e4-a56f-6a45ca875199,500,SERVER_ERROR,HTTP 500,,,,,true,2026-09-02T14:27:06+00:00
https://www.data.gov.uk/dataset/7feec044-cd54-45c0-a0a3-8dcdba187913/major-railway-laeq-18h1,7feec044-cd54-45c0-a0a3-8dcdba187913,major-railway-laeq-18h1,2025-09-09,2026-05-20,7feec044-cd54-45c0-a0a3-8dcdba187913,76fac2b6-0303-4435-bba9-413df3085fb4,https://opendata-daerani.hub.arcgis.com/api/download/v1/items/3e642597bcbc409ba171e95c1421b78d/geojson?layers=3,2026-05-15,,2026-05-20,open-data-ni,8549022f-fa16-43e4-a56f-6a45ca875199,500,SERVER_ERROR,HTTP 500,,,,,true,2026-09-02T14:27:06+00:00
https://www.data.gov.uk/dataset/7feec044-cd54-45c0-a0a3-8dcdba187913/major-railway-laeq-18h1,7feec044-cd54-45c0-a0a3-8dcdba187913,major-railway-laeq-18h1,2025-09-09,2026-05-20,7feec044-cd54-45c0-a0a3-8dcdba187913,d2dfd714-6128-46f3-bbfe-e031d027346f,https://opendata-daerani.hub.arcgis.com/api/download/v1/items/3e642597bcbc409ba171e95c1421b78d/csv?layers=3,2026-05-15,,2026-05-20,open-data-ni,8549022f-fa16-43e4-a56f-6a45ca875199,500,SERVER_ERROR,HTTP 500,,,,,true,2026-09-02T14:27:07+00:00
https://www.data.gov.uk/dataset/8412677c-3eac-4ff5-8f5b-656595a781ce/major-roads-leve1,8412677c-3eac-4ff5-8f5b-656595a781ce,major-roads-leve1,2025-09-09,2026-05-20,8412677c-3eac-4ff5-8f5b-656595a781ce,35307328-f03f-495e-861c-2a082ef48a71,https://opendata-daerani.hub.arcgis.com/api/download/v1/items/48506a993ec84c71a925ee5bcd5ce45d/csv?layers=4,2026-05-15,,2026-05-20,open-data-ni,8549022f-fa16-43e4-a56f-6a45ca875199,500,SERVER_ERROR,HTTP 500,,,,,true,2026-09-02T15:35:13+00:00
https://www.data.gov.uk/dataset/8412677c-3eac-4ff5-8f5b-656595a781ce/major-roads-leve1,8412677c-3eac-4ff5-8f5b-656595a781ce,major-roads-leve1,2025-09-09,2026-05-20,8412677c-3eac-4ff5-8f5b-656595a781ce,b340bcc5-76ef-4d2a-915c-773d974e6b07,https://opendata-daerani.hub.arcgis.com/api/download/v1/items/48506a993ec84c71a925ee5bcd5ce45d/shapefile?layers=4,2026-05-15,,2026-05-20,open-data-ni,8549022f-fa16-43e4-a56f-6a45ca875199,500,SERVER_ERROR,HTTP 500,,,,,true,2026-09-02T15:35:17+00:00
https://www.data.gov.uk/dataset/8412677c-3eac-4ff5-8f5b-656595a781ce/major-roads-leve1,8412677c-3eac-4ff5-8f5b-656595a781ce,major-roads-leve1,2025-09-09,2026-05-20,8412677c-3eac-4ff5-8f5b-656595a781ce,b5bea542-9d96-4f4d-8c60-cb8bf2bb5a2a,https://opendata-daerani.hub.arcgis.com/api/download/v1/items/48506a993ec84c71a925ee5bcd5ce45d/kml?layers=4,2026-05-15,,2026-05-20,open-data-ni,8549022f-fa16-43e4-a56f-6a45ca875199,500,SERVER_ERROR,HTTP 500,,,,,true,2026-09-02T15:35:17+00:00
https://www.data.gov.uk/dataset/8412677c-3eac-4ff5-8f5b-656595a781ce/major-roads-leve1,8412677c-3eac-4ff5-8f5b-656595a781ce,major-roads-leve1,2025-09-09,2026-05-20,8412677c-3eac-4ff5-8f5b-656595a781ce,f7d80685-996b-40d4-8fb3-3dea63e802c0,https://opendata-daerani.hub.arcgis.com/api/download/v1/items/48506a993ec84c71a925ee5bcd5ce45d/geojson?layers=4,2026-05-15,,2026-05-20,open-data-ni,8549022f-fa16-43e4-a56f-6a45ca875199,500,SERVER_ERROR,HTTP 500,,,,,true,2026-09-02T15:35:20+00:00
https://www.data.gov.uk/dataset/ec8608d9-e2df-4a00-bef4-d58fb88f4026/long-term-multisite-scots-pine-trial-scotland-annual-dothistroma-needle-blight-survey-2015-2025,ec8608d9-e2df-4a00-bef4-d58fb88f4026,long-term-multisite-scots-pine-trial-scotland-annual-dothistroma-needle-blight-survey-2015-2025,2026-05-14,2026-05-14,c3b45aac-a497-4e57-9ee0-8cdd8677f5de,7a93691c-613b-47de-9a57-7562e148f9dc,https://data-package.ceh.ac.uk/data/c3b45aac-a497-4e57-9ee0-8cdd8677f5de,2026-05-14,,2026-05-14,eidc,866f4088-ae4f-43b8-ba8c-6d3141a327f2,404,NOT_FOUND,HTTP 404,,,,,true,2026-09-02T15:38:45+00:00
https://www.data.gov.uk/dataset/86f71afb-9cc3-4bcd-af2e-a8715145b5e3/agglomeration-roads-leve,86f71afb-9cc3-4bcd-af2e-a8715145b5e3,agglomeration-roads-leve,2025-09-09,2026-05-20,86f71afb-9cc3-4bcd-af2e-a8715145b5e3,27bfa29e-77fd-450e-9710-cd84075563e1,https://opendata-daerani.hub.arcgis.com/api/download/v1/items/4451d15a1f3d40819c3db4790fc291c7/shapefile?layers=4,2026-05-15,,2026-05-20,open-data-ni,8549022f-fa16-43e4-a56f-6a45ca875199,500,SERVER_ERROR,HTTP 500,,,,,true,2026-09-02T15:39:04+00:00
https://www.data.gov.uk/dataset/86f71afb-9cc3-4bcd-af2e-a8715145b5e3/agglomeration-roads-leve,86f71afb-9cc3-4bcd-af2e-a8715145b5e3,agglomeration-roads-leve,2025-09-09,2026-05-20,86f71afb-9cc3-4bcd-af2e-a8715145b5e3,ec72f7c5-9981-4113-a79d-c8bce77ac746,https://opendata-daerani.hub.arcgis.com/api/download/v1/items/4451d15a1f3d40819c3db4790fc291c7/kml?layers=4,2026-05-15,,2026-05-20,open-data-ni,8549022f-fa16-43e4-a56f-6a45ca875199,500,SERVER_ERROR,HTTP 500,,,,,true,2026-09-02T15:39:03+00:00
https://www.data.gov.uk/dataset/86f71afb-9cc3-4bcd-af2e-a8715145b5e3/agglomeration-roads-leve,86f71afb-9cc3-4bcd-af2e-a8715145b5e3,agglomeration-roads-leve,2025-09-09,2026-05-20,86f71afb-9cc3-4bcd-af2e-a8715145b5e3,c896ed32-46b8-4f0f-af5d-e1bf98b759aa,https://opendata-daerani.hub.arcgis.com/api/download/v1/items/4451d15a1f3d40819c3db4790fc291c7/csv?layers=4,2026-05-15,,2026-05-20,open-data-ni,8549022f-fa16-43e4-a56f-6a45ca875199,500,SERVER_ERROR,HTTP 500,,,,,true,2026-09-02T15:39:04+00:00
https://www.data.gov.uk/dataset/86f71afb-9cc3-4bcd-af2e-a8715145b5e3/agglomeration-roads-leve,86f71afb-9cc3-4bcd-af2e-a8715145b5e3,agglomeration-roads-leve,2025-09-09,2026-05-20,86f71afb-9cc3-4bcd-af2e-a8715145b5e3,b24ff9e9-b0ff-4f71-98c2-60a0fa0db2f6,https://opendata-daerani.hub.arcgis.com/api/download/v1/items/4451d15a1f3d40819c3db4790fc291c7/geojson?layers=4,2026-05-15,,2026-05-20,open-data-ni,8549022f-fa16-43e4-a56f-6a45ca875199,500,SERVER_ERROR,HTTP 500,,,,,true,2026-09-02T15:39:04+00:00
https://www.data.gov.uk/dataset/88f4673b-f866-4088-bf67-038306b7aa2e/agglomeration-railway-laeq-06h1,88f4673b-f866-4088-bf67-038306b7aa2e,agglomeration-railway-laeq-06h1,2025-09-09,2026-05-20,88f4673b-f866-4088-bf67-038306b7aa2e,1cac9325-7d7a-4f70-a25c-f3741eddd484,https://opendata-daerani.hub.arcgis.com/api/download/v1/items/d151d086a9c34e29a27936e672cbcef9/geojson?layers=4,2026-05-15,,2026-05-20,open-data-ni,8549022f-fa16-43e4-a56f-6a45ca875199,500,SERVER_ERROR,HTTP 500,,,,,true,2026-09-02T15:31:44+00:00
https://www.data.gov.uk/dataset/88f4673b-f866-4088-bf67-038306b7aa2e/agglomeration-railway-laeq-06h1,88f4673b-f866-4088-bf67-038306b7aa2e,agglomeration-railway-laeq-06h1,2025-09-09,2026-05-20,88f4673b-f866-4088-bf67-038306b7aa2e,505b51c2-b935-4886-92bd-9574707dfe74,https://opendata-daerani.hub.arcgis.com/api/download/v1/items/d151d086a9c34e29a27936e672cbcef9/csv?layers=4,2026-05-15,,2026-05-20,open-data-ni,8549022f-fa16-43e4-a56f-6a45ca875199,500,SERVER_ERROR,HTTP 500,,,,,true,2026-09-02T15:31:43+00:00
https://www.data.gov.uk/dataset/88f4673b-f866-4088-bf67-038306b7aa2e/agglomeration-railway-laeq-06h1,88f4673b-f866-4088-bf67-038306b7aa2e,agglomeration-railway-laeq-06h1,2025-09-09,2026-05-20,88f4673b-f866-4088-bf67-038306b7aa2e,438a0731-dcd0-4090-bc97-6dd11370fd12,https://opendata-daerani.hub.arcgis.com/api/download/v1/items/d151d086a9c34e29a27936e672cbcef9/shapefile?layers=4,2026-05-15,,2026-05-20,open-data-ni,8549022f-fa16-43e4-a56f-6a45ca875199,500,SERVER_ERROR,HTTP 500,,,,,true,2026-09-02T15:31:49+00:00
https://www.data.gov.uk/dataset/88f4673b-f866-4088-bf67-038306b7aa2e/agglomeration-railway-laeq-06h1,88f4673b-f866-4088-bf67-038306b7aa2e,agglomeration-railway-laeq-06h1,2025-09-09,2026-05-20,88f4673b-f866-4088-bf67-038306b7aa2e,858ba04a-9e71-4b02-9881-11579638cb07,https://opendata-daerani.hub.arcgis.com/api/download/v1/items/d151d086a9c34e29a27936e672cbcef9/kml?layers=4,2026-05-15,,2026-05-20,open-data-ni,8549022f-fa16-43e4-a56f-6a45ca875199,500,SERVER_ERROR,HTTP 500,,,,,true,2026-09-02T15:31:45+00:00
https://www.data.gov.uk/dataset/77613f01-4277-4ed7-a9a2-720583688df0/services_producer_price_indices,77613f01-4277-4ed7-a9a2-720583688df0,services_producer_price_indices,2011-12-11,2014-11-26,,d094695b-707b-43f7-8320-70b2ac6f204a,http://www.ons.gov.uk/ons/dcp19975_241042.xml,2013-10-01,,2013-10-01,office-for-national-statistics,d5b50862-3f2a-4b7b-ad85-841b6def43be,404,NOT_FOUND,HTTP 404,,,,,true,2026-09-02T15:39:40+00:00
https://www.data.gov.uk/dataset/78b0c64a-e71d-4950-96a6-b1717ade29fb/second_estimate_of_gdp,78b0c64a-e71d-4950-96a6-b1717ade29fb,second_estimate_of_gdp,2011-12-11,2018-05-25,,1e4a2769-c8c0-4321-8d67-6b78ae92c094,http://www.ons.gov.uk/ons/dcp19975_248369.xml,2013-03-11,,2013-03-11,office-for-national-statistics,d5b50862-3f2a-4b7b-ad85-841b6def43be,404,NOT_FOUND,HTTP 404,,,,,true,2026-09-02T15:39:41+00:00
https://www.data.gov.uk/dataset/77613f01-4277-4ed7-a9a2-720583688df0/services_producer_price_indices,77613f01-4277-4ed7-a9a2-720583688df0,services_producer_price_indices,2011-12-11,2014-11-26,,bb9bf6a8-df8f-4b15-8416-58959daeb9ab,http://www.ons.gov.uk/ons/dcp19975_222583.xml,2013-03-12,,2013-03-12,office-for-national-statistics,d5b50862-3f2a-4b7b-ad85-841b6def43be,404,NOT_FOUND,HTTP 404,,,,,true,2026-09-02T15:39:41+00:00
https://www.data.gov.uk/dataset/77613f01-4277-4ed7-a9a2-720583688df0/services_producer_price_indices,77613f01-4277-4ed7-a9a2-720583688df0,services_producer_price_indices,2011-12-11,2014-11-26,,c9fef3c9-2084-4995-a453-8fe7e6145f96,http://www.ons.gov.uk/ons/dcp19975_222578.xml,2013-03-12,,2013-03-12,office-for-national-statistics,d5b50862-3f2a-4b7b-ad85-841b6def43be,404,NOT_FOUND,HTTP 404,,,,,true,2026-09-02T15:39:41+00:00
https://www.data.gov.uk/dataset/77613f01-4277-4ed7-a9a2-720583688df0/services_producer_price_indices,77613f01-4277-4ed7-a9a2-720583688df0,services_producer_price_indices,2011-12-11,2014-11-26,,cf3f8014-2eb3-4e0f-a152-d801137e2478,http://www.ons.gov.uk/ons/dcp19975_226683.xml,2013-10-01,,2013-10-01,office-for-national-statistics,d5b50862-3f2a-4b7b-ad85-841b6def43be,404,NOT_FOUND,HTTP 404,,,,,true,2026-09-02T15:39:43+00:00
https://www.data.gov.uk/dataset/78b0c64a-e71d-4950-96a6-b1717ade29fb/second_estimate_of_gdp,78b0c64a-e71d-4950-96a6-b1717ade29fb,second_estimate_of_gdp,2011-12-11,2018-05-25,,49a4155e-b78b-47d3-b5fe-a4f00319155d,http://www.ons.gov.uk/ons/rel/naa2/second-estimate-of-gdp/q4-2007/index.html,2013-03-11,,2013-03-11,office-for-national-statistics,d5b50862-3f2a-4b7b-ad85-841b6def43be,404,NOT_FOUND,HTTP 404,,,,,true,2026-09-02T15:39:43+00:00
https://www.data.gov.uk/dataset/77613f01-4277-4ed7-a9a2-720583688df0/services_producer_price_indices,77613f01-4277-4ed7-a9a2-720583688df0,services_producer_price_indices,2011-12-11,2014-11-26,,be10de25-0180-4d5d-a67d-ca5f63678ade,http://www.ons.gov.uk/ons/dcp19975_226681.xml,2013-10-01,,2013-10-01,office-for-national-statistics,d5b50862-3f2a-4b7b-ad85-841b6def43be,404,NOT_FOUND,HTTP 404,,,,,true,2026-09-02T15:39:44+00:00
https://www.data.gov.uk/dataset/78a5b69b-0722-4b93-8a4e-034b5025bf57/average_age_of_withdrawal_from_the_labour_market,78a5b69b-0722-4b93-8a4e-034b5025bf57,average_age_of_withdrawal_from_the_labour_market,2011-12-11,2014-04-25,,7fb91e14-1967-466a-b1a2-96048eb1ffad,http://www.ons.gov.uk/ons/dcp19975_216861.xml,2013-03-11,,2013-03-11,office-for-national-statistics,d5b50862-3f2a-4b7b-ad85-841b6def43be,404,NOT_FOUND,HTTP 404,,,,,true,2026-09-02T15:39:45+00:00
https://www.data.gov.uk/dataset/777ea96f-070d-4ee9-b4f5-890358e12572/further_parental_characteristics_england_and_wales,777ea96f-070d-4ee9-b4f5-890358e12572,further_parental_characteristics_england_and_wales,2011-12-11,2014-12-04,,31eaca43-b03e-4ad6-a896-cf9533e5056c,http://www.ons.gov.uk/ons/rel/vsob1/further-parental-characteristics--england-and-wales/2013/index.html,2014-12-04,,2014-12-04,office-for-national-statistics,d5b50862-3f2a-4b7b-ad85-841b6def43be,404,NOT_FOUND,HTTP 404,,,,,true,2026-09-02T15:39:45+00:00
https://www.data.gov.uk/dataset/777ea96f-070d-4ee9-b4f5-890358e12572/further_parental_characteristics_england_and_wales,777ea96f-070d-4ee9-b4f5-890358e12572,further_parental_characteristics_england_and_wales,2011-12-11,2014-12-04,,7c767aad-3ea9-4d6b-b6b7-0dc4835718f3,http://www.ons.gov.uk/ons/dcp19975_294626.xml,2013-12-13,,2013-12-13,office-for-national-statistics,d5b50862-3f2a-4b7b-ad85-841b6def43be,404,NOT_FOUND,HTTP 404,,,,,true,2026-09-02T15:39:45+00:00
https://www.data.gov.uk/dataset/77613f01-4277-4ed7-a9a2-720583688df0/services_producer_price_indices,77613f01-4277-4ed7-a9a2-720583688df0,services_producer_price_indices,2011-12-11,2014-11-26,,2e4e2d01-2cc9-4e22-b6e9-c65bcecb1793,http://www.ons.gov.uk/ons/dcp19975_278724.xml,2013-12-13,,2013-12-13,office-for-national-statistics,d5b50862-3f2a-4b7b-ad85-841b6def43be,404,NOT_FOUND,HTTP 404,,,,,true,2026-09-02T15:39:46+00:00
https://www.data.gov.uk/dataset/77cde429-8bbd-43f0-88f6-d6d9139308ce/life_opportunities_survey,77cde429-8bbd-43f0-88f6-d6d9139308ce,life_opportunities_survey,2011-12-11,2014-05-03,,c2b8925c-5923-44d2-9550-48f247617482,http://www.ons.gov.uk/ons/dcp19975_273716.xml,2014-04-10,,2014-04-10,office-for-national-statistics,d5b50862-3f2a-4b7b-ad85-841b6def43be,404,NOT_FOUND,HTTP 404,,,,,true,2026-09-02T15:39:47+00:00
https://www.data.gov.uk/dataset/777ea96f-070d-4ee9-b4f5-890358e12572/further_parental_characteristics_england_and_wales,777ea96f-070d-4ee9-b4f5-890358e12572,further_parental_characteristics_england_and_wales,2011-12-11,2014-12-04,,9151d285-29de-4664-bbd4-ecb373d8b018,http://www.ons.gov.uk/ons/dcp19975_227924.xml,2013-03-11,,2013-03-11,office-for-national-statistics,d5b50862-3f2a-4b7b-ad85-841b6def43be,404,NOT_FOUND,HTTP 404,,,,,true,2026-09-02T15:39:47+00:00
https://www.data.gov.uk/dataset/77613f01-4277-4ed7-a9a2-720583688df0/services_producer_price_indices,77613f01-4277-4ed7-a9a2-720583688df0,services_producer_price_indices,2011-12-11,2014-11-26,,d29f5fc6-8c3b-412f-a5d3-63b0f89616c4,http://www.ons.gov.uk/ons/dcp19975_338692.xml,2014-03-24,,2014-03-24,office-for-national-statistics,d5b50862-3f2a-4b7b-ad85-841b6def43be,404,NOT_FOUND,HTTP 404,,,,,true,2026-09-02T15:39:47+00:00
https://www.data.gov.uk/dataset/78b0c64a-e71d-4950-96a6-b1717ade29fb/second_estimate_of_gdp,78b0c64a-e71d-4950-96a6-b1717ade29fb,second_estimate_of_gdp,2011-12-11,2018-05-25,,0a0778fc-da3c-4455-843c-a6d67631a153,http://www.ons.gov.uk/ons/rel/naa2/second-estimate-of-gdp/q1-2015/index.html,2015-06-03,,2015-06-03,office-for-national-statistics,d5b50862-3f2a-4b7b-ad85-841b6def43be,404,NOT_FOUND,HTTP 404,,,,,true,2026-09-02T15:39:48+00:00
https://www.data.gov.uk/dataset/78a5b69b-0722-4b93-8a4e-034b5025bf57/average_age_of_withdrawal_from_the_labour_market,78a5b69b-0722-4b93-8a4e-034b5025bf57,average_age_of_withdrawal_from_the_labour_market,2011-12-11,2014-04-25,,8d46c26e-6536-422e-8056-1fabe8fe0a0d,http://www.ons.gov.uk/ons/dcp19975_259794.xml,2013-03-11,,2013-03-11,office-for-national-statistics,d5b50862-3f2a-4b7b-ad85-841b6def43be,404,NOT_FOUND,HTTP 404,,,,,true,2026-09-02T15:39:49+00:00
https://www.data.gov.uk/dataset/77613f01-4277-4ed7-a9a2-720583688df0/services_producer_price_indices,77613f01-4277-4ed7-a9a2-720583688df0,services_producer_price_indices,2011-12-11,2014-11-26,,7c2e62c8-eb95-49c5-b03e-6f49511ab395,http://www.ons.gov.uk/ons/dcp19975_226685.xml,2013-10-01,,2013-10-01,office-for-national-statistics,d5b50862-3f2a-4b7b-ad85-841b6def43be,404,NOT_FOUND,HTTP 404,,,,,true,2026-09-02T15:39:49+00:00
https://www.data.gov.uk/dataset/78b0c64a-e71d-4950-96a6-b1717ade29fb/second_estimate_of_gdp,78b0c64a-e71d-4950-96a6-b1717ade29fb,second_estimate_of_gdp,2011-12-11,2018-05-25,,2ec42c87-f2ba-4400-a779-0a26dd2497e1,http://www.ons.gov.uk/ons/rel/naa2/second-estimate-of-gdp/q3-2014/index.html,2014-11-26,,2014-11-26,office-for-national-statistics,d5b50862-3f2a-4b7b-ad85-841b6def43be,404,NOT_FOUND,HTTP 404,,,,,true,2026-09-02T15:39:50+00:00
https://www.data.gov.uk/dataset/77613f01-4277-4ed7-a9a2-720583688df0/services_producer_price_indices,77613f01-4277-4ed7-a9a2-720583688df0,services_producer_price_indices,2011-12-11,2014-11-26,,b5ba2e5d-5386-476f-ab1e-93f56e9f1df8,http://www.ons.gov.uk/ons/dcp19975_348212.xml,2014-05-28,,2014-05-28,office-for-national-statistics,d5b50862-3f2a-4b7b-ad85-841b6def43be,404,NOT_FOUND,HTTP 404,,,,,true,2026-09-02T15:39:50+00:00
https://www.data.gov.uk/dataset/7799e016-1ede-472e-a085-69a39da7f175/sub-national_population_projections,7799e016-1ede-472e-a085-69a39da7f175,sub-national_population_projections,2011-12-10,2014-05-03,,787f89ac-e6d1-41c0-a6ff-1fa218956d6c,http://www.ons.gov.uk/ons/dcp19975_163356.xml,,,,office-for-national-statistics,d5b50862-3f2a-4b7b-ad85-841b6def43be,404,NOT_FOUND,HTTP 404,,,,,true,2026-09-02T15:39:51+00:00
https://www.data.gov.uk/dataset/77cde429-8bbd-43f0-88f6-d6d9139308ce/life_opportunities_survey,77cde429-8bbd-43f0-88f6-d6d9139308ce,life_opportunities_survey,2011-12-11,2014-05-03,,6643b291-21bb-4021-97cf-f53061ab5642,http://www.ons.gov.uk/ons/dcp19975_245824.xml,2013-10-01,,2013-10-01,office-for-national-statistics,d5b50862-3f2a-4b7b-ad85-841b6def43be,404,NOT_FOUND,HTTP 404,,,,,true,2026-09-02T15:39:52+00:00
https://www.data.gov.uk/dataset/77613f01-4277-4ed7-a9a2-720583688df0/services_producer_price_indices,77613f01-4277-4ed7-a9a2-720583688df0,services_producer_price_indices,2011-12-11,2014-11-26,,766e6091-688c-4330-b742-073565cca0fe,http://www.ons.gov.uk/ons/dcp19975_222579.xml,2013-03-12,,2013-03-12,office-for-national-statistics,d5b50862-3f2a-4b7b-ad85-841b6def43be,404,NOT_FOUND,HTTP 404,,,,,true,2026-09-02T15:39:52+00:00
https://www.data.gov.uk/dataset/7799e016-1ede-472e-a085-69a39da7f175/sub-national_population_projections,7799e016-1ede-472e-a085-69a39da7f175,sub-national_population_projections,2011-12-10,2014-05-03,,ecc21cd7-4f23-4fce-b65d-b25a09b3a899,http://www.ons.gov.uk/ons/dcp19975_163332.xml,,,,office-for-national-statistics,d5b50862-3f2a-4b7b-ad85-841b6def43be,404,NOT_FOUND,HTTP 404,,,,,true,2026-09-02T15:39:52+00:00
https://www.data.gov.uk/dataset/7832879b-076d-48ef-9f45-041beb756bee/explanations_beyond_exchange_rates,7832879b-076d-48ef-9f45-041beb756bee,explanations_beyond_exchange_rates,2013-08-22,2014-04-25,,544642bf-a0ab-417f-8a4a-a6dabeaa462e,http://www.ons.gov.uk/ons/dcp19975_323009.xml,2013-08-22,,2013-08-22,office-for-national-statistics,d5b50862-3f2a-4b7b-ad85-841b6def43be,404,NOT_FOUND,HTTP 404,,,,,true,2026-09-02T15:39:52+00:00
https://www.data.gov.uk/dataset/78b0c64a-e71d-4950-96a6-b1717ade29fb/second_estimate_of_gdp,78b0c64a-e71d-4950-96a6-b1717ade29fb,second_estimate_of_gdp,2011-12-11,2018-05-25,,1daba0b5-9e68-4ce5-bad6-4a3ade51bd6e,http://www.ons.gov.uk/ons/dcp19975_248304.xml,2013-03-11,,2013-03-11,office-for-national-statistics,d5b50862-3f2a-4b7b-ad85-841b6def43be,404,NOT_FOUND,HTTP 404,,,,,true,2026-09-02T15:39:53+00:00
https://www.data.gov.uk/dataset/77613f01-4277-4ed7-a9a2-720583688df0/services_producer_price_indices,77613f01-4277-4ed7-a9a2-720583688df0,services_producer_price_indices,2011-12-11,2014-11-26,,5b5b65d6-c64c-4ab8-8f38-c32ce863e1b6,http://www.ons.gov.uk/ons/dcp19975_258281.xml,2013-03-08,,2013-03-08,office-for-national-statistics,d5b50862-3f2a-4b7b-ad85-841b6def43be,404,NOT_FOUND,HTTP 404,,,,,true,2026-09-02T15:39:53+00:00
https://www.data.gov.uk/dataset/77613f01-4277-4ed7-a9a2-720583688df0/services_producer_price_indices,77613f01-4277-4ed7-a9a2-720583688df0,services_producer_price_indices,2011-12-11,2014-11-26,,73b8f14c-222c-4115-8ce8-8006f1099822,http://www.ons.gov.uk/ons/dcp19975_264430.xml,2013-10-01,,2013-10-01,office-for-national-statistics,d5b50862-3f2a-4b7b-ad85-841b6def43be,404,NOT_FOUND,HTTP 404,,,,,true,2026-09-02T15:39:53+00:00
https://www.data.gov.uk/dataset/77613f01-4277-4ed7-a9a2-720583688df0/services_producer_price_indices,77613f01-4277-4ed7-a9a2-720583688df0,services_producer_price_indices,2011-12-11,2014-11-26,,4834a045-af7c-4ed6-9e7a-27a4297ea6dc,http://www.ons.gov.uk/ons/dcp19975_325213.xml,2013-12-13,,2013-12-13,office-for-national-statistics,d5b50862-3f2a-4b7b-ad85-841b6def43be,404,NOT_FOUND,HTTP 404,,,,,true,2026-09-02T15:39:53+00:00
https://www.data.gov.uk/dataset/77cde429-8bbd-43f0-88f6-d6d9139308ce/life_opportunities_survey,77cde429-8bbd-43f0-88f6-d6d9139308ce,life_opportunities_survey,2011-12-11,2014-05-03,,538203cc-e8e7-45c6-b962-5b3c35a4a001,http://www.ons.gov.uk/ons/dcp19975_242214.xml,2013-03-12,,2013-03-12,office-for-national-statistics,d5b50862-3f2a-4b7b-ad85-841b6def43be,404,NOT_FOUND,HTTP 404,,,,,true,2026-09-02T15:39:54+00:00
https://www.data.gov.uk/dataset/77613f01-4277-4ed7-a9a2-720583688df0/services_producer_price_indices,77613f01-4277-4ed7-a9a2-720583688df0,services_producer_price_indices,2011-12-11,2014-11-26,,b2bc0fb9-1db0-4811-8035-45df8f8ccac8,http://www.ons.gov.uk/ons/dcp19975_288689.xml,2013-03-08,,2013-03-08,office-for-national-statistics,d5b50862-3f2a-4b7b-ad85-841b6def43be,404,NOT_FOUND,HTTP 404,,,,,true,2026-09-02T15:39:54+00:00
https://www.data.gov.uk/dataset/77613f01-4277-4ed7-a9a2-720583688df0/services_producer_price_indices,77613f01-4277-4ed7-a9a2-720583688df0,services_producer_price_indices,2011-12-11,2014-11-26,,5fdfe85d-0ffd-415f-9b2f-8f61da48856a,http://www.ons.gov.uk/ons/dcp19975_226687.xml,2013-10-01,,2013-10-01,office-for-national-statistics,d5b50862-3f2a-4b7b-ad85-841b6def43be,404,NOT_FOUND,HTTP 404,,,,,true,2026-09-02T15:39:54+00:00
https://www.data.gov.uk/dataset/8c03a7f8-c089-433c-91ae-74d2689eb382/agglomeration-roads-lden,8c03a7f8-c089-433c-91ae-74d2689eb382,agglomeration-roads-lden,2025-09-09,2026-05-20,8c03a7f8-c089-433c-91ae-74d2689eb382,ffc12729-7bda-4c0d-b73a-49cfdc9bb0aa,https://opendata-daerani.hub.arcgis.com/api/download/v1/items/4451d15a1f3d40819c3db4790fc291c7/geojson?layers=0,2026-05-15,,2026-05-20,open-data-ni,8549022f-fa16-43e4-a56f-6a45ca875199,500,SERVER_ERROR,HTTP 500,,,,,true,2026-09-02T15:40:13+00:00
https://www.data.gov.uk/dataset/8c03a7f8-c089-433c-91ae-74d2689eb382/agglomeration-roads-lden,8c03a7f8-c089-433c-91ae-74d2689eb382,agglomeration-roads-lden,2025-09-09,2026-05-20,8c03a7f8-c089-433c-91ae-74d2689eb382,31ff07f9-d474-4d50-986e-36b91a62ddc5,https://opendata-daerani.hub.arcgis.com/api/download/v1/items/4451d15a1f3d40819c3db4790fc291c7/shapefile?layers=0,2026-05-15,,2026-05-20,open-data-ni,8549022f-fa16-43e4-a56f-6a45ca875199,500,SERVER_ERROR,HTTP 500,,,,,true,2026-09-02T15:40:17+00:00
https://www.data.gov.uk/dataset/8c03a7f8-c089-433c-91ae-74d2689eb382/agglomeration-roads-lden,8c03a7f8-c089-433c-91ae-74d2689eb382,agglomeration-roads-lden,2025-09-09,2026-05-20,8c03a7f8-c089-433c-91ae-74d2689eb382,4426eba5-e666-4bda-a93c-82b8ea0d2943,https://opendata-daerani.hub.arcgis.com/api/download/v1/items/4451d15a1f3d40819c3db4790fc291c7/csv?layers=0,2026-05-15,,2026-05-20,open-data-ni,8549022f-fa16-43e4-a56f-6a45ca875199,500,SERVER_ERROR,HTTP 500,,,,,true,2026-09-02T15:40:14+00:00
https://www.data.gov.uk/dataset/8c03a7f8-c089-433c-91ae-74d2689eb382/agglomeration-roads-lden,8c03a7f8-c089-433c-91ae-74d2689eb382,agglomeration-roads-lden,2025-09-09,2026-05-20,8c03a7f8-c089-433c-91ae-74d2689eb382,70244541-3f17-4e35-b129-141ed08adf51,https://opendata-daerani.hub.arcgis.com/api/download/v1/items/4451d15a1f3d40819c3db4790fc291c7/kml?layers=0,2026-05-15,,2026-05-20,open-data-ni,8549022f-fa16-43e4-a56f-6a45ca875199,500,SERVER_ERROR,HTTP 500,,,,,true,2026-09-02T15:40:13+00:00
https://www.data.gov.uk/dataset/8e8d980d-8f78-43a7-99da-a00f1289e696/major-roads-lden,8e8d980d-8f78-43a7-99da-a00f1289e696,major-roads-lden,2025-09-09,2026-05-20,8e8d980d-8f78-43a7-99da-a00f1289e696,19fd21c8-9551-4809-981a-75f34c25d412,https://opendata-daerani.hub.arcgis.com/api/download/v1/items/48506a993ec84c71a925ee5bcd5ce45d/kml?layers=0,2026-05-15,,2026-05-20,open-data-ni,8549022f-fa16-43e4-a56f-6a45ca875199,500,SERVER_ERROR,HTTP 500,,,,,true,2026-09-02T15:40:51+00:00
https://www.data.gov.uk/dataset/8e8d980d-8f78-43a7-99da-a00f1289e696/major-roads-lden,8e8d980d-8f78-43a7-99da-a00f1289e696,major-roads-lden,2025-09-09,2026-05-20,8e8d980d-8f78-43a7-99da-a00f1289e696,c1cfc345-d95d-47a8-8f2c-f5fd6a99ae7a,https://opendata-daerani.hub.arcgis.com/api/download/v1/items/48506a993ec84c71a925ee5bcd5ce45d/geojson?layers=0,2026-05-15,,2026-05-20,open-data-ni,8549022f-fa16-43e4-a56f-6a45ca875199,500,SERVER_ERROR,HTTP 500,,,,,true,2026-09-02T15:40:54+00:00
https://www.data.gov.uk/dataset/8e8d980d-8f78-43a7-99da-a00f1289e696/major-roads-lden,8e8d980d-8f78-43a7-99da-a00f1289e696,major-roads-lden,2025-09-09,2026-05-20,8e8d980d-8f78-43a7-99da-a00f1289e696,91ea9494-64e1-481b-a5c1-6b801106fa45,https://opendata-daerani.hub.arcgis.com/api/download/v1/items/48506a993ec84c71a925ee5bcd5ce45d/shapefile?layers=0,2026-05-15,,2026-05-20,open-data-ni,8549022f-fa16-43e4-a56f-6a45ca875199,500,SERVER_ERROR,HTTP 500,,,,,true,2026-09-02T15:41:00+00:00
https://www.data.gov.uk/dataset/8e8d980d-8f78-43a7-99da-a00f1289e696/major-roads-lden,8e8d980d-8f78-43a7-99da-a00f1289e696,major-roads-lden,2025-09-09,2026-05-20,8e8d980d-8f78-43a7-99da-a00f1289e696,d9e73525-4f79-4aff-8641-029150f93e2e,https://opendata-daerani.hub.arcgis.com/api/download/v1/items/48506a993ec84c71a925ee5bcd5ce45d/csv?layers=0,2026-05-15,,2026-05-20,open-data-ni,8549022f-fa16-43e4-a56f-6a45ca875199,500,SERVER_ERROR,HTTP 500,,,,,true,2026-09-02T15:41:02+00:00
https://www.data.gov.uk/dataset/8ada8a2a-c48f-4487-8fe2-dda6b1cd4633/consumer_trends,8ada8a2a-c48f-4487-8fe2-dda6b1cd4633,consumer_trends,2011-12-10,2019-10-03,,3702380a-ec80-4127-8c7a-fe462ceca450,http://www.ons.gov.uk/ons/dcp19975_24306.xml,2013-03-11,,2013-03-11,office-for-national-statistics,d5b50862-3f2a-4b7b-ad85-841b6def43be,404,NOT_FOUND,HTTP 404,,,,,true,2026-09-02T15:41:44+00:00
https://www.data.gov.uk/dataset/88b3f330-ea09-408b-b693-30006b5c08ac/share_ownership,88b3f330-ea09-408b-b693-30006b5c08ac,share_ownership,2011-12-10,2014-05-03,,e1351823-8c38-46fc-8752-2efbc8ac51c8,http://www.ons.gov.uk/ons/dcp19975_52867.xml,2013-03-11,,2013-03-11,office-for-national-statistics,d5b50862-3f2a-4b7b-ad85-841b6def43be,404,NOT_FOUND,HTTP 404,,,,,true,2026-09-02T15:41:45+00:00
https://www.data.gov.uk/dataset/89a7e446-16e4-4ab7-8e12-bab193eb0869/capital_stock_capital_consumption,89a7e446-16e4-4ab7-8e12-bab193eb0869,capital_stock_capital_consumption,2012-03-05,2018-08-21,,ec037ba5-3521-4722-b11c-dae339d036e9,http://www.ons.gov.uk/ons/rel/cap-stock/capital-stock--capital-consumption/capital-stocks-and-consumption-of-fixed-capital--2013/index.html,2014-11-14,,2014-11-14,office-for-national-statistics,d5b50862-3f2a-4b7b-ad85-841b6def43be,404,NOT_FOUND,HTTP 404,,,,,true,2026-09-02T15:41:45+00:00
https://www.data.gov.uk/dataset/8ada8a2a-c48f-4487-8fe2-dda6b1cd4633/consumer_trends,8ada8a2a-c48f-4487-8fe2-dda6b1cd4633,consumer_trends,2011-12-10,2019-10-03,,1a623247-c6b5-45c5-aee7-b9b190a5749e,http://www.ons.gov.uk/ons/dcp19975_198745.xml,2013-03-11,,2013-03-11,office-for-national-statistics,d5b50862-3f2a-4b7b-ad85-841b6def43be,404,NOT_FOUND,HTTP 404,,,,,true,2026-09-02T15:41:46+00:00
https://www.data.gov.uk/dataset/88b3f330-ea09-408b-b693-30006b5c08ac/share_ownership,88b3f330-ea09-408b-b693-30006b5c08ac,share_ownership,2011-12-10,2014-05-03,,703d875d-a2df-42eb-99ca-ed2476fd067c,http://www.ons.gov.uk/ons/dcp19975_223916.xml,2013-03-11,,2013-03-11,office-for-national-statistics,d5b50862-3f2a-4b7b-ad85-841b6def43be,404,NOT_FOUND,HTTP 404,,,,,true,2026-09-02T15:41:46+00:00
https://www.data.gov.uk/dataset/8ada8a2a-c48f-4487-8fe2-dda6b1cd4633/consumer_trends,8ada8a2a-c48f-4487-8fe2-dda6b1cd4633,consumer_trends,2011-12-10,2019-10-03,,07c1a8e6-bba0-47be-9f7e-891ca805669d,http://www.ons.gov.uk/ons/dcp19975_300372.xml,2014-03-28,,2014-03-28,office-for-national-statistics,d5b50862-3f2a-4b7b-ad85-841b6def43be,404,NOT_FOUND,HTTP 404,,,,,true,2026-09-02T15:41:47+00:00
https://www.data.gov.uk/dataset/8aac0f2a-5275-47c6-83a8-8eeb401896a8/focus_on_social_inequalities,8aac0f2a-5275-47c6-83a8-8eeb401896a8,focus_on_social_inequalities,2013-03-11,2014-04-26,,0ddee33f-dcb4-4de1-ab5e-93224854d71e,http://www.ons.gov.uk/ons/dcp19975_49928.xml,2013-03-11,,2013-03-11,office-for-national-statistics,d5b50862-3f2a-4b7b-ad85-841b6def43be,404,NOT_FOUND,HTTP 404,,,,,true,2026-09-02T15:41:48+00:00
https://www.data.gov.uk/dataset/89a7e446-16e4-4ab7-8e12-bab193eb0869/capital_stock_capital_consumption,89a7e446-16e4-4ab7-8e12-bab193eb0869,capital_stock_capital_consumption,2012-03-05,2018-08-21,,20cbfeb9-4acb-4a5a-966f-a068fd839d05,http://www.ons.gov.uk/ons/dcp19975_307606.xml,2013-10-01,,2013-10-01,office-for-national-statistics,d5b50862-3f2a-4b7b-ad85-841b6def43be,404,NOT_FOUND,HTTP 404,,,,,true,2026-09-02T15:41:49+00:00
https://www.data.gov.uk/dataset/8ada8a2a-c48f-4487-8fe2-dda6b1cd4633/consumer_trends,8ada8a2a-c48f-4487-8fe2-dda6b1cd4633,consumer_trends,2011-12-10,2019-10-03,,2fe8c71e-21d9-40ad-b9ee-1fa745ef8142,http://www.ons.gov.uk/ons/dcp19975_224421.xml,2013-03-12,,2013-03-12,office-for-national-statistics,d5b50862-3f2a-4b7b-ad85-841b6def43be,404,NOT_FOUND,HTTP 404,,,,,true,2026-09-02T15:41:49+00:00
https://www.data.gov.uk/dataset/8ada8a2a-c48f-4487-8fe2-dda6b1cd4633/consumer_trends,8ada8a2a-c48f-4487-8fe2-dda6b1cd4633,consumer_trends,2011-12-10,2019-10-03,,12ce2372-423c-47ca-aee7-8f5d879d535e,http://www.ons.gov.uk/ons/dcp19975_52729.xml,2013-03-11,,2013-03-11,office-for-national-statistics,d5b50862-3f2a-4b7b-ad85-841b6def43be,404,NOT_FOUND,HTTP 404,,,,,true,2026-09-02T15:41:49+00:00
https://www.data.gov.uk/dataset/89a7e446-16e4-4ab7-8e12-bab193eb0869/capital_stock_capital_consumption,89a7e446-16e4-4ab7-8e12-bab193eb0869,capital_stock_capital_consumption,2012-03-05,2018-08-21,,18653854-c702-41fc-bf7e-16a99473a5cb,http://www.ons.gov.uk/ons/rel/cap-stock/capital-stock--capital-consumption/capital-stocks-and-consumption-of-fixed-capital--2015/index.html,2015-12-02,,2015-12-02,office-for-national-statistics,d5b50862-3f2a-4b7b-ad85-841b6def43be,404,NOT_FOUND,HTTP 404,,,,,true,2026-09-02T15:41:50+00:00
https://www.data.gov.uk/dataset/8ada8a2a-c48f-4487-8fe2-dda6b1cd4633/consumer_trends,8ada8a2a-c48f-4487-8fe2-dda6b1cd4633,consumer_trends,2011-12-10,2019-10-03,,096a5103-0e93-4dd3-b778-7bb0f2078d5b,http://www.ons.gov.uk/ons/dcp19975_224423.xml,2013-10-01,,2013-10-01,office-for-national-statistics,d5b50862-3f2a-4b7b-ad85-841b6def43be,404,NOT_FOUND,HTTP 404,,,,,true,2026-09-02T15:41:51+00:00
https://www.data.gov.uk/dataset/8ada8a2a-c48f-4487-8fe2-dda6b1cd4633/consumer_trends,8ada8a2a-c48f-4487-8fe2-dda6b1cd4633,consumer_trends,2011-12-10,2019-10-03,,1f9388f6-d142-4c4a-a6c7-24b66f3a6d90,http://www.ons.gov.uk/ons/dcp19975_24298.xml,2013-03-11,,2013-03-11,office-for-national-statistics,d5b50862-3f2a-4b7b-ad85-841b6def43be,404,NOT_FOUND,HTTP 404,,,,,true,2026-09-02T15:41:51+00:00
https://www.data.gov.uk/dataset/89a7e446-16e4-4ab7-8e12-bab193eb0869/capital_stock_capital_consumption,89a7e446-16e4-4ab7-8e12-bab193eb0869,capital_stock_capital_consumption,2012-03-05,2018-08-21,,6e31ef83-044f-47ba-91d9-abed21e9c5a7,http://www.ons.gov.uk/ons/dcp19975_367184.xml,2014-07-21,,2014-07-21,office-for-national-statistics,d5b50862-3f2a-4b7b-ad85-841b6def43be,404,NOT_FOUND,HTTP 404,,,,,true,2026-09-02T15:41:51+00:00
https://www.data.gov.uk/dataset/88b3f330-ea09-408b-b693-30006b5c08ac/share_ownership,88b3f330-ea09-408b-b693-30006b5c08ac,share_ownership,2011-12-10,2014-05-03,,9cc71ee3-d825-4318-bdbb-4a34667f2f7f,http://www.ons.gov.uk/ons/dcp19975_52857.xml,2013-03-11,,2013-03-11,office-for-national-statistics,d5b50862-3f2a-4b7b-ad85-841b6def43be,404,NOT_FOUND,HTTP 404,,,,,true,2026-09-02T15:41:51+00:00
https://www.data.gov.uk/dataset/92c4b7a1-c426-4842-89b1-95337ab9f677/national_accounts_articles,92c4b7a1-c426-4842-89b1-95337ab9f677,national_accounts_articles,2012-03-30,2018-05-08,,0dda5bcc-68c8-448f-ae40-ddd489d9fe3a,http://www.ons.gov.uk/ons/dcp19975_350123.xml,2014-01-28,,2014-01-28,office-for-national-statistics,d5b50862-3f2a-4b7b-ad85-841b6def43be,404,NOT_FOUND,HTTP 404,,,,,true,2026-09-02T15:43:48+00:00
https://www.data.gov.uk/dataset/92436f12-056b-4697-a64f-b556d84e9547/regional_economic_indicators,92436f12-056b-4697-a64f-b556d84e9547,regional_economic_indicators,2013-03-11,2014-11-05,,60a8e90c-c826-477d-908f-527c1cb1353a,http://www.ons.gov.uk/ons/dcp19975_253478.xml,2013-03-11,,2013-03-11,office-for-national-statistics,d5b50862-3f2a-4b7b-ad85-841b6def43be,404,NOT_FOUND,HTTP 404,,,,,true,2026-09-02T15:43:49+00:00
https://www.data.gov.uk/dataset/92436f12-056b-4697-a64f-b556d84e9547/regional_economic_indicators,92436f12-056b-4697-a64f-b556d84e9547,regional_economic_indicators,2013-03-11,2014-11-05,,7fd2ca01-1c05-4465-b670-52b775d9a930,http://www.ons.gov.uk/ons/dcp19975_228829.xml,2013-03-12,,2013-03-12,office-for-national-statistics,d5b50862-3f2a-4b7b-ad85-841b6def43be,404,NOT_FOUND,HTTP 404,,,,,true,2026-09-02T15:43:50+00:00
https://www.data.gov.uk/dataset/9dda5a37-1271-4134-b294-b91ee27038a6/agglomeration-railway-lnight1,9dda5a37-1271-4134-b294-b91ee27038a6,agglomeration-railway-lnight1,2025-09-09,2026-05-20,9dda5a37-1271-4134-b294-b91ee27038a6,01b14dab-368b-46a3-9f2c-e9ad3004169d,https://opendata-daerani.hub.arcgis.com/api/download/v1/items/d151d086a9c34e29a27936e672cbcef9/csv?layers=1,2026-05-15,,2026-05-20,open-data-ni,8549022f-fa16-43e4-a56f-6a45ca875199,500,SERVER_ERROR,HTTP 500,,,,,true,2026-09-02T15:38:29+00:00
https://www.data.gov.uk/dataset/9dda5a37-1271-4134-b294-b91ee27038a6/agglomeration-railway-lnight1,9dda5a37-1271-4134-b294-b91ee27038a6,agglomeration-railway-lnight1,2025-09-09,2026-05-20,9dda5a37-1271-4134-b294-b91ee27038a6,33568434-5c96-4190-9e7e-76c4a88578c9,https://opendata-daerani.hub.arcgis.com/api/download/v1/items/d151d086a9c34e29a27936e672cbcef9/geojson?layers=1,2026-05-15,,2026-05-20,open-data-ni,8549022f-fa16-43e4-a56f-6a45ca875199,500,SERVER_ERROR,HTTP 500,,,,,true,2026-09-02T15:38:29+00:00
https://www.data.gov.uk/dataset/9dda5a37-1271-4134-b294-b91ee27038a6/agglomeration-railway-lnight1,9dda5a37-1271-4134-b294-b91ee27038a6,agglomeration-railway-lnight1,2025-09-09,2026-05-20,9dda5a37-1271-4134-b294-b91ee27038a6,6c0b28a4-ffd8-4916-9c47-d4123ae8546c,https://opendata-daerani.hub.arcgis.com/api/download/v1/items/d151d086a9c34e29a27936e672cbcef9/shapefile?layers=1,2026-05-15,,2026-05-20,open-data-ni,8549022f-fa16-43e4-a56f-6a45ca875199,500,SERVER_ERROR,HTTP 500,,,,,true,2026-09-02T15:38:28+00:00
https://www.data.gov.uk/dataset/9dda5a37-1271-4134-b294-b91ee27038a6/agglomeration-railway-lnight1,9dda5a37-1271-4134-b294-b91ee27038a6,agglomeration-railway-lnight1,2025-09-09,2026-05-20,9dda5a37-1271-4134-b294-b91ee27038a6,2ca0d1f3-e9fa-43a5-8935-ca5a50b27d2b,https://opendata-daerani.hub.arcgis.com/api/download/v1/items/d151d086a9c34e29a27936e672cbcef9/kml?layers=1,2026-05-15,,2026-05-20,open-data-ni,8549022f-fa16-43e4-a56f-6a45ca875199,500,SERVER_ERROR,HTTP 500,,,,,true,2026-09-02T15:38:30+00:00
https://www.data.gov.uk/dataset/94910db2-d0ac-4f34-9833-a71857cb066a/aerospace_and_electronic_cost_indices,94910db2-d0ac-4f34-9833-a71857cb066a,aerospace_and_electronic_cost_indices,2011-12-10,2014-09-16,,86ca783b-e394-42a7-a556-e64e35b2e424,http://www.ons.gov.uk/ons/dcp19975_226542.xml,2013-10-01,,2013-10-01,office-for-national-statistics,d5b50862-3f2a-4b7b-ad85-841b6def43be,404,NOT_FOUND,HTTP 404,,,,,true,2026-09-02T15:45:23+00:00
https://www.data.gov.uk/dataset/94910db2-d0ac-4f34-9833-a71857cb066a/aerospace_and_electronic_cost_indices,94910db2-d0ac-4f34-9833-a71857cb066a,aerospace_and_electronic_cost_indices,2011-12-10,2014-09-16,,99c4442b-81de-4091-83af-92f41a020db1,http://www.ons.gov.uk/ons/dcp19975_121141.xml,2013-03-11,,2013-03-11,office-for-national-statistics,d5b50862-3f2a-4b7b-ad85-841b6def43be,404,NOT_FOUND,HTTP 404,,,,,true,2026-09-02T15:45:24+00:00
https://www.data.gov.uk/dataset/94910db2-d0ac-4f34-9833-a71857cb066a/aerospace_and_electronic_cost_indices,94910db2-d0ac-4f34-9833-a71857cb066a,aerospace_and_electronic_cost_indices,2011-12-10,2014-09-16,,7e66618c-c056-4b41-95b8-373f5e6caf90,http://www.ons.gov.uk/ons/dcp19975_24615.xml,2013-03-11,,2013-03-11,office-for-national-statistics,d5b50862-3f2a-4b7b-ad85-841b6def43be,404,NOT_FOUND,HTTP 404,,,,,true,2026-09-02T15:45:25+00:00
https://www.data.gov.uk/dataset/94910db2-d0ac-4f34-9833-a71857cb066a/aerospace_and_electronic_cost_indices,94910db2-d0ac-4f34-9833-a71857cb066a,aerospace_and_electronic_cost_indices,2011-12-10,2014-09-16,,9ca4db9b-afe2-4c7c-85d7-9f89505fcf9c,http://www.ons.gov.uk/ons/dcp19975_120784.xml,2013-03-11,,2013-03-11,office-for-national-statistics,d5b50862-3f2a-4b7b-ad85-841b6def43be,404,NOT_FOUND,HTTP 404,,,,,true,2026-09-02T15:45:26+00:00
https://www.data.gov.uk/dataset/94910db2-d0ac-4f34-9833-a71857cb066a/aerospace_and_electronic_cost_indices,94910db2-d0ac-4f34-9833-a71857cb066a,aerospace_and_electronic_cost_indices,2011-12-10,2014-09-16,,774d0819-fdce-443d-9d9f-b07f17085fd1,http://www.ons.gov.uk/ons/dcp19975_120869.xml,2013-03-11,,2013-03-11,office-for-national-statistics,d5b50862-3f2a-4b7b-ad85-841b6def43be,404,NOT_FOUND,HTTP 404,,,,,true,2026-09-02T15:45:26+00:00
https://www.data.gov.uk/dataset/94910db2-d0ac-4f34-9833-a71857cb066a/aerospace_and_electronic_cost_indices,94910db2-d0ac-4f34-9833-a71857cb066a,aerospace_and_electronic_cost_indices,2011-12-10,2014-09-16,,a6ef95c9-38b9-4dda-bf2d-f9a34d7231c9,http://www.ons.gov.uk/ons/dcp19975_121028.xml,2013-03-11,,2013-03-11,office-for-national-statistics,d5b50862-3f2a-4b7b-ad85-841b6def43be,404,NOT_FOUND,HTTP 404,,,,,true,2026-09-02T15:45:27+00:00
https://www.data.gov.uk/dataset/94910db2-d0ac-4f34-9833-a71857cb066a/aerospace_and_electronic_cost_indices,94910db2-d0ac-4f34-9833-a71857cb066a,aerospace_and_electronic_cost_indices,2011-12-10,2014-09-16,,bf67283b-6d89-4f4e-9d2c-4ca74222b0a8,http://www.ons.gov.uk/ons/dcp19975_120874.xml,2013-03-11,,2013-03-11,office-for-national-statistics,d5b50862-3f2a-4b7b-ad85-841b6def43be,404,NOT_FOUND,HTTP 404,,,,,true,2026-09-02T15:45:28+00:00
https://www.data.gov.uk/dataset/94910db2-d0ac-4f34-9833-a71857cb066a/aerospace_and_electronic_cost_indices,94910db2-d0ac-4f34-9833-a71857cb066a,aerospace_and_electronic_cost_indices,2011-12-10,2014-09-16,,ca9333d7-bdae-41d3-ac6c-c30f1ce5f9cb,http://www.ons.gov.uk/ons/dcp19975_120808.xml,2013-03-11,,2013-03-11,office-for-national-statistics,d5b50862-3f2a-4b7b-ad85-841b6def43be,404,NOT_FOUND,HTTP 404,,,,,true,2026-09-02T15:45:28+00:00
https://www.data.gov.uk/dataset/94910db2-d0ac-4f34-9833-a71857cb066a/aerospace_and_electronic_cost_indices,94910db2-d0ac-4f34-9833-a71857cb066a,aerospace_and_electronic_cost_indices,2011-12-10,2014-09-16,,98635bd8-c63e-4a6c-aaac-1ef3a28f0250,http://www.ons.gov.uk/ons/dcp19975_258271.xml,2013-04-16,,2013-04-16,office-for-national-statistics,d5b50862-3f2a-4b7b-ad85-841b6def43be,404,NOT_FOUND,HTTP 404,,,,,true,2026-09-02T15:45:28+00:00
https://www.data.gov.uk/dataset/94910db2-d0ac-4f34-9833-a71857cb066a/aerospace_and_electronic_cost_indices,94910db2-d0ac-4f34-9833-a71857cb066a,aerospace_and_electronic_cost_indices,2011-12-10,2014-09-16,,9646926d-70b4-4aa8-869d-5838f09ff96e,http://www.ons.gov.uk/ons/dcp19975_198005.xml,2013-03-11,,2013-03-11,office-for-national-statistics,d5b50862-3f2a-4b7b-ad85-841b6def43be,404,NOT_FOUND,HTTP 404,,,,,true,2026-09-02T15:45:28+00:00
https://www.data.gov.uk/dataset/94910db2-d0ac-4f34-9833-a71857cb066a/aerospace_and_electronic_cost_indices,94910db2-d0ac-4f34-9833-a71857cb066a,aerospace_and_electronic_cost_indices,2011-12-10,2014-09-16,,712ef245-985e-406b-b77d-dde7694658aa,http://www.ons.gov.uk/ons/dcp19975_260214.xml,2013-03-11,,2013-03-11,office-for-national-statistics,d5b50862-3f2a-4b7b-ad85-841b6def43be,404,NOT_FOUND,HTTP 404,,,,,true,2026-09-02T15:45:29+00:00
https://www.data.gov.uk/dataset/94910db2-d0ac-4f34-9833-a71857cb066a/aerospace_and_electronic_cost_indices,94910db2-d0ac-4f34-9833-a71857cb066a,aerospace_and_electronic_cost_indices,2011-12-10,2014-09-16,,ae790582-be6f-42f0-858a-67c00478b971,http://www.ons.gov.uk/ons/dcp19975_198008.xml,2013-03-11,,2013-03-11,office-for-national-statistics,d5b50862-3f2a-4b7b-ad85-841b6def43be,404,NOT_FOUND,HTTP 404,,,,,true,2026-09-02T15:45:29+00:00
https://www.data.gov.uk/dataset/94910db2-d0ac-4f34-9833-a71857cb066a/aerospace_and_electronic_cost_indices,94910db2-d0ac-4f34-9833-a71857cb066a,aerospace_and_electronic_cost_indices,2011-12-10,2014-09-16,,7a85c86c-003a-46dc-acd8-1acff92732ac,http://www.ons.gov.uk/ons/dcp19975_265285.xml,2013-08-16,,2013-08-16,office-for-national-statistics,d5b50862-3f2a-4b7b-ad85-841b6def43be,404,NOT_FOUND,HTTP 404,,,,,true,2026-09-02T15:45:29+00:00
https://www.data.gov.uk/dataset/94910db2-d0ac-4f34-9833-a71857cb066a/aerospace_and_electronic_cost_indices,94910db2-d0ac-4f34-9833-a71857cb066a,aerospace_and_electronic_cost_indices,2011-12-10,2014-09-16,,7848de0c-1d76-4221-8b24-8ee0035b4fed,http://www.ons.gov.uk/ons/dcp19975_120772.xml,2013-03-11,,2013-03-11,office-for-national-statistics,d5b50862-3f2a-4b7b-ad85-841b6def43be,404,NOT_FOUND,HTTP 404,,,,,true,2026-09-02T15:45:29+00:00
https://www.data.gov.uk/dataset/94910db2-d0ac-4f34-9833-a71857cb066a/aerospace_and_electronic_cost_indices,94910db2-d0ac-4f34-9833-a71857cb066a,aerospace_and_electronic_cost_indices,2011-12-10,2014-09-16,,a36c7c74-3db4-4b23-91c1-e815bacf6f7b,http://www.ons.gov.uk/ons/dcp19975_29081.xml,2013-03-11,,2013-03-11,office-for-national-statistics,d5b50862-3f2a-4b7b-ad85-841b6def43be,404,NOT_FOUND,HTTP 404,,,,,true,2026-09-02T15:45:29+00:00
https://www.data.gov.uk/dataset/a748dc74-3959-4dd7-9ba0-e03d2094f9ee/major-airport-lday,a748dc74-3959-4dd7-9ba0-e03d2094f9ee,major-airport-lday,2025-09-09,2026-05-20,a748dc74-3959-4dd7-9ba0-e03d2094f9ee,6a86a7e5-bf51-4ee7-8062-fbc56aec0106,https://opendata-daerani.hub.arcgis.com/api/download/v1/items/dc6fd2caba6e4779ba8c6886502b1f58/kml?layers=7,2026-05-15,,2026-05-20,open-data-ni,8549022f-fa16-43e4-a56f-6a45ca875199,500,SERVER_ERROR,HTTP 500,,,,,true,2026-09-02T15:45:44+00:00
https://www.data.gov.uk/dataset/a748dc74-3959-4dd7-9ba0-e03d2094f9ee/major-airport-lday,a748dc74-3959-4dd7-9ba0-e03d2094f9ee,major-airport-lday,2025-09-09,2026-05-20,a748dc74-3959-4dd7-9ba0-e03d2094f9ee,5124ce3a-40ea-4ecd-a593-e623ace11f25,https://opendata-daerani.hub.arcgis.com/api/download/v1/items/dc6fd2caba6e4779ba8c6886502b1f58/shapefile?layers=7,2026-05-15,,2026-05-20,open-data-ni,8549022f-fa16-43e4-a56f-6a45ca875199,500,SERVER_ERROR,HTTP 500,,,,,true,2026-09-02T15:45:44+00:00
https://www.data.gov.uk/dataset/a748dc74-3959-4dd7-9ba0-e03d2094f9ee/major-airport-lday,a748dc74-3959-4dd7-9ba0-e03d2094f9ee,major-airport-lday,2025-09-09,2026-05-20,a748dc74-3959-4dd7-9ba0-e03d2094f9ee,55e4892c-ad0d-4c3c-a3be-4e0c52c0b897,https://opendata-daerani.hub.arcgis.com/api/download/v1/items/dc6fd2caba6e4779ba8c6886502b1f58/csv?layers=7,2026-05-15,,2026-05-20,open-data-ni,8549022f-fa16-43e4-a56f-6a45ca875199,500,SERVER_ERROR,HTTP 500,,,,,true,2026-09-02T15:45:44+00:00
https://www.data.gov.uk/dataset/a748dc74-3959-4dd7-9ba0-e03d2094f9ee/major-airport-lday,a748dc74-3959-4dd7-9ba0-e03d2094f9ee,major-airport-lday,2025-09-09,2026-05-20,a748dc74-3959-4dd7-9ba0-e03d2094f9ee,0fcfd0cb-485d-4863-b031-131a0d6c615e,https://opendata-daerani.hub.arcgis.com/api/download/v1/items/dc6fd2caba6e4779ba8c6886502b1f58/geojson?layers=7,2026-05-15,,2026-05-20,open-data-ni,8549022f-fa16-43e4-a56f-6a45ca875199,500,SERVER_ERROR,HTTP 500,,,,,true,2026-09-02T15:45:44+00:00
https://www.data.gov.uk/dataset/aa407edd-6c33-4a5e-b6ac-0f3ae4561fc5/agglomeration-airport-lnight,aa407edd-6c33-4a5e-b6ac-0f3ae4561fc5,agglomeration-airport-lnight,2025-09-09,2026-05-20,aa407edd-6c33-4a5e-b6ac-0f3ae4561fc5,a54444df-948b-4b5f-9394-100cbf028873,https://opendata-daerani.hub.arcgis.com/api/download/v1/items/83aa9ed65b38433d901d99051e358162/csv?layers=9,2026-05-15,,2026-05-20,open-data-ni,8549022f-fa16-43e4-a56f-6a45ca875199,500,SERVER_ERROR,HTTP 500,,,,,true,2026-09-02T15:46:07+00:00
https://www.data.gov.uk/dataset/aa407edd-6c33-4a5e-b6ac-0f3ae4561fc5/agglomeration-airport-lnight,aa407edd-6c33-4a5e-b6ac-0f3ae4561fc5,agglomeration-airport-lnight,2025-09-09,2026-05-20,aa407edd-6c33-4a5e-b6ac-0f3ae4561fc5,ba8a6865-327d-43e6-83c5-f3bea6d998bb,https://opendata-daerani.hub.arcgis.com/api/download/v1/items/83aa9ed65b38433d901d99051e358162/kml?layers=9,2026-05-15,,2026-05-20,open-data-ni,8549022f-fa16-43e4-a56f-6a45ca875199,500,SERVER_ERROR,HTTP 500,,,,,true,2026-09-02T15:46:07+00:00
https://www.data.gov.uk/dataset/aa407edd-6c33-4a5e-b6ac-0f3ae4561fc5/agglomeration-airport-lnight,aa407edd-6c33-4a5e-b6ac-0f3ae4561fc5,agglomeration-airport-lnight,2025-09-09,2026-05-20,aa407edd-6c33-4a5e-b6ac-0f3ae4561fc5,d5faa626-9b68-49af-9096-041f98fe4aba,https://opendata-daerani.hub.arcgis.com/api/download/v1/items/83aa9ed65b38433d901d99051e358162/geojson?layers=9,2026-05-15,,2026-05-20,open-data-ni,8549022f-fa16-43e4-a56f-6a45ca875199,500,SERVER_ERROR,HTTP 500,,,,,true,2026-09-02T15:46:07+00:00
https://www.data.gov.uk/dataset/aa407edd-6c33-4a5e-b6ac-0f3ae4561fc5/agglomeration-airport-lnight,aa407edd-6c33-4a5e-b6ac-0f3ae4561fc5,agglomeration-airport-lnight,2025-09-09,2026-05-20,aa407edd-6c33-4a5e-b6ac-0f3ae4561fc5,09fc963c-d23f-4f91-8cd0-1bc2033d5dab,https://opendata-daerani.hub.arcgis.com/api/download/v1/items/83aa9ed65b38433d901d99051e358162/shapefile?layers=9,2026-05-15,,2026-05-20,open-data-ni,8549022f-fa16-43e4-a56f-6a45ca875199,500,SERVER_ERROR,HTTP 500,,,,,true,2026-09-02T15:46:11+00:00
https://www.data.gov.uk/dataset/abf38b42-d233-43d6-abe5-d0deb3e70adb/major-roads-laeq-16h,abf38b42-d233-43d6-abe5-d0deb3e70adb,major-roads-laeq-16h,2025-09-09,2026-05-20,abf38b42-d233-43d6-abe5-d0deb3e70adb,681ed4b7-571f-454f-a176-e93a612b506c,https://opendata-daerani.hub.arcgis.com/api/download/v1/items/48506a993ec84c71a925ee5bcd5ce45d/csv?layers=2,2026-05-15,,2026-05-20,open-data-ni,8549022f-fa16-43e4-a56f-6a45ca875199,500,SERVER_ERROR,HTTP 500,,,,,true,2026-09-02T15:46:27+00:00
https://www.data.gov.uk/dataset/abf38b42-d233-43d6-abe5-d0deb3e70adb/major-roads-laeq-16h,abf38b42-d233-43d6-abe5-d0deb3e70adb,major-roads-laeq-16h,2025-09-09,2026-05-20,abf38b42-d233-43d6-abe5-d0deb3e70adb,b0b06ba7-e2cf-4d66-a083-26c973185436,https://opendata-daerani.hub.arcgis.com/api/download/v1/items/48506a993ec84c71a925ee5bcd5ce45d/geojson?layers=2,2026-05-15,,2026-05-20,open-data-ni,8549022f-fa16-43e4-a56f-6a45ca875199,500,SERVER_ERROR,HTTP 500,,,,,true,2026-09-02T15:46:28+00:00
https://www.data.gov.uk/dataset/abf38b42-d233-43d6-abe5-d0deb3e70adb/major-roads-laeq-16h,abf38b42-d233-43d6-abe5-d0deb3e70adb,major-roads-laeq-16h,2025-09-09,2026-05-20,abf38b42-d233-43d6-abe5-d0deb3e70adb,e078c59c-b73b-4bbd-81a2-18966b14ee8a,https://opendata-daerani.hub.arcgis.com/api/download/v1/items/48506a993ec84c71a925ee5bcd5ce45d/kml?layers=2,2026-05-15,,2026-05-20,open-data-ni,8549022f-fa16-43e4-a56f-6a45ca875199,500,SERVER_ERROR,HTTP 500,,,,,true,2026-09-02T15:46:26+00:00
https://www.data.gov.uk/dataset/abf38b42-d233-43d6-abe5-d0deb3e70adb/major-roads-laeq-16h,abf38b42-d233-43d6-abe5-d0deb3e70adb,major-roads-laeq-16h,2025-09-09,2026-05-20,abf38b42-d233-43d6-abe5-d0deb3e70adb,eba122d0-a28a-4f93-b1cf-aec510501a22,https://opendata-daerani.hub.arcgis.com/api/download/v1/items/48506a993ec84c71a925ee5bcd5ce45d/shapefile?layers=2,2026-05-15,,2026-05-20,open-data-ni,8549022f-fa16-43e4-a56f-6a45ca875199,500,SERVER_ERROR,HTTP 500,,,,,true,2026-09-02T15:46:28+00:00
https://www.data.gov.uk/dataset/9c627674-b600-4cda-8df7-82d8df910ab8/consumer_price_indices,9c627674-b600-4cda-8df7-82d8df910ab8,consumer_price_indices,2011-12-10,2018-03-20,,2a26582f-3326-4bea-96e4-dba29615566c,http://www.ons.gov.uk/ons/dcp19975_28466.xml,2016-04-21,,2016-04-21,office-for-national-statistics,d5b50862-3f2a-4b7b-ad85-841b6def43be,404,NOT_FOUND,HTTP 404,,,,,true,2026-09-02T15:46:22+00:00
https://www.data.gov.uk/dataset/9c627674-b600-4cda-8df7-82d8df910ab8/consumer_price_indices,9c627674-b600-4cda-8df7-82d8df910ab8,consumer_price_indices,2011-12-10,2018-03-20,,460dcf53-7271-43c9-b97d-f2a6e7d6270b,http://www.ons.gov.uk/ons/rel/cpi/university-tuition-fees-in-the-cpi/september-2014/index.html,2016-04-21,,2016-04-21,office-for-national-statistics,d5b50862-3f2a-4b7b-ad85-841b6def43be,404,NOT_FOUND,HTTP 404,,,,,true,2026-09-02T15:46:23+00:00
https://www.data.gov.uk/dataset/9c627674-b600-4cda-8df7-82d8df910ab8/consumer_price_indices,9c627674-b600-4cda-8df7-82d8df910ab8,consumer_price_indices,2011-12-10,2018-03-20,,5ff912b8-25b4-4e48-88c8-cfa70ca6b796,http://www.ons.gov.uk/ons/dcp19975_28462.xml,2016-04-21,,2016-04-21,office-for-national-statistics,d5b50862-3f2a-4b7b-ad85-841b6def43be,404,NOT_FOUND,HTTP 404,,,,,true,2026-09-02T15:46:23+00:00
https://www.data.gov.uk/dataset/9c627674-b600-4cda-8df7-82d8df910ab8/consumer_price_indices,9c627674-b600-4cda-8df7-82d8df910ab8,consumer_price_indices,2011-12-10,2018-03-20,,54254315-b027-45ce-b3f4-331d38049e72,http://www.ons.gov.uk/ons/rel/cpi/consumer-price-indices/revising-the-weight-of-owner-occupiers--housing-in-cpih/index.html,2016-04-21,,2016-04-21,office-for-national-statistics,d5b50862-3f2a-4b7b-ad85-841b6def43be,404,NOT_FOUND,HTTP 404,,,,,true,2026-09-02T15:46:24+00:00
https://www.data.gov.uk/dataset/9c627674-b600-4cda-8df7-82d8df910ab8/consumer_price_indices,9c627674-b600-4cda-8df7-82d8df910ab8,consumer_price_indices,2011-12-10,2018-03-20,,378cab34-5bff-4605-8f27-a3f76f4a72ce,http://www.ons.gov.uk/ons/dcp19975_52326.xml,2016-04-21,,2016-04-21,office-for-national-statistics,d5b50862-3f2a-4b7b-ad85-841b6def43be,404,NOT_FOUND,HTTP 404,,,,,true,2026-09-02T15:46:25+00:00
https://www.data.gov.uk/dataset/9c627674-b600-4cda-8df7-82d8df910ab8/consumer_price_indices,9c627674-b600-4cda-8df7-82d8df910ab8,consumer_price_indices,2011-12-10,2018-03-20,,4c95b05d-eead-4a24-b7c7-2fd03b3b0623,http://www.ons.gov.uk/ons/dcp19975_210635.xml,2016-04-21,,2016-04-21,office-for-national-statistics,d5b50862-3f2a-4b7b-ad85-841b6def43be,404,NOT_FOUND,HTTP 404,,,,,true,2026-09-02T15:46:25+00:00
https://www.data.gov.uk/dataset/9c627674-b600-4cda-8df7-82d8df910ab8/consumer_price_indices,9c627674-b600-4cda-8df7-82d8df910ab8,consumer_price_indices,2011-12-10,2018-03-20,,598408c9-f2ca-4fca-bebd-755cb75ffa4d,http://www.ons.gov.uk/ons/dcp19975_223809.xml,2016-04-21,,2016-04-21,office-for-national-statistics,d5b50862-3f2a-4b7b-ad85-841b6def43be,404,NOT_FOUND,HTTP 404,,,,,true,2026-09-02T15:46:26+00:00
https://www.data.gov.uk/dataset/9c627674-b600-4cda-8df7-82d8df910ab8/consumer_price_indices,9c627674-b600-4cda-8df7-82d8df910ab8,consumer_price_indices,2011-12-10,2018-03-20,,5f897895-4986-44a1-893e-ad3bd5e7e6e7,http://www.ons.gov.uk/ons/dcp19975_221787.xml,2016-04-21,,2016-04-21,office-for-national-statistics,d5b50862-3f2a-4b7b-ad85-841b6def43be,404,NOT_FOUND,HTTP 404,,,,,true,2026-09-02T15:46:27+00:00
https://www.data.gov.uk/dataset/9c627674-b600-4cda-8df7-82d8df910ab8/consumer_price_indices,9c627674-b600-4cda-8df7-82d8df910ab8,consumer_price_indices,2011-12-10,2018-03-20,,391245be-b310-4646-b026-e28d3b5be60e,http://www.ons.gov.uk/ons/rel/cpi/consumer-price-indices/december-2014/index.html,2016-04-21,,2016-04-21,office-for-national-statistics,d5b50862-3f2a-4b7b-ad85-841b6def43be,404,NOT_FOUND,HTTP 404,,,,,true,2026-09-02T15:46:28+00:00
https://www.data.gov.uk/dataset/9c627674-b600-4cda-8df7-82d8df910ab8/consumer_price_indices,9c627674-b600-4cda-8df7-82d8df910ab8,consumer_price_indices,2011-12-10,2018-03-20,,1f5c4ef0-e2f5-4cac-b09c-72d332ddd280,http://www.ons.gov.uk/ons/dcp19975_224040.xml,2016-04-21,,2016-04-21,office-for-national-statistics,d5b50862-3f2a-4b7b-ad85-841b6def43be,404,NOT_FOUND,HTTP 404,,,,,true,2026-09-02T15:46:28+00:00
https://www.data.gov.uk/dataset/9c627674-b600-4cda-8df7-82d8df910ab8/consumer_price_indices,9c627674-b600-4cda-8df7-82d8df910ab8,consumer_price_indices,2011-12-10,2018-03-20,,1fdb1509-489d-4f8a-bb7b-8aa93223e764,http://www.ons.gov.uk/ons/dcp19975_258720.xml,2016-04-21,,2016-04-21,office-for-national-statistics,d5b50862-3f2a-4b7b-ad85-841b6def43be,404,NOT_FOUND,HTTP 404,,,,,true,2026-09-02T15:46:28+00:00
https://www.data.gov.uk/dataset/9c627674-b600-4cda-8df7-82d8df910ab8/consumer_price_indices,9c627674-b600-4cda-8df7-82d8df910ab8,consumer_price_indices,2011-12-10,2018-03-20,,0dd1ae77-e2cd-43f9-82ad-0e3b8c90be3a,http://www.ons.gov.uk/ons/rel/cpi/consumer-price-indices/december-2015/index.html,2016-04-21,,2016-04-21,office-for-national-statistics,d5b50862-3f2a-4b7b-ad85-841b6def43be,404,NOT_FOUND,HTTP 404,,,,,true,2026-09-02T15:46:29+00:00
https://www.data.gov.uk/dataset/9c627674-b600-4cda-8df7-82d8df910ab8/consumer_price_indices,9c627674-b600-4cda-8df7-82d8df910ab8,consumer_price_indices,2011-12-10,2018-03-20,,09ba3f0f-bf98-4756-8a71-79206cad728d,http://www.ons.gov.uk/ons/dcp19975_216537.xml,2016-04-21,,2016-04-21,office-for-national-statistics,d5b50862-3f2a-4b7b-ad85-841b6def43be,404,NOT_FOUND,HTTP 404,,,,,true,2026-09-02T15:46:30+00:00
https://www.data.gov.uk/dataset/9c627674-b600-4cda-8df7-82d8df910ab8/consumer_price_indices,9c627674-b600-4cda-8df7-82d8df910ab8,consumer_price_indices,2011-12-10,2018-03-20,,36e6dd82-ab1b-4ad4-89d7-fee686aed1a4,http://www.ons.gov.uk/ons/dcp19975_232439.xml,2016-04-21,,2016-04-21,office-for-national-statistics,d5b50862-3f2a-4b7b-ad85-841b6def43be,404,NOT_FOUND,HTTP 404,,,,,true,2026-09-02T15:46:31+00:00
https://www.data.gov.uk/dataset/9c627674-b600-4cda-8df7-82d8df910ab8/consumer_price_indices,9c627674-b600-4cda-8df7-82d8df910ab8,consumer_price_indices,2011-12-10,2018-03-20,,4a4c733f-accb-4b94-baef-0ad32908a9aa,http://www.ons.gov.uk/ons/rel/cpi/consumer-price-indices/april-2015/index.html,2016-04-21,,2016-04-21,office-for-national-statistics,d5b50862-3f2a-4b7b-ad85-841b6def43be,404,NOT_FOUND,HTTP 404,,,,,true,2026-09-02T15:46:31+00:00
https://www.data.gov.uk/dataset/9c627674-b600-4cda-8df7-82d8df910ab8/consumer_price_indices,9c627674-b600-4cda-8df7-82d8df910ab8,consumer_price_indices,2011-12-10,2018-03-20,,29f88d4b-1ab2-4c50-a36a-1754d95e2697,http://www.ons.gov.uk/ons/dcp19975_258695.xml,2016-04-21,,2016-04-21,office-for-national-statistics,d5b50862-3f2a-4b7b-ad85-841b6def43be,404,NOT_FOUND,HTTP 404,,,,,true,2026-09-02T15:46:31+00:00
https://www.data.gov.uk/dataset/9c627674-b600-4cda-8df7-82d8df910ab8/consumer_price_indices,9c627674-b600-4cda-8df7-82d8df910ab8,consumer_price_indices,2011-12-10,2018-03-20,,3bed65af-a4b0-43d1-bc92-37a62436c353,http://www.ons.gov.uk/ons/dcp19975_223956.xml,2016-04-21,,2016-04-21,office-for-national-statistics,d5b50862-3f2a-4b7b-ad85-841b6def43be,404,NOT_FOUND,HTTP 404,,,,,true,2026-09-02T15:46:31+00:00
https://www.data.gov.uk/dataset/9bad8776-c22a-4fb1-b508-848af1af6333/marriages_in_england_and_wales_provisional,9bad8776-c22a-4fb1-b508-848af1af6333,marriages_in_england_and_wales_provisional,2011-12-11,2018-02-28,,f4a3a10a-b06c-4090-bc7c-08d4167a86f8,http://www.ons.gov.uk/ons/dcp19975_299698.xml,2014-06-11,,2014-06-11,office-for-national-statistics,d5b50862-3f2a-4b7b-ad85-841b6def43be,404,NOT_FOUND,HTTP 404,,,,,true,2026-09-02T15:46:32+00:00
https://www.data.gov.uk/dataset/9c627674-b600-4cda-8df7-82d8df910ab8/consumer_price_indices,9c627674-b600-4cda-8df7-82d8df910ab8,consumer_price_indices,2011-12-10,2018-03-20,,1a3ee87b-e588-4cec-b6fe-5d45490175d8,http://www.ons.gov.uk/ons/dcp19975_224047.xml,2016-04-21,,2016-04-21,office-for-national-statistics,d5b50862-3f2a-4b7b-ad85-841b6def43be,404,NOT_FOUND,HTTP 404,,,,,true,2026-09-02T15:46:32+00:00
https://www.data.gov.uk/dataset/9bad8776-c22a-4fb1-b508-848af1af6333/marriages_in_england_and_wales_provisional,9bad8776-c22a-4fb1-b508-848af1af6333,marriages_in_england_and_wales_provisional,2011-12-11,2018-02-28,,d13ebf70-447e-4180-9de5-dcfe165f7565,http://www.ons.gov.uk/ons/dcp19975_263082.xml,2013-10-01,,2013-10-01,office-for-national-statistics,d5b50862-3f2a-4b7b-ad85-841b6def43be,404,NOT_FOUND,HTTP 404,,,,,true,2026-09-02T15:46:32+00:00
https://www.data.gov.uk/dataset/9c627674-b600-4cda-8df7-82d8df910ab8/consumer_price_indices,9c627674-b600-4cda-8df7-82d8df910ab8,consumer_price_indices,2011-12-10,2018-03-20,,3e1fa735-a570-488b-934a-71daa9f689bb,http://www.ons.gov.uk/ons/dcp19975_197799.xml,2016-04-21,,2016-04-21,office-for-national-statistics,d5b50862-3f2a-4b7b-ad85-841b6def43be,404,NOT_FOUND,HTTP 404,,,,,true,2026-09-02T15:46:32+00:00
https://www.data.gov.uk/dataset/b04c0791-e3fc-46bd-bc0e-700bdd31f014/industry-lden,b04c0791-e3fc-46bd-bc0e-700bdd31f014,industry-lden,2025-09-09,2026-05-20,b04c0791-e3fc-46bd-bc0e-700bdd31f014,0185bb57-9187-420a-a66e-0fa71a6f5c5f,https://opendata-daerani.hub.arcgis.com/api/download/v1/items/2675e58bc9d4468ead021ccb97f86cf7/csv?layers=0,2026-05-15,,2026-05-20,open-data-ni,8549022f-fa16-43e4-a56f-6a45ca875199,500,SERVER_ERROR,HTTP 500,,,,,true,2026-09-02T15:46:40+00:00
https://www.data.gov.uk/dataset/b04c0791-e3fc-46bd-bc0e-700bdd31f014/industry-lden,b04c0791-e3fc-46bd-bc0e-700bdd31f014,industry-lden,2025-09-09,2026-05-20,b04c0791-e3fc-46bd-bc0e-700bdd31f014,9863600d-e8c8-49d0-8e73-151a0b4ebf74,https://opendata-daerani.hub.arcgis.com/api/download/v1/items/2675e58bc9d4468ead021ccb97f86cf7/kml?layers=0,2026-05-15,,2026-05-20,open-data-ni,8549022f-fa16-43e4-a56f-6a45ca875199,500,SERVER_ERROR,HTTP 500,,,,,true,2026-09-02T15:46:43+00:00
https://www.data.gov.uk/dataset/b04c0791-e3fc-46bd-bc0e-700bdd31f014/industry-lden,b04c0791-e3fc-46bd-bc0e-700bdd31f014,industry-lden,2025-09-09,2026-05-20,b04c0791-e3fc-46bd-bc0e-700bdd31f014,d5a3d381-4703-4925-af0e-edc1e282b235,https://opendata-daerani.hub.arcgis.com/api/download/v1/items/2675e58bc9d4468ead021ccb97f86cf7/geojson?layers=0,2026-05-15,,2026-05-20,open-data-ni,8549022f-fa16-43e4-a56f-6a45ca875199,500,SERVER_ERROR,HTTP 500,,,,,true,2026-09-02T15:46:43+00:00
https://www.data.gov.uk/dataset/b04c0791-e3fc-46bd-bc0e-700bdd31f014/industry-lden,b04c0791-e3fc-46bd-bc0e-700bdd31f014,industry-lden,2025-09-09,2026-05-20,b04c0791-e3fc-46bd-bc0e-700bdd31f014,a3367e1c-cda2-4efc-861b-891f93cc6be1,https://opendata-daerani.hub.arcgis.com/api/download/v1/items/2675e58bc9d4468ead021ccb97f86cf7/shapefile?layers=0,2026-05-15,,2026-05-20,open-data-ni,8549022f-fa16-43e4-a56f-6a45ca875199,500,SERVER_ERROR,HTTP 500,,,,,true,2026-09-02T15:46:44+00:00
https://www.data.gov.uk/dataset/9ef8f1af-6e81-4459-8ffa-bcc22d7d67b7/regional_labour_market_statistics,9ef8f1af-6e81-4459-8ffa-bcc22d7d67b7,regional_labour_market_statistics,2011-12-10,2020-01-23,,7514e143-496b-4d30-89b3-300a2a52bd8b,http://www.ons.gov.uk/ons/rel/subnational-labour/regional-labour-market-statistics/december-2015/index.html,2015-12-17,,2015-12-17,office-for-national-statistics,d5b50862-3f2a-4b7b-ad85-841b6def43be,404,NOT_FOUND,HTTP 404,,,,,true,2026-09-02T15:47:07+00:00
https://www.data.gov.uk/dataset/9ef8f1af-6e81-4459-8ffa-bcc22d7d67b7/regional_labour_market_statistics,9ef8f1af-6e81-4459-8ffa-bcc22d7d67b7,regional_labour_market_statistics,2011-12-10,2020-01-23,,903fcea5-7f82-4d38-90ad-6bb730ec607e,http://www.ons.gov.uk/ons/dcp19975_313811.xml,2014-06-11,,2014-06-11,office-for-national-statistics,d5b50862-3f2a-4b7b-ad85-841b6def43be,404,NOT_FOUND,HTTP 404,,,,,true,2026-09-02T15:47:08+00:00
https://www.data.gov.uk/dataset/9ef8f1af-6e81-4459-8ffa-bcc22d7d67b7/regional_labour_market_statistics,9ef8f1af-6e81-4459-8ffa-bcc22d7d67b7,regional_labour_market_statistics,2011-12-10,2020-01-23,,a0cf8d68-282b-4a20-a937-92455a31a5b4,http://www.ons.gov.uk/ons/rel/subnational-labour/regional-labour-market-statistics/august-2015/regional-labour-market--august-2015.html,2015-10-02,,2015-10-02,office-for-national-statistics,d5b50862-3f2a-4b7b-ad85-841b6def43be,404,NOT_FOUND,HTTP 404,,,,,true,2026-09-02T15:47:09+00:00
https://www.data.gov.uk/dataset/9ef8f1af-6e81-4459-8ffa-bcc22d7d67b7/regional_labour_market_statistics,9ef8f1af-6e81-4459-8ffa-bcc22d7d67b7,regional_labour_market_statistics,2011-12-10,2020-01-23,,60053af5-543f-44f5-aaec-3fa8266909f6,http://www.ons.gov.uk/ons/dcp19975_227875.xml,2013-03-08,,2013-03-08,office-for-national-statistics,d5b50862-3f2a-4b7b-ad85-841b6def43be,404,NOT_FOUND,HTTP 404,,,,,true,2026-09-02T15:47:10+00:00
https://www.data.gov.uk/dataset/9ef8f1af-6e81-4459-8ffa-bcc22d7d67b7/regional_labour_market_statistics,9ef8f1af-6e81-4459-8ffa-bcc22d7d67b7,regional_labour_market_statistics,2011-12-10,2020-01-23,,7a0e3315-2174-4acf-87e5-726f20ad7566,http://www.ons.gov.uk/ons/dcp19975_52275.xml,2013-03-11,,2013-03-11,office-for-national-statistics,d5b50862-3f2a-4b7b-ad85-841b6def43be,404,NOT_FOUND,HTTP 404,,,,,true,2026-09-02T15:47:10+00:00
https://www.data.gov.uk/dataset/9ef8f1af-6e81-4459-8ffa-bcc22d7d67b7/regional_labour_market_statistics,9ef8f1af-6e81-4459-8ffa-bcc22d7d67b7,regional_labour_market_statistics,2011-12-10,2020-01-23,,b7f2f9c3-3e56-487d-a93b-057d5fc4ee1e,http://www.ons.gov.uk/ons/dcp19975_28318.xml,2013-03-11,,2013-03-11,office-for-national-statistics,d5b50862-3f2a-4b7b-ad85-841b6def43be,404,NOT_FOUND,HTTP 404,,,,,true,2026-09-02T15:47:11+00:00
https://www.data.gov.uk/dataset/9ef8f1af-6e81-4459-8ffa-bcc22d7d67b7/regional_labour_market_statistics,9ef8f1af-6e81-4459-8ffa-bcc22d7d67b7,regional_labour_market_statistics,2011-12-10,2020-01-23,,c6935b93-d8f9-4bd8-94c6-273c957a7c96,http://www.ons.gov.uk/ons/dcp19975_254362.xml,2013-10-01,,2013-10-01,office-for-national-statistics,d5b50862-3f2a-4b7b-ad85-841b6def43be,404,NOT_FOUND,HTTP 404,,,,,true,2026-09-02T15:47:12+00:00
https://www.data.gov.uk/dataset/9ef8f1af-6e81-4459-8ffa-bcc22d7d67b7/regional_labour_market_statistics,9ef8f1af-6e81-4459-8ffa-bcc22d7d67b7,regional_labour_market_statistics,2011-12-10,2020-01-23,,bc931d43-bae2-4a42-95a4-8ba53c867ca7,http://www.ons.gov.uk/ons/dcp19975_253066.xml,2013-03-08,,2013-03-08,office-for-national-statistics,d5b50862-3f2a-4b7b-ad85-841b6def43be,404,NOT_FOUND,HTTP 404,,,,,true,2026-09-02T15:47:12+00:00
https://www.data.gov.uk/dataset/9ef8f1af-6e81-4459-8ffa-bcc22d7d67b7/regional_labour_market_statistics,9ef8f1af-6e81-4459-8ffa-bcc22d7d67b7,regional_labour_market_statistics,2011-12-10,2020-01-23,,af22233b-99d0-4940-ab60-d4ac4c858771,http://www.ons.gov.uk/ons/dcp19975_298580.xml,2014-03-10,,2014-03-10,office-for-national-statistics,d5b50862-3f2a-4b7b-ad85-841b6def43be,404,NOT_FOUND,HTTP 404,,,,,true,2026-09-02T15:47:13+00:00
https://www.data.gov.uk/dataset/9ef8f1af-6e81-4459-8ffa-bcc22d7d67b7/regional_labour_market_statistics,9ef8f1af-6e81-4459-8ffa-bcc22d7d67b7,regional_labour_market_statistics,2011-12-10,2020-01-23,,625808da-1e63-465e-9292-9780f6adc1b8,http://www.ons.gov.uk/ons/rel/subnational-labour/regional-labour-market-statistics/december-2014/index.html,2014-12-18,,2014-12-18,office-for-national-statistics,d5b50862-3f2a-4b7b-ad85-841b6def43be,404,NOT_FOUND,HTTP 404,,,,,true,2026-09-02T15:47:14+00:00
https://www.data.gov.uk/dataset/9ef8f1af-6e81-4459-8ffa-bcc22d7d67b7/regional_labour_market_statistics,9ef8f1af-6e81-4459-8ffa-bcc22d7d67b7,regional_labour_market_statistics,2011-12-10,2020-01-23,,74d367dd-c789-475d-aeb3-63e2620b9d1e,http://www.ons.gov.uk/ons/dcp19975_254380.xml,2013-12-19,,2013-12-19,office-for-national-statistics,d5b50862-3f2a-4b7b-ad85-841b6def43be,404,NOT_FOUND,HTTP 404,,,,,true,2026-09-02T15:47:15+00:00
https://www.data.gov.uk/dataset/9ef8f1af-6e81-4459-8ffa-bcc22d7d67b7/regional_labour_market_statistics,9ef8f1af-6e81-4459-8ffa-bcc22d7d67b7,regional_labour_market_statistics,2011-12-10,2020-01-23,,7c4ec58b-c487-469d-a3ec-4ed2ab83abfd,http://www.ons.gov.uk/ons/dcp19975_254372.xml,2013-09-11,,2013-09-11,office-for-national-statistics,d5b50862-3f2a-4b7b-ad85-841b6def43be,404,NOT_FOUND,HTTP 404,,,,,true,2026-09-02T15:47:16+00:00
https://www.data.gov.uk/dataset/9ef8f1af-6e81-4459-8ffa-bcc22d7d67b7/regional_labour_market_statistics,9ef8f1af-6e81-4459-8ffa-bcc22d7d67b7,regional_labour_market_statistics,2011-12-10,2020-01-23,,7579563a-4967-447f-9ed3-ac38ea6b2d19,http://www.ons.gov.uk/ons/rel/subnational-labour/regional-labour-market-statistics/february-2016/index.html,2016-02-17,,2016-02-17,office-for-national-statistics,d5b50862-3f2a-4b7b-ad85-841b6def43be,404,NOT_FOUND,HTTP 404,,,,,true,2026-09-02T15:47:16+00:00
https://www.data.gov.uk/dataset/9ef8f1af-6e81-4459-8ffa-bcc22d7d67b7/regional_labour_market_statistics,9ef8f1af-6e81-4459-8ffa-bcc22d7d67b7,regional_labour_market_statistics,2011-12-10,2020-01-23,,b6d85431-7f1a-4d33-beae-08b34ecfc98e,http://www.ons.gov.uk/ons/dcp19975_52269.xml,2013-03-11,,2013-03-11,office-for-national-statistics,d5b50862-3f2a-4b7b-ad85-841b6def43be,404,NOT_FOUND,HTTP 404,,,,,true,2026-09-02T15:47:17+00:00
https://www.data.gov.uk/dataset/9ef8f1af-6e81-4459-8ffa-bcc22d7d67b7/regional_labour_market_statistics,9ef8f1af-6e81-4459-8ffa-bcc22d7d67b7,regional_labour_market_statistics,2011-12-10,2020-01-23,,b0ffcb0c-846b-4431-91a8-8cce7bdaf729,http://www.ons.gov.uk/ons/dcp19975_26127.xml,2013-03-11,,2013-03-11,office-for-national-statistics,d5b50862-3f2a-4b7b-ad85-841b6def43be,404,NOT_FOUND,HTTP 404,,,,,true,2026-09-02T15:47:17+00:00
https://www.data.gov.uk/dataset/9ef8f1af-6e81-4459-8ffa-bcc22d7d67b7/regional_labour_market_statistics,9ef8f1af-6e81-4459-8ffa-bcc22d7d67b7,regional_labour_market_statistics,2011-12-10,2020-01-23,,6bd15f41-8bb0-415c-bef7-8270f1002131,http://www.ons.gov.uk/ons/dcp19975_52254.xml,2013-03-11,,2013-03-11,office-for-national-statistics,d5b50862-3f2a-4b7b-ad85-841b6def43be,404,NOT_FOUND,HTTP 404,,,,,true,2026-09-02T15:47:17+00:00
https://www.data.gov.uk/dataset/9ef8f1af-6e81-4459-8ffa-bcc22d7d67b7/regional_labour_market_statistics,9ef8f1af-6e81-4459-8ffa-bcc22d7d67b7,regional_labour_market_statistics,2011-12-10,2020-01-23,,77aa9572-22ba-4451-8a03-3dd4d98bc629,http://www.ons.gov.uk/ons/dcp19975_26121.xml,2013-03-11,,2013-03-11,office-for-national-statistics,d5b50862-3f2a-4b7b-ad85-841b6def43be,404,NOT_FOUND,HTTP 404,,,,,true,2026-09-02T15:47:18+00:00
https://www.data.gov.uk/dataset/9ef8f1af-6e81-4459-8ffa-bcc22d7d67b7/regional_labour_market_statistics,9ef8f1af-6e81-4459-8ffa-bcc22d7d67b7,regional_labour_market_statistics,2011-12-10,2020-01-23,,b2687385-929b-4252-ab27-c14c0c646d0c,http://www.ons.gov.uk/ons/rel/subnational-labour/regional-labour-market-statistics/october-2015/index.html,2015-10-16,,2015-10-16,office-for-national-statistics,d5b50862-3f2a-4b7b-ad85-841b6def43be,404,NOT_FOUND,HTTP 404,,,,,true,2026-09-02T15:47:18+00:00
https://www.data.gov.uk/dataset/9ef8f1af-6e81-4459-8ffa-bcc22d7d67b7/regional_labour_market_statistics,9ef8f1af-6e81-4459-8ffa-bcc22d7d67b7,regional_labour_market_statistics,2011-12-10,2020-01-23,,c646f5d8-4409-4fac-b36c-9ca133aa9724,http://www.ons.gov.uk/ons/dcp19975_52259.xml,2013-03-11,,2013-03-11,office-for-national-statistics,d5b50862-3f2a-4b7b-ad85-841b6def43be,404,NOT_FOUND,HTTP 404,,,,,true,2026-09-02T15:47:18+00:00
https://www.data.gov.uk/dataset/9ef8f1af-6e81-4459-8ffa-bcc22d7d67b7/regional_labour_market_statistics,9ef8f1af-6e81-4459-8ffa-bcc22d7d67b7,regional_labour_market_statistics,2011-12-10,2020-01-23,,962adc81-78f6-4ffe-ab43-373de6792277,http://www.ons.gov.uk/ons/dcp19975_28312.xml,2013-03-11,,2013-03-11,office-for-national-statistics,d5b50862-3f2a-4b7b-ad85-841b6def43be,404,NOT_FOUND,HTTP 404,,,,,true,2026-09-02T15:47:19+00:00
https://www.data.gov.uk/dataset/9ef8f1af-6e81-4459-8ffa-bcc22d7d67b7/regional_labour_market_statistics,9ef8f1af-6e81-4459-8ffa-bcc22d7d67b7,regional_labour_market_statistics,2011-12-10,2020-01-23,,c332afb7-f48d-4dc4-8a7d-161371f87b6f,http://www.ons.gov.uk/ons/dcp19975_248537.xml,2013-03-11,,2013-03-11,office-for-national-statistics,d5b50862-3f2a-4b7b-ad85-841b6def43be,404,NOT_FOUND,HTTP 404,,,,,true,2026-09-02T15:47:19+00:00
https://www.data.gov.uk/dataset/9ef8f1af-6e81-4459-8ffa-bcc22d7d67b7/regional_labour_market_statistics,9ef8f1af-6e81-4459-8ffa-bcc22d7d67b7,regional_labour_market_statistics,2011-12-10,2020-01-23,,aade5912-4538-41fe-ae86-bbedda17081a,http://www.ons.gov.uk/ons/dcp19975_235143.xml,2013-03-11,,2013-03-11,office-for-national-statistics,d5b50862-3f2a-4b7b-ad85-841b6def43be,404,NOT_FOUND,HTTP 404,,,,,true,2026-09-02T15:47:20+00:00
https://www.data.gov.uk/dataset/9ef8f1af-6e81-4459-8ffa-bcc22d7d67b7/regional_labour_market_statistics,9ef8f1af-6e81-4459-8ffa-bcc22d7d67b7,regional_labour_market_statistics,2011-12-10,2020-01-23,,c496d189-d4a6-4cbd-98c3-e805a4e7cbc4,http://www.ons.gov.uk/ons/rel/subnational-labour/regional-labour-market-statistics/november-2015/index.html,2015-11-13,,2015-11-13,office-for-national-statistics,d5b50862-3f2a-4b7b-ad85-841b6def43be,404,NOT_FOUND,HTTP 404,,,,,true,2026-09-02T15:47:20+00:00
https://www.data.gov.uk/dataset/9ef8f1af-6e81-4459-8ffa-bcc22d7d67b7/regional_labour_market_statistics,9ef8f1af-6e81-4459-8ffa-bcc22d7d67b7,regional_labour_market_statistics,2011-12-10,2020-01-23,,a0808842-01a6-45de-afc5-53ca02942d9f,http://www.ons.gov.uk/ons/dcp19975_28296.xml,2013-03-11,,2013-03-11,office-for-national-statistics,d5b50862-3f2a-4b7b-ad85-841b6def43be,404,NOT_FOUND,HTTP 404,,,,,true,2026-09-02T15:47:20+00:00
https://www.data.gov.uk/dataset/9ef8f1af-6e81-4459-8ffa-bcc22d7d67b7/regional_labour_market_statistics,9ef8f1af-6e81-4459-8ffa-bcc22d7d67b7,regional_labour_market_statistics,2011-12-10,2020-01-23,,b34edc20-21d6-47fd-aaf0-bc3441d48ff7,http://www.ons.gov.uk/ons/dcp19975_52263.xml,2013-03-11,,2013-03-11,office-for-national-statistics,d5b50862-3f2a-4b7b-ad85-841b6def43be,404,NOT_FOUND,HTTP 404,,,,,true,2026-09-02T15:47:20+00:00
https://www.data.gov.uk/dataset/9ef8f1af-6e81-4459-8ffa-bcc22d7d67b7/regional_labour_market_statistics,9ef8f1af-6e81-4459-8ffa-bcc22d7d67b7,regional_labour_market_statistics,2011-12-10,2020-01-23,,5897054e-bd91-451d-815c-410671d9dfd1,http://www.ons.gov.uk/ons/dcp19975_199955.xml,2013-03-11,,2013-03-11,office-for-national-statistics,d5b50862-3f2a-4b7b-ad85-841b6def43be,404,NOT_FOUND,HTTP 404,,,,,true,2026-09-02T15:47:20+00:00
https://www.data.gov.uk/dataset/9ef8f1af-6e81-4459-8ffa-bcc22d7d67b7/regional_labour_market_statistics,9ef8f1af-6e81-4459-8ffa-bcc22d7d67b7,regional_labour_market_statistics,2011-12-10,2020-01-23,,a4467a29-fc57-4407-b4dc-094efad2cf1b,http://www.ons.gov.uk/ons/dcp19975_28141.xml,2013-03-11,,2013-03-11,office-for-national-statistics,d5b50862-3f2a-4b7b-ad85-841b6def43be,404,NOT_FOUND,HTTP 404,,,,,true,2026-09-02T15:47:21+00:00
https://www.data.gov.uk/dataset/9ef8f1af-6e81-4459-8ffa-bcc22d7d67b7/regional_labour_market_statistics,9ef8f1af-6e81-4459-8ffa-bcc22d7d67b7,regional_labour_market_statistics,2011-12-10,2020-01-23,,c3eb71b4-361e-4155-8508-188dc1ec11e5,http://www.ons.gov.uk/ons/dcp19975_216467.xml,2013-03-11,,2013-03-11,office-for-national-statistics,d5b50862-3f2a-4b7b-ad85-841b6def43be,404,NOT_FOUND,HTTP 404,,,,,true,2026-09-02T15:47:21+00:00
https://www.data.gov.uk/dataset/9ef8f1af-6e81-4459-8ffa-bcc22d7d67b7/regional_labour_market_statistics,9ef8f1af-6e81-4459-8ffa-bcc22d7d67b7,regional_labour_market_statistics,2011-12-10,2020-01-23,,bf3c2bb9-1b3a-4608-bfdc-b3023b459cb0,http://www.ons.gov.uk/ons/dcp19975_28298.xml,2013-03-11,,2013-03-11,office-for-national-statistics,d5b50862-3f2a-4b7b-ad85-841b6def43be,404,NOT_FOUND,HTTP 404,,,,,true,2026-09-02T15:47:21+00:00
https://www.data.gov.uk/dataset/a462fec8-139a-424b-a265-a22f76879421/producer_price_index,a462fec8-139a-424b-a265-a22f76879421,producer_price_index,2011-12-10,2019-01-16,,a1a2f75a-d6dc-4803-ba1e-c4a0894984a1,http://www.ons.gov.uk/ons/dcp19975_27898.xml,2013-03-11,,2013-03-11,office-for-national-statistics,d5b50862-3f2a-4b7b-ad85-841b6def43be,404,NOT_FOUND,HTTP 404,,,,,true,2026-09-02T15:48:01+00:00
https://www.data.gov.uk/dataset/a462fec8-139a-424b-a265-a22f76879421/producer_price_index,a462fec8-139a-424b-a265-a22f76879421,producer_price_index,2011-12-10,2019-01-16,,446882c4-ee73-4b05-a2f6-8b297d0b1d9f,http://www.ons.gov.uk/ons/dcp19975_278697.xml,2014-01-14,,2014-01-14,office-for-national-statistics,d5b50862-3f2a-4b7b-ad85-841b6def43be,404,NOT_FOUND,HTTP 404,,,,,true,2026-09-02T15:48:02+00:00
https://www.data.gov.uk/dataset/a462fec8-139a-424b-a265-a22f76879421/producer_price_index,a462fec8-139a-424b-a265-a22f76879421,producer_price_index,2011-12-10,2019-01-16,,4bbf1954-5844-490f-beff-92ba816e5ba9,http://www.ons.gov.uk/ons/dcp19975_25002.xml,2013-03-11,,2013-03-11,office-for-national-statistics,d5b50862-3f2a-4b7b-ad85-841b6def43be,404,NOT_FOUND,HTTP 404,,,,,true,2026-09-02T15:48:03+00:00
https://www.data.gov.uk/dataset/a462fec8-139a-424b-a265-a22f76879421/producer_price_index,a462fec8-139a-424b-a265-a22f76879421,producer_price_index,2011-12-10,2019-01-16,,881bc030-045c-4143-884d-0f2d0379ddd6,http://www.ons.gov.uk/ons/dcp19975_278689.xml,2013-12-13,,2013-12-13,office-for-national-statistics,d5b50862-3f2a-4b7b-ad85-841b6def43be,404,NOT_FOUND,HTTP 404,,,,,true,2026-09-02T15:48:04+00:00
https://www.data.gov.uk/dataset/a462fec8-139a-424b-a265-a22f76879421/producer_price_index,a462fec8-139a-424b-a265-a22f76879421,producer_price_index,2011-12-10,2019-01-16,,8b7a73a6-a71e-40fe-a566-d3d93aa76f9f,http://www.ons.gov.uk/ons/dcp19975_29049.xml,2013-03-11,,2013-03-11,office-for-national-statistics,d5b50862-3f2a-4b7b-ad85-841b6def43be,404,NOT_FOUND,HTTP 404,,,,,true,2026-09-02T15:48:04+00:00
https://www.data.gov.uk/dataset/a462fec8-139a-424b-a265-a22f76879421/producer_price_index,a462fec8-139a-424b-a265-a22f76879421,producer_price_index,2011-12-10,2019-01-16,,80dec722-1558-4412-8dcb-6287cd1c2ec7,http://www.ons.gov.uk/ons/dcp19975_226636.xml,2013-03-08,,2013-03-08,office-for-national-statistics,d5b50862-3f2a-4b7b-ad85-841b6def43be,404,NOT_FOUND,HTTP 404,,,,,true,2026-09-02T15:48:05+00:00
https://www.data.gov.uk/dataset/a462fec8-139a-424b-a265-a22f76879421/producer_price_index,a462fec8-139a-424b-a265-a22f76879421,producer_price_index,2011-12-10,2019-01-16,,4fd92244-ff87-4538-acde-c37e17214e2c,http://www.ons.gov.uk/ons/dcp19975_109448.xml,2013-03-11,,2013-03-11,office-for-national-statistics,d5b50862-3f2a-4b7b-ad85-841b6def43be,404,NOT_FOUND,HTTP 404,,,,,true,2026-09-02T15:48:05+00:00
https://www.data.gov.uk/dataset/a462fec8-139a-424b-a265-a22f76879421/producer_price_index,a462fec8-139a-424b-a265-a22f76879421,producer_price_index,2011-12-10,2019-01-16,,388bb8de-f048-4674-9414-f643d28c97a0,http://www.ons.gov.uk/ons/rel/ppi2/producer-price-index/december-2014/index.html,2015-01-13,,2015-01-13,office-for-national-statistics,d5b50862-3f2a-4b7b-ad85-841b6def43be,404,NOT_FOUND,HTTP 404,,,,,true,2026-09-02T15:48:06+00:00
https://www.data.gov.uk/dataset/a462fec8-139a-424b-a265-a22f76879421/producer_price_index,a462fec8-139a-424b-a265-a22f76879421,producer_price_index,2011-12-10,2019-01-16,,464db79b-e3d3-4f48-99ca-317a566242ae,http://www.ons.gov.uk/ons/dcp19975_226600.xml,2013-03-12,,2013-03-12,office-for-national-statistics,d5b50862-3f2a-4b7b-ad85-841b6def43be,404,NOT_FOUND,HTTP 404,,,,,true,2026-09-02T15:48:07+00:00
https://www.data.gov.uk/dataset/a462fec8-139a-424b-a265-a22f76879421/producer_price_index,a462fec8-139a-424b-a265-a22f76879421,producer_price_index,2011-12-10,2019-01-16,,5d7b3fb3-b166-4bcb-9e92-f0d6ea5d4f65,http://www.ons.gov.uk/ons/dcp19975_300019.xml,2014-05-20,,2014-05-20,office-for-national-statistics,d5b50862-3f2a-4b7b-ad85-841b6def43be,404,NOT_FOUND,HTTP 404,,,,,true,2026-09-02T15:48:07+00:00
https://www.data.gov.uk/dataset/a462fec8-139a-424b-a265-a22f76879421/producer_price_index,a462fec8-139a-424b-a265-a22f76879421,producer_price_index,2011-12-10,2019-01-16,,5e440cf8-fa7b-42db-9da0-448b6956f7ea,http://www.ons.gov.uk/ons/dcp19975_226644.xml,2013-03-08,,2013-03-08,office-for-national-statistics,d5b50862-3f2a-4b7b-ad85-841b6def43be,404,NOT_FOUND,HTTP 404,,,,,true,2026-09-02T15:48:07+00:00
https://www.data.gov.uk/dataset/a462fec8-139a-424b-a265-a22f76879421/producer_price_index,a462fec8-139a-424b-a265-a22f76879421,producer_price_index,2011-12-10,2019-01-16,,4c23e257-f400-431d-99e8-ed614ccb5263,http://www.ons.gov.uk/ons/dcp19975_29055.xml,2013-03-11,,2013-03-11,office-for-national-statistics,d5b50862-3f2a-4b7b-ad85-841b6def43be,404,NOT_FOUND,HTTP 404,,,,,true,2026-09-02T15:48:08+00:00
https://www.data.gov.uk/dataset/a462fec8-139a-424b-a265-a22f76879421/producer_price_index,a462fec8-139a-424b-a265-a22f76879421,producer_price_index,2011-12-10,2019-01-16,,6e54d28d-5812-4ff9-b618-e29bdddb3c1c,http://www.ons.gov.uk/ons/dcp19975_222730.xml,2013-03-12,,2013-03-12,office-for-national-statistics,d5b50862-3f2a-4b7b-ad85-841b6def43be,404,NOT_FOUND,HTTP 404,,,,,true,2026-09-02T15:48:09+00:00
https://www.data.gov.uk/dataset/a462fec8-139a-424b-a265-a22f76879421/producer_price_index,a462fec8-139a-424b-a265-a22f76879421,producer_price_index,2011-12-10,2019-01-16,,56899540-3b3c-4018-9c13-038d1b0e7b15,http://www.ons.gov.uk/ons/dcp19975_271012.xml,2013-07-16,,2013-07-16,office-for-national-statistics,d5b50862-3f2a-4b7b-ad85-841b6def43be,404,NOT_FOUND,HTTP 404,,,,,true,2026-09-02T15:48:10+00:00
https://www.data.gov.uk/dataset/a462fec8-139a-424b-a265-a22f76879421/producer_price_index,a462fec8-139a-424b-a265-a22f76879421,producer_price_index,2011-12-10,2019-01-16,,acac6cf3-9830-4131-88d7-58c74892db9a,http://www.ons.gov.uk/ons/dcp19975_226641.xml,2013-03-08,,2013-03-08,office-for-national-statistics,d5b50862-3f2a-4b7b-ad85-841b6def43be,404,NOT_FOUND,HTTP 404,,,,,true,2026-09-02T15:48:10+00:00
https://www.data.gov.uk/dataset/a462fec8-139a-424b-a265-a22f76879421/producer_price_index,a462fec8-139a-424b-a265-a22f76879421,producer_price_index,2011-12-10,2019-01-16,,473be778-5953-4356-87cf-ec624c3a34b6,http://www.ons.gov.uk/ons/dcp19975_26997.xml,2013-03-11,,2013-03-11,office-for-national-statistics,d5b50862-3f2a-4b7b-ad85-841b6def43be,404,NOT_FOUND,HTTP 404,,,,,true,2026-09-02T15:48:10+00:00
https://www.data.gov.uk/dataset/a462fec8-139a-424b-a265-a22f76879421/producer_price_index,a462fec8-139a-424b-a265-a22f76879421,producer_price_index,2011-12-10,2019-01-16,,6a618fe2-3c92-4006-a3b9-6f4056eff159,http://www.ons.gov.uk/ons/dcp19975_260108.xml,2013-03-19,,2013-03-19,office-for-national-statistics,d5b50862-3f2a-4b7b-ad85-841b6def43be,404,NOT_FOUND,HTTP 404,,,,,true,2026-09-02T15:48:11+00:00
https://www.data.gov.uk/dataset/a462fec8-139a-424b-a265-a22f76879421/producer_price_index,a462fec8-139a-424b-a265-a22f76879421,producer_price_index,2011-12-10,2019-01-16,,5f58af93-2fce-4104-9abc-880cbd9893a4,http://www.ons.gov.uk/ons/dcp19975_109415.xml,2013-03-11,,2013-03-11,office-for-national-statistics,d5b50862-3f2a-4b7b-ad85-841b6def43be,404,NOT_FOUND,HTTP 404,,,,,true,2026-09-02T15:48:11+00:00
https://www.data.gov.uk/dataset/a462fec8-139a-424b-a265-a22f76879421/producer_price_index,a462fec8-139a-424b-a265-a22f76879421,producer_price_index,2011-12-10,2019-01-16,,4a68742d-68d6-4ed3-83a8-c57a1f506b97,http://www.ons.gov.uk/ons/dcp19975_210868.xml,2013-03-11,,2013-03-11,office-for-national-statistics,d5b50862-3f2a-4b7b-ad85-841b6def43be,404,NOT_FOUND,HTTP 404,,,,,true,2026-09-02T15:48:11+00:00
https://www.data.gov.uk/dataset/a462fec8-139a-424b-a265-a22f76879421/producer_price_index,a462fec8-139a-424b-a265-a22f76879421,producer_price_index,2011-12-10,2019-01-16,,91ff83ca-3a2b-4b89-95fc-c16e3a1e250b,http://www.ons.gov.uk/ons/dcp19975_25007.xml,2013-03-11,,2013-03-11,office-for-national-statistics,d5b50862-3f2a-4b7b-ad85-841b6def43be,404,NOT_FOUND,HTTP 404,,,,,true,2026-09-02T15:48:11+00:00
https://www.data.gov.uk/dataset/a462fec8-139a-424b-a265-a22f76879421/producer_price_index,a462fec8-139a-424b-a265-a22f76879421,producer_price_index,2011-12-10,2019-01-16,,a8a9a50f-23be-4329-b8e9-f5d176d6caba,http://www.ons.gov.uk/ons/dcp19975_210806.xml,2013-03-11,,2013-03-11,office-for-national-statistics,d5b50862-3f2a-4b7b-ad85-841b6def43be,404,NOT_FOUND,HTTP 404,,,,,true,2026-09-02T15:48:13+00:00
https://www.data.gov.uk/dataset/a462fec8-139a-424b-a265-a22f76879421/producer_price_index,a462fec8-139a-424b-a265-a22f76879421,producer_price_index,2011-12-10,2019-01-16,,926fe277-86d6-41f4-827a-b42e8fbd30f1,http://www.ons.gov.uk/ons/dcp19975_109452.xml,2013-03-11,,2013-03-11,office-for-national-statistics,d5b50862-3f2a-4b7b-ad85-841b6def43be,404,NOT_FOUND,HTTP 404,,,,,true,2026-09-02T15:48:15+00:00
https://www.data.gov.uk/dataset/a462fec8-139a-424b-a265-a22f76879421/producer_price_index,a462fec8-139a-424b-a265-a22f76879421,producer_price_index,2011-12-10,2019-01-16,,92c8a976-0697-41b3-9c91-f22a281e0cf3,http://www.ons.gov.uk/ons/dcp19975_221103.xml,2013-03-12,,2013-03-12,office-for-national-statistics,d5b50862-3f2a-4b7b-ad85-841b6def43be,404,NOT_FOUND,HTTP 404,,,,,true,2026-09-02T15:48:15+00:00
https://www.data.gov.uk/dataset/a462fec8-139a-424b-a265-a22f76879421/producer_price_index,a462fec8-139a-424b-a265-a22f76879421,producer_price_index,2011-12-10,2019-01-16,,40a3ab3e-dee8-4dd4-8781-b0fb27b8fa64,http://www.ons.gov.uk/ons/dcp19975_226609.xml,2013-03-07,,2013-03-07,office-for-national-statistics,d5b50862-3f2a-4b7b-ad85-841b6def43be,404,NOT_FOUND,HTTP 404,,,,,true,2026-09-02T15:48:16+00:00
https://www.data.gov.uk/dataset/a462fec8-139a-424b-a265-a22f76879421/producer_price_index,a462fec8-139a-424b-a265-a22f76879421,producer_price_index,2011-12-10,2019-01-16,,90a0bb3d-54d4-477e-aaa0-a7f93ea4e93f,http://www.ons.gov.uk/ons/dcp19975_109402.xml,2013-03-11,,2013-03-11,office-for-national-statistics,d5b50862-3f2a-4b7b-ad85-841b6def43be,404,NOT_FOUND,HTTP 404,,,,,true,2026-09-02T15:48:16+00:00
https://www.data.gov.uk/dataset/a462fec8-139a-424b-a265-a22f76879421/producer_price_index,a462fec8-139a-424b-a265-a22f76879421,producer_price_index,2011-12-10,2019-01-16,,8a1c2497-d456-43e6-8087-487039133b2a,http://www.ons.gov.uk/ons/dcp19975_109456.xml,2013-03-11,,2013-03-11,office-for-national-statistics,d5b50862-3f2a-4b7b-ad85-841b6def43be,404,NOT_FOUND,HTTP 404,,,,,true,2026-09-02T15:48:16+00:00
https://www.data.gov.uk/dataset/a462fec8-139a-424b-a265-a22f76879421/producer_price_index,a462fec8-139a-424b-a265-a22f76879421,producer_price_index,2011-12-10,2019-01-16,,971f4df4-d238-4ca0-aa87-ce51a661efb2,http://www.ons.gov.uk/ons/dcp19975_199070.xml,2013-03-11,,2013-03-11,office-for-national-statistics,d5b50862-3f2a-4b7b-ad85-841b6def43be,404,NOT_FOUND,HTTP 404,,,,,true,2026-09-02T15:48:17+00:00
https://www.data.gov.uk/dataset/a462fec8-139a-424b-a265-a22f76879421/producer_price_index,a462fec8-139a-424b-a265-a22f76879421,producer_price_index,2011-12-10,2019-01-16,,b1b200c5-6f3c-42ff-9679-63d806e4a546,http://www.ons.gov.uk/ons/dcp19975_278683.xml,2013-09-17,,2013-09-17,office-for-national-statistics,d5b50862-3f2a-4b7b-ad85-841b6def43be,404,NOT_FOUND,HTTP 404,,,,,true,2026-09-02T15:48:17+00:00
https://www.data.gov.uk/dataset/a462fec8-139a-424b-a265-a22f76879421/producer_price_index,a462fec8-139a-424b-a265-a22f76879421,producer_price_index,2011-12-10,2019-01-16,,42ef5cce-fb49-4374-b9b8-874b0a3ccef8,http://www.ons.gov.uk/ons/dcp19975_316320.xml,2014-08-19,,2014-08-19,office-for-national-statistics,d5b50862-3f2a-4b7b-ad85-841b6def43be,404,NOT_FOUND,HTTP 404,,,,,true,2026-09-02T15:48:17+00:00
https://www.data.gov.uk/dataset/a462fec8-139a-424b-a265-a22f76879421/producer_price_index,a462fec8-139a-424b-a265-a22f76879421,producer_price_index,2011-12-10,2019-01-16,,50901dcd-08cc-4d49-bba3-08099d449651,http://www.ons.gov.uk/ons/dcp19975_316318.xml,2014-07-15,,2014-07-15,office-for-national-statistics,d5b50862-3f2a-4b7b-ad85-841b6def43be,404,NOT_FOUND,HTTP 404,,,,,true,2026-09-02T15:48:17+00:00
https://www.data.gov.uk/dataset/a462fec8-139a-424b-a265-a22f76879421/producer_price_index,a462fec8-139a-424b-a265-a22f76879421,producer_price_index,2011-12-10,2019-01-16,,92de1b59-a024-4437-aa85-95958fdcbc13,http://www.ons.gov.uk/ons/dcp19975_226604.xml,2013-03-12,,2013-03-12,office-for-national-statistics,d5b50862-3f2a-4b7b-ad85-841b6def43be,404,NOT_FOUND,HTTP 404,,,,,true,2026-09-02T15:48:17+00:00
https://www.data.gov.uk/dataset/a462fec8-139a-424b-a265-a22f76879421/producer_price_index,a462fec8-139a-424b-a265-a22f76879421,producer_price_index,2011-12-10,2019-01-16,,91690e07-13a5-4525-80ac-02ea5aa50a12,http://www.ons.gov.uk/ons/dcp19975_225095.xml,2013-03-12,,2013-03-12,office-for-national-statistics,d5b50862-3f2a-4b7b-ad85-841b6def43be,404,NOT_FOUND,HTTP 404,,,,,true,2026-09-02T15:48:18+00:00
https://www.data.gov.uk/dataset/a462fec8-139a-424b-a265-a22f76879421/producer_price_index,a462fec8-139a-424b-a265-a22f76879421,producer_price_index,2011-12-10,2019-01-16,,2caa9852-7b5d-4c5f-abc1-ab6916630282,http://www.ons.gov.uk/ons/rel/ppi2/producer-price-index/january-2015/index.html,2015-02-18,,2015-02-18,office-for-national-statistics,d5b50862-3f2a-4b7b-ad85-841b6def43be,404,NOT_FOUND,HTTP 404,,,,,true,2026-09-02T15:48:18+00:00
https://www.data.gov.uk/dataset/a462fec8-139a-424b-a265-a22f76879421/producer_price_index,a462fec8-139a-424b-a265-a22f76879421,producer_price_index,2011-12-10,2019-01-16,,2abcc2a5-ce90-43ef-a9d8-a793df33eb87,http://www.ons.gov.uk/ons/dcp19975_27001.xml,2013-03-11,,2013-03-11,office-for-national-statistics,d5b50862-3f2a-4b7b-ad85-841b6def43be,404,NOT_FOUND,HTTP 404,,,,,true,2026-09-02T15:48:18+00:00
https://www.data.gov.uk/dataset/c1dde6b3-b969-4419-a1c5-025ca54e2bad/major-railway-lden2,c1dde6b3-b969-4419-a1c5-025ca54e2bad,major-railway-lden2,2025-09-09,2026-05-20,c1dde6b3-b969-4419-a1c5-025ca54e2bad,3c630b92-19c9-4419-8769-a6befb654c2e,https://opendata-daerani.hub.arcgis.com/api/download/v1/items/3e642597bcbc409ba171e95c1421b78d/geojson?layers=0,2026-05-15,,2026-05-20,open-data-ni,8549022f-fa16-43e4-a56f-6a45ca875199,500,SERVER_ERROR,HTTP 500,,,,,true,2026-09-02T15:33:02+00:00
https://www.data.gov.uk/dataset/c1dde6b3-b969-4419-a1c5-025ca54e2bad/major-railway-lden2,c1dde6b3-b969-4419-a1c5-025ca54e2bad,major-railway-lden2,2025-09-09,2026-05-20,c1dde6b3-b969-4419-a1c5-025ca54e2bad,de322f7a-3ce1-4696-a698-e8584ae15741,https://opendata-daerani.hub.arcgis.com/api/download/v1/items/3e642597bcbc409ba171e95c1421b78d/kml?layers=0,2026-05-15,,2026-05-20,open-data-ni,8549022f-fa16-43e4-a56f-6a45ca875199,500,SERVER_ERROR,HTTP 500,,,,,true,2026-09-02T15:33:04+00:00
https://www.data.gov.uk/dataset/c1dde6b3-b969-4419-a1c5-025ca54e2bad/major-railway-lden2,c1dde6b3-b969-4419-a1c5-025ca54e2bad,major-railway-lden2,2025-09-09,2026-05-20,c1dde6b3-b969-4419-a1c5-025ca54e2bad,f2d8629c-fe29-441d-ba0c-225a1765d125,https://opendata-daerani.hub.arcgis.com/api/download/v1/items/3e642597bcbc409ba171e95c1421b78d/shapefile?layers=0,2026-05-15,,2026-05-20,open-data-ni,8549022f-fa16-43e4-a56f-6a45ca875199,500,SERVER_ERROR,HTTP 500,,,,,true,2026-09-02T15:33:01+00:00
https://www.data.gov.uk/dataset/c1dde6b3-b969-4419-a1c5-025ca54e2bad/major-railway-lden2,c1dde6b3-b969-4419-a1c5-025ca54e2bad,major-railway-lden2,2025-09-09,2026-05-20,c1dde6b3-b969-4419-a1c5-025ca54e2bad,b34fb909-974a-4dd9-bf48-8d3e3e1df644,https://opendata-daerani.hub.arcgis.com/api/download/v1/items/3e642597bcbc409ba171e95c1421b78d/csv?layers=0,2026-05-15,,2026-05-20,open-data-ni,8549022f-fa16-43e4-a56f-6a45ca875199,500,SERVER_ERROR,HTTP 500,,,,,true,2026-09-02T15:33:01+00:00
https://www.data.gov.uk/dataset/a5b63fe0-ca3a-460f-af87-85c3d804e718/cancer_incidence_and_mortality,a5b63fe0-ca3a-460f-af87-85c3d804e718,cancer_incidence_and_mortality,2011-12-10,2014-05-09,,6ca91249-58a9-4df4-b9ea-559539e9362d,http://www.ons.gov.uk/ons/dcp19975_211236.xml,2013-03-11,,2013-03-11,office-for-national-statistics,d5b50862-3f2a-4b7b-ad85-841b6def43be,404,NOT_FOUND,HTTP 404,,,,,true,2026-09-02T15:48:49+00:00
https://www.data.gov.uk/dataset/a53b9d2e-a6f7-4be3-ab1b-fd62896ae5c9/economic_and_labour_market_review,a53b9d2e-a6f7-4be3-ab1b-fd62896ae5c9,economic_and_labour_market_review,2011-12-10,2014-05-09,,a1f8cd03-f5b2-4e08-bd9c-17d33bebaa4c,http://www.ons.gov.uk/ons/dcp19975_218623.xml,2013-03-12,,2013-03-12,office-for-national-statistics,d5b50862-3f2a-4b7b-ad85-841b6def43be,404,NOT_FOUND,HTTP 404,,,,,true,2026-09-02T15:48:50+00:00
https://www.data.gov.uk/dataset/a6765d84-34c4-489c-b0c4-83a8ced3125d/parents_country_of_birth_england_and_wales,a6765d84-34c4-489c-b0c4-83a8ced3125d,parents_country_of_birth_england_and_wales,2011-12-10,2018-08-23,,e8cdb11d-595b-4abc-bcca-717b3c1f9d56,http://www.ons.gov.uk/ons/dcp19975_318131.xml,2014-08-28,,2014-08-28,office-for-national-statistics,d5b50862-3f2a-4b7b-ad85-841b6def43be,404,NOT_FOUND,HTTP 404,,,,,true,2026-09-02T15:48:51+00:00
https://www.data.gov.uk/dataset/a5b63fe0-ca3a-460f-af87-85c3d804e718/cancer_incidence_and_mortality,a5b63fe0-ca3a-460f-af87-85c3d804e718,cancer_incidence_and_mortality,2011-12-10,2014-05-09,,6fc7643a-1469-4ca6-a9e2-4b167edb761d,http://www.ons.gov.uk/ons/dcp19975_28108.xml,2013-03-11,,2013-03-11,office-for-national-statistics,d5b50862-3f2a-4b7b-ad85-841b6def43be,404,NOT_FOUND,HTTP 404,,,,,true,2026-09-02T15:48:51+00:00
https://www.data.gov.uk/dataset/a53b9d2e-a6f7-4be3-ab1b-fd62896ae5c9/economic_and_labour_market_review,a53b9d2e-a6f7-4be3-ab1b-fd62896ae5c9,economic_and_labour_market_review,2011-12-10,2014-05-09,,cc9b1bee-5f82-45e5-968c-46b6f7734300,http://www.ons.gov.uk/ons/dcp19975_51648.xml,2013-03-11,,2013-03-11,office-for-national-statistics,d5b50862-3f2a-4b7b-ad85-841b6def43be,404,NOT_FOUND,HTTP 404,,,,,true,2026-09-02T15:48:52+00:00
https://www.data.gov.uk/dataset/a53b9d2e-a6f7-4be3-ab1b-fd62896ae5c9/economic_and_labour_market_review,a53b9d2e-a6f7-4be3-ab1b-fd62896ae5c9,economic_and_labour_market_review,2011-12-10,2014-05-09,,97188486-cef5-4ff6-bf70-4a4fef12eef9,http://www.ons.gov.uk/ons/dcp19975_51547.xml,2013-03-11,,2013-03-11,office-for-national-statistics,d5b50862-3f2a-4b7b-ad85-841b6def43be,404,NOT_FOUND,HTTP 404,,,,,true,2026-09-02T15:48:52+00:00
https://www.data.gov.uk/dataset/c520d0cf-a445-4c1c-886d-142912a8d8cf/agglomeration-roads-lday1,c520d0cf-a445-4c1c-886d-142912a8d8cf,agglomeration-roads-lday1,2025-09-09,2026-05-20,c520d0cf-a445-4c1c-886d-142912a8d8cf,714e0ceb-f525-4d86-90e4-6b5abc04650f,https://opendata-daerani.hub.arcgis.com/api/download/v1/items/4451d15a1f3d40819c3db4790fc291c7/kml?layers=3,2026-05-15,,2026-05-20,open-data-ni,8549022f-fa16-43e4-a56f-6a45ca875199,500,SERVER_ERROR,HTTP 500,,,,,true,2026-09-02T15:36:46+00:00
https://www.data.gov.uk/dataset/c520d0cf-a445-4c1c-886d-142912a8d8cf/agglomeration-roads-lday1,c520d0cf-a445-4c1c-886d-142912a8d8cf,agglomeration-roads-lday1,2025-09-09,2026-05-20,c520d0cf-a445-4c1c-886d-142912a8d8cf,42ec4b8c-a07f-4b37-8f02-683b05baf91b,https://opendata-daerani.hub.arcgis.com/api/download/v1/items/4451d15a1f3d40819c3db4790fc291c7/geojson?layers=3,2026-05-15,,2026-05-20,open-data-ni,8549022f-fa16-43e4-a56f-6a45ca875199,500,SERVER_ERROR,HTTP 500,,,,,true,2026-09-02T15:36:41+00:00
https://www.data.gov.uk/dataset/c520d0cf-a445-4c1c-886d-142912a8d8cf/agglomeration-roads-lday1,c520d0cf-a445-4c1c-886d-142912a8d8cf,agglomeration-roads-lday1,2025-09-09,2026-05-20,c520d0cf-a445-4c1c-886d-142912a8d8cf,1864af22-ac43-4bba-a6bc-85bcb686fe3b,https://opendata-daerani.hub.arcgis.com/api/download/v1/items/4451d15a1f3d40819c3db4790fc291c7/csv?layers=3,2026-05-15,,2026-05-20,open-data-ni,8549022f-fa16-43e4-a56f-6a45ca875199,500,SERVER_ERROR,HTTP 500,,,,,true,2026-09-02T15:36:41+00:00
https://www.data.gov.uk/dataset/c520d0cf-a445-4c1c-886d-142912a8d8cf/agglomeration-roads-lday1,c520d0cf-a445-4c1c-886d-142912a8d8cf,agglomeration-roads-lday1,2025-09-09,2026-05-20,c520d0cf-a445-4c1c-886d-142912a8d8cf,cde07195-8077-43a8-b05f-a62b3c49fcea,https://opendata-daerani.hub.arcgis.com/api/download/v1/items/4451d15a1f3d40819c3db4790fc291c7/shapefile?layers=3,2026-05-15,,2026-05-20,open-data-ni,8549022f-fa16-43e4-a56f-6a45ca875199,500,SERVER_ERROR,HTTP 500,,,,,true,2026-09-02T15:36:41+00:00
https://www.data.gov.uk/dataset/ac302271-66ce-456d-b000-fc2444f5e194/business_investment,ac302271-66ce-456d-b000-fc2444f5e194,business_investment,2011-12-10,2019-10-03,,da85a61f-0370-4b6d-899e-004110cb1619,http://www.ons.gov.uk/ons/dcp19975_305973.xml,2014-06-27,,2014-06-27,office-for-national-statistics,d5b50862-3f2a-4b7b-ad85-841b6def43be,404,NOT_FOUND,HTTP 404,,,,,true,2026-09-02T15:50:07+00:00
https://www.data.gov.uk/dataset/ac302271-66ce-456d-b000-fc2444f5e194/business_investment,ac302271-66ce-456d-b000-fc2444f5e194,business_investment,2011-12-10,2019-10-03,,78d0e08e-0484-4e17-8291-a0469a128272,http://www.ons.gov.uk/ons/dcp19975_28570.xml,2013-03-11,,2013-03-11,office-for-national-statistics,d5b50862-3f2a-4b7b-ad85-841b6def43be,404,NOT_FOUND,HTTP 404,,,,,true,2026-09-02T15:50:07+00:00
https://www.data.gov.uk/dataset/ac302271-66ce-456d-b000-fc2444f5e194/business_investment,ac302271-66ce-456d-b000-fc2444f5e194,business_investment,2011-12-10,2019-10-03,,f67d2b68-0756-43b8-8c9f-688be0807f73,http://www.ons.gov.uk/ons/dcp19975_224796.xml,2013-03-12,,2013-03-12,office-for-national-statistics,d5b50862-3f2a-4b7b-ad85-841b6def43be,404,NOT_FOUND,HTTP 404,,,,,true,2026-09-02T15:50:08+00:00
https://www.data.gov.uk/dataset/ac302271-66ce-456d-b000-fc2444f5e194/business_investment,ac302271-66ce-456d-b000-fc2444f5e194,business_investment,2011-12-10,2019-10-03,,f4112dc3-71a4-4727-947a-278b7a6a191a,http://www.ons.gov.uk/ons/dcp19975_224730.xml,2013-03-07,,2013-03-07,office-for-national-statistics,d5b50862-3f2a-4b7b-ad85-841b6def43be,404,NOT_FOUND,HTTP 404,,,,,true,2026-09-02T15:50:09+00:00
https://www.data.gov.uk/dataset/ac302271-66ce-456d-b000-fc2444f5e194/business_investment,ac302271-66ce-456d-b000-fc2444f5e194,business_investment,2011-12-10,2019-10-03,,e6764e84-b80c-463d-9243-986c44d36807,http://www.ons.gov.uk/ons/dcp19975_224712.xml,2013-03-12,,2013-03-12,office-for-national-statistics,d5b50862-3f2a-4b7b-ad85-841b6def43be,404,NOT_FOUND,HTTP 404,,,,,true,2026-09-02T15:50:09+00:00
https://www.data.gov.uk/dataset/ac302271-66ce-456d-b000-fc2444f5e194/business_investment,ac302271-66ce-456d-b000-fc2444f5e194,business_investment,2011-12-10,2019-10-03,,b208ef8f-6e74-4ac3-850c-dabb6092ab60,http://www.ons.gov.uk/ons/dcp19975_258340.xml,2013-10-01,,2013-10-01,office-for-national-statistics,d5b50862-3f2a-4b7b-ad85-841b6def43be,404,NOT_FOUND,HTTP 404,,,,,true,2026-09-02T15:50:10+00:00
https://www.data.gov.uk/dataset/ac302271-66ce-456d-b000-fc2444f5e194/business_investment,ac302271-66ce-456d-b000-fc2444f5e194,business_investment,2011-12-10,2019-10-03,,928dbbba-a819-404f-a39f-ad0e8cdd4351,http://www.ons.gov.uk/ons/dcp19975_259381.xml,2013-03-12,,2013-03-12,office-for-national-statistics,d5b50862-3f2a-4b7b-ad85-841b6def43be,404,NOT_FOUND,HTTP 404,,,,,true,2026-09-02T15:50:10+00:00
https://www.data.gov.uk/dataset/ac302271-66ce-456d-b000-fc2444f5e194/business_investment,ac302271-66ce-456d-b000-fc2444f5e194,business_investment,2011-12-10,2019-10-03,,dd70817c-b0ea-41d0-b7e6-69ad07da90fd,http://www.ons.gov.uk/ons/dcp19975_305918.xml,2014-02-26,,2014-02-26,office-for-national-statistics,d5b50862-3f2a-4b7b-ad85-841b6def43be,404,NOT_FOUND,HTTP 404,,,,,true,2026-09-02T15:50:11+00:00
https://www.data.gov.uk/dataset/ac302271-66ce-456d-b000-fc2444f5e194/business_investment,ac302271-66ce-456d-b000-fc2444f5e194,business_investment,2011-12-10,2019-10-03,,da6b26d4-4d4e-48a6-81e1-95fe28d17528,http://www.ons.gov.uk/ons/rel/bus-invest/business-investment/q4-2015-provisional-results/index.html,2016-02-25,,2016-02-25,office-for-national-statistics,d5b50862-3f2a-4b7b-ad85-841b6def43be,404,NOT_FOUND,HTTP 404,,,,,true,2026-09-02T15:50:12+00:00
https://www.data.gov.uk/dataset/ac302271-66ce-456d-b000-fc2444f5e194/business_investment,ac302271-66ce-456d-b000-fc2444f5e194,business_investment,2011-12-10,2019-10-03,,f0cafc3f-0f6b-4b66-a927-6f91ac0900e7,http://www.ons.gov.uk/ons/dcp19975_210897.xml,2013-03-11,,2013-03-11,office-for-national-statistics,d5b50862-3f2a-4b7b-ad85-841b6def43be,404,NOT_FOUND,HTTP 404,,,,,true,2026-09-02T15:50:12+00:00
https://www.data.gov.uk/dataset/ac302271-66ce-456d-b000-fc2444f5e194/business_investment,ac302271-66ce-456d-b000-fc2444f5e194,business_investment,2011-12-10,2019-10-03,,7bf41bc5-7083-44f8-85e1-e2a4056ec0fd,http://www.ons.gov.uk/ons/rel/bus-invest/business-investment/q2-2015-revised-results/index.html,2015-10-02,,2015-10-02,office-for-national-statistics,d5b50862-3f2a-4b7b-ad85-841b6def43be,404,NOT_FOUND,HTTP 404,,,,,true,2026-09-02T15:50:13+00:00
https://www.data.gov.uk/dataset/ac302271-66ce-456d-b000-fc2444f5e194/business_investment,ac302271-66ce-456d-b000-fc2444f5e194,business_investment,2011-12-10,2019-10-03,,9bb3ed42-d695-4e35-9a75-54901f796cfe,http://www.ons.gov.uk/ons/dcp19975_218755.xml,2013-03-11,,2013-03-11,office-for-national-statistics,d5b50862-3f2a-4b7b-ad85-841b6def43be,404,NOT_FOUND,HTTP 404,,,,,true,2026-09-02T15:50:14+00:00
https://www.data.gov.uk/dataset/ac302271-66ce-456d-b000-fc2444f5e194/business_investment,ac302271-66ce-456d-b000-fc2444f5e194,business_investment,2011-12-10,2019-10-03,,fe7dac82-7b0f-4cfc-9d2b-bede462f1a20,http://www.ons.gov.uk/ons/dcp19975_305922.xml,2014-04-14,,2014-04-14,office-for-national-statistics,d5b50862-3f2a-4b7b-ad85-841b6def43be,404,NOT_FOUND,HTTP 404,,,,,true,2026-09-02T15:50:14+00:00
https://www.data.gov.uk/dataset/ac302271-66ce-456d-b000-fc2444f5e194/business_investment,ac302271-66ce-456d-b000-fc2444f5e194,business_investment,2011-12-10,2019-10-03,,75657e98-2c87-4f1d-9c08-ff6c9b2ab404,http://www.ons.gov.uk/ons/dcp19975_320422.xml,2013-10-01,,2013-10-01,office-for-national-statistics,d5b50862-3f2a-4b7b-ad85-841b6def43be,404,NOT_FOUND,HTTP 404,,,,,true,2026-09-02T15:50:15+00:00
https://www.data.gov.uk/dataset/ac302271-66ce-456d-b000-fc2444f5e194/business_investment,ac302271-66ce-456d-b000-fc2444f5e194,business_investment,2011-12-10,2019-10-03,,ac21174a-0284-4259-b617-be7c2f8e361a,http://www.ons.gov.uk/ons/dcp19975_259405.xml,2013-03-11,,2013-03-11,office-for-national-statistics,d5b50862-3f2a-4b7b-ad85-841b6def43be,404,NOT_FOUND,HTTP 404,,,,,true,2026-09-02T15:50:15+00:00
https://www.data.gov.uk/dataset/ac302271-66ce-456d-b000-fc2444f5e194/business_investment,ac302271-66ce-456d-b000-fc2444f5e194,business_investment,2011-12-10,2019-10-03,,5c20ffa8-34f7-488c-8a3c-236f0fa58074,http://www.ons.gov.uk/ons/dcp19975_277690.xml,2013-10-01,,2013-10-01,office-for-national-statistics,d5b50862-3f2a-4b7b-ad85-841b6def43be,404,NOT_FOUND,HTTP 404,,,,,true,2026-09-02T15:50:16+00:00
https://www.data.gov.uk/dataset/ac302271-66ce-456d-b000-fc2444f5e194/business_investment,ac302271-66ce-456d-b000-fc2444f5e194,business_investment,2011-12-10,2019-10-03,,f7e8e999-744b-4d41-be30-668d511b4344,http://www.ons.gov.uk/ons/rel/bus-invest/business-investment/q2-2015-provisional-results/index.html,2015-10-02,,2015-10-02,office-for-national-statistics,d5b50862-3f2a-4b7b-ad85-841b6def43be,404,NOT_FOUND,HTTP 404,,,,,true,2026-09-02T15:50:17+00:00
https://www.data.gov.uk/dataset/ac302271-66ce-456d-b000-fc2444f5e194/business_investment,ac302271-66ce-456d-b000-fc2444f5e194,business_investment,2011-12-10,2019-10-03,,61fd2036-5324-41fe-94d0-31a074e24d87,http://www.ons.gov.uk/ons/dcp19975_259376.xml,2013-03-12,,2013-03-12,office-for-national-statistics,d5b50862-3f2a-4b7b-ad85-841b6def43be,404,NOT_FOUND,HTTP 404,,,,,true,2026-09-02T15:50:18+00:00
https://www.data.gov.uk/dataset/ac302271-66ce-456d-b000-fc2444f5e194/business_investment,ac302271-66ce-456d-b000-fc2444f5e194,business_investment,2011-12-10,2019-10-03,,a0bf6dba-6cd8-44e3-b8fc-b87b58b5df11,http://www.ons.gov.uk/ons/dcp19975_225591.xml,2013-03-11,,2013-03-11,office-for-national-statistics,d5b50862-3f2a-4b7b-ad85-841b6def43be,404,NOT_FOUND,HTTP 404,,,,,true,2026-09-02T15:50:18+00:00
https://www.data.gov.uk/dataset/ac302271-66ce-456d-b000-fc2444f5e194/business_investment,ac302271-66ce-456d-b000-fc2444f5e194,business_investment,2011-12-10,2019-10-03,,dfe2ffc7-93a6-4273-ad76-f79295b5f13a,http://www.ons.gov.uk/ons/dcp19975_259387.xml,2013-03-11,,2013-03-11,office-for-national-statistics,d5b50862-3f2a-4b7b-ad85-841b6def43be,404,NOT_FOUND,HTTP 404,,,,,true,2026-09-02T15:50:19+00:00
https://www.data.gov.uk/dataset/ac302271-66ce-456d-b000-fc2444f5e194/business_investment,ac302271-66ce-456d-b000-fc2444f5e194,business_investment,2011-12-10,2019-10-03,,987bbb8b-efe8-44e9-ab38-60022d802db3,http://www.ons.gov.uk/ons/dcp19975_225521.xml,2013-03-11,,2013-03-11,office-for-national-statistics,d5b50862-3f2a-4b7b-ad85-841b6def43be,404,NOT_FOUND,HTTP 404,,,,,true,2026-09-02T15:50:19+00:00
https://www.data.gov.uk/dataset/ac302271-66ce-456d-b000-fc2444f5e194/business_investment,ac302271-66ce-456d-b000-fc2444f5e194,business_investment,2011-12-10,2019-10-03,,f16d0b06-c0ce-4b78-a0ab-07021ad7fbeb,http://www.ons.gov.uk/ons/rel/bus-invest/business-investment/q3-2015-revised-results/index.html,2015-12-23,,2015-12-23,office-for-national-statistics,d5b50862-3f2a-4b7b-ad85-841b6def43be,404,NOT_FOUND,HTTP 404,,,,,true,2026-09-02T15:50:19+00:00
https://www.data.gov.uk/dataset/ac302271-66ce-456d-b000-fc2444f5e194/business_investment,ac302271-66ce-456d-b000-fc2444f5e194,business_investment,2011-12-10,2019-10-03,,8c15fd08-4ca9-410e-9129-435f0fe1162b,http://www.ons.gov.uk/ons/dcp19975_259514.xml,2013-03-11,,2013-03-11,office-for-national-statistics,d5b50862-3f2a-4b7b-ad85-841b6def43be,404,NOT_FOUND,HTTP 404,,,,,true,2026-09-02T15:50:19+00:00
https://www.data.gov.uk/dataset/ac302271-66ce-456d-b000-fc2444f5e194/business_investment,ac302271-66ce-456d-b000-fc2444f5e194,business_investment,2011-12-10,2019-10-03,,9dee2dbe-3a2f-4af7-8949-8d654dd4d30c,http://www.ons.gov.uk/ons/dcp19975_225509.xml,2013-03-11,,2013-03-11,office-for-national-statistics,d5b50862-3f2a-4b7b-ad85-841b6def43be,404,NOT_FOUND,HTTP 404,,,,,true,2026-09-02T15:50:20+00:00
https://www.data.gov.uk/dataset/ac302271-66ce-456d-b000-fc2444f5e194/business_investment,ac302271-66ce-456d-b000-fc2444f5e194,business_investment,2011-12-10,2019-10-03,,d6f66130-4770-4fef-8328-33bd80c595fb,http://www.ons.gov.uk/ons/dcp19975_225635.xml,2013-03-11,,2013-03-11,office-for-national-statistics,d5b50862-3f2a-4b7b-ad85-841b6def43be,404,NOT_FOUND,HTTP 404,,,,,true,2026-09-02T15:50:20+00:00
https://www.data.gov.uk/dataset/ac302271-66ce-456d-b000-fc2444f5e194/business_investment,ac302271-66ce-456d-b000-fc2444f5e194,business_investment,2011-12-10,2019-10-03,,811a58dd-c1c2-4769-a353-bab913843db6,http://www.ons.gov.uk/ons/dcp19975_224817.xml,2013-03-12,,2013-03-12,office-for-national-statistics,d5b50862-3f2a-4b7b-ad85-841b6def43be,404,NOT_FOUND,HTTP 404,,,,,true,2026-09-02T15:50:20+00:00
https://www.data.gov.uk/dataset/ac302271-66ce-456d-b000-fc2444f5e194/business_investment,ac302271-66ce-456d-b000-fc2444f5e194,business_investment,2011-12-10,2019-10-03,,956663da-0289-4671-b892-eff065d97c5e,http://www.ons.gov.uk/ons/dcp19975_218690.xml,2013-03-11,,2013-03-11,office-for-national-statistics,d5b50862-3f2a-4b7b-ad85-841b6def43be,404,NOT_FOUND,HTTP 404,,,,,true,2026-09-02T15:50:21+00:00
https://www.data.gov.uk/dataset/ac302271-66ce-456d-b000-fc2444f5e194/business_investment,ac302271-66ce-456d-b000-fc2444f5e194,business_investment,2011-12-10,2019-10-03,,c5e72aa7-06b3-42c7-90d3-b739c676c21f,http://www.ons.gov.uk/ons/dcp19975_218731.xml,2013-03-11,,2013-03-11,office-for-national-statistics,d5b50862-3f2a-4b7b-ad85-841b6def43be,404,NOT_FOUND,HTTP 404,,,,,true,2026-09-02T15:50:21+00:00
https://www.data.gov.uk/dataset/ac302271-66ce-456d-b000-fc2444f5e194/business_investment,ac302271-66ce-456d-b000-fc2444f5e194,business_investment,2011-12-10,2019-10-03,,fd5c1e90-e85e-4e41-8798-fb5b6854977a,http://www.ons.gov.uk/ons/dcp19975_202383.xml,2013-03-11,,2013-03-11,office-for-national-statistics,d5b50862-3f2a-4b7b-ad85-841b6def43be,404,NOT_FOUND,HTTP 404,,,,,true,2026-09-02T15:50:21+00:00
https://www.data.gov.uk/dataset/cd99a712-72b5-4081-a79d-fd52a5af7fef/consolidated-laeq-16h,cd99a712-72b5-4081-a79d-fd52a5af7fef,consolidated-laeq-16h,2025-09-09,2026-05-20,cd99a712-72b5-4081-a79d-fd52a5af7fef,9697bd43-ef7d-4300-8dfc-46cab7dd91f4,https://opendata-daerani.hub.arcgis.com/api/download/v1/items/b6628b1d592c4c4a979a9bf70a1f3cd6/geojson?layers=2,2026-05-15,,2026-05-20,open-data-ni,8549022f-fa16-43e4-a56f-6a45ca875199,500,SERVER_ERROR,HTTP 500,,,,,true,2026-09-02T15:51:03+00:00
https://www.data.gov.uk/dataset/cd99a712-72b5-4081-a79d-fd52a5af7fef/consolidated-laeq-16h,cd99a712-72b5-4081-a79d-fd52a5af7fef,consolidated-laeq-16h,2025-09-09,2026-05-20,cd99a712-72b5-4081-a79d-fd52a5af7fef,122b5be4-e709-4652-9773-07713868f621,https://opendata-daerani.hub.arcgis.com/api/download/v1/items/b6628b1d592c4c4a979a9bf70a1f3cd6/csv?layers=2,2026-05-15,,2026-05-20,open-data-ni,8549022f-fa16-43e4-a56f-6a45ca875199,500,SERVER_ERROR,HTTP 500,,,,,true,2026-09-02T15:51:02+00:00
https://www.data.gov.uk/dataset/cd99a712-72b5-4081-a79d-fd52a5af7fef/consolidated-laeq-16h,cd99a712-72b5-4081-a79d-fd52a5af7fef,consolidated-laeq-16h,2025-09-09,2026-05-20,cd99a712-72b5-4081-a79d-fd52a5af7fef,2dda96d4-cb2a-4bc7-bf02-7a448d860fae,https://opendata-daerani.hub.arcgis.com/api/download/v1/items/b6628b1d592c4c4a979a9bf70a1f3cd6/kml?layers=2,2026-05-15,,2026-05-20,open-data-ni,8549022f-fa16-43e4-a56f-6a45ca875199,500,SERVER_ERROR,HTTP 500,,,,,true,2026-09-02T15:51:03+00:00
https://www.data.gov.uk/dataset/cd99a712-72b5-4081-a79d-fd52a5af7fef/consolidated-laeq-16h,cd99a712-72b5-4081-a79d-fd52a5af7fef,consolidated-laeq-16h,2025-09-09,2026-05-20,cd99a712-72b5-4081-a79d-fd52a5af7fef,9fa41a1e-cb5f-4fea-b309-4feb21014d0b,https://opendata-daerani.hub.arcgis.com/api/download/v1/items/b6628b1d592c4c4a979a9bf70a1f3cd6/shapefile?layers=2,2026-05-15,,2026-05-20,open-data-ni,8549022f-fa16-43e4-a56f-6a45ca875199,500,SERVER_ERROR,HTTP 500,,,,,true,2026-09-02T15:51:05+00:00
https://www.data.gov.uk/dataset/afe1871f-dede-41bf-a6ba-0a1d32217cdb/baby_names_england_and_wales,afe1871f-dede-41bf-a6ba-0a1d32217cdb,baby_names_england_and_wales,2011-12-11,2018-09-21,,a8ea53f3-3757-4910-9013-a49533942b30,http://www.ons.gov.uk/ons/dcp19975_243764.xml,2015-09-29,,2015-09-29,office-for-national-statistics,d5b50862-3f2a-4b7b-ad85-841b6def43be,404,NOT_FOUND,HTTP 404,,,,,true,2026-09-02T15:51:36+00:00
https://www.data.gov.uk/dataset/afe1871f-dede-41bf-a6ba-0a1d32217cdb/baby_names_england_and_wales,afe1871f-dede-41bf-a6ba-0a1d32217cdb,baby_names_england_and_wales,2011-12-11,2018-09-21,,f8a12a01-bb2a-4fd9-a4dd-81a411f1dabc,http://www.ons.gov.uk/ons/dcp19975_279397.xml,2015-09-29,,2015-09-29,office-for-national-statistics,d5b50862-3f2a-4b7b-ad85-841b6def43be,404,NOT_FOUND,HTTP 404,,,,,true,2026-09-02T15:51:37+00:00
https://www.data.gov.uk/dataset/afe1871f-dede-41bf-a6ba-0a1d32217cdb/baby_names_england_and_wales,afe1871f-dede-41bf-a6ba-0a1d32217cdb,baby_names_england_and_wales,2011-12-11,2018-09-21,,9c4355d3-49f2-4839-81df-46f7e47ab650,http://www.ons.gov.uk/ons/rel/vsob1/baby-names--england-and-wales/index.html,2015-09-29,,2015-09-29,office-for-national-statistics,d5b50862-3f2a-4b7b-ad85-841b6def43be,404,NOT_FOUND,HTTP 404,,,,,true,2026-09-02T15:51:37+00:00
https://www.data.gov.uk/dataset/af901e3e-5edc-4b72-9838-29ac6993ce92/output_in_the_construction_industry,af901e3e-5edc-4b72-9838-29ac6993ce92,output_in_the_construction_industry,2011-12-10,2019-06-10,,deae0f90-68d1-4133-808d-9cf57e33248e,http://www.ons.gov.uk/ons/dcp19975_229724.xml,2013-03-08,,2013-03-08,office-for-national-statistics,d5b50862-3f2a-4b7b-ad85-841b6def43be,404,NOT_FOUND,HTTP 404,,,,,true,2026-09-02T15:51:38+00:00
https://www.data.gov.uk/dataset/afe1871f-dede-41bf-a6ba-0a1d32217cdb/baby_names_england_and_wales,afe1871f-dede-41bf-a6ba-0a1d32217cdb,baby_names_england_and_wales,2011-12-11,2018-09-21,,ef864b4a-f2f7-43d8-bd61-79d6a7a45fff,http://www.ons.gov.uk/ons/dcp19975_243642.xml,2015-09-29,,2015-09-29,office-for-national-statistics,d5b50862-3f2a-4b7b-ad85-841b6def43be,404,NOT_FOUND,HTTP 404,,,,,true,2026-09-02T15:51:39+00:00
https://www.data.gov.uk/dataset/af901e3e-5edc-4b72-9838-29ac6993ce92/output_in_the_construction_industry,af901e3e-5edc-4b72-9838-29ac6993ce92,output_in_the_construction_industry,2011-12-10,2019-06-10,,f144f558-5222-45bd-88f0-22372fbe216f,http://www.ons.gov.uk/ons/dcp19975_265434.xml,2013-05-17,,2013-05-17,office-for-national-statistics,d5b50862-3f2a-4b7b-ad85-841b6def43be,404,NOT_FOUND,HTTP 404,,,,,true,2026-09-02T15:51:39+00:00
https://www.data.gov.uk/dataset/afe1871f-dede-41bf-a6ba-0a1d32217cdb/baby_names_england_and_wales,afe1871f-dede-41bf-a6ba-0a1d32217cdb,baby_names_england_and_wales,2011-12-11,2018-09-21,,3b926504-ea11-4de1-a5c8-bc484515b5c2,http://www.ons.gov.uk/ons/dcp19975_243759.xml,2015-09-29,,2015-09-29,office-for-national-statistics,d5b50862-3f2a-4b7b-ad85-841b6def43be,404,NOT_FOUND,HTTP 404,,,,,true,2026-09-02T15:51:40+00:00
https://www.data.gov.uk/dataset/af901e3e-5edc-4b72-9838-29ac6993ce92/output_in_the_construction_industry,af901e3e-5edc-4b72-9838-29ac6993ce92,output_in_the_construction_industry,2011-12-10,2019-06-10,,d2fddbdd-9b04-41db-abae-7d87bb05a75f,http://www.ons.gov.uk/ons/dcp19975_301837.xml,2014-03-15,,2014-03-15,office-for-national-statistics,d5b50862-3f2a-4b7b-ad85-841b6def43be,404,NOT_FOUND,HTTP 404,,,,,true,2026-09-02T15:51:40+00:00
https://www.data.gov.uk/dataset/afe1871f-dede-41bf-a6ba-0a1d32217cdb/baby_names_england_and_wales,afe1871f-dede-41bf-a6ba-0a1d32217cdb,baby_names_england_and_wales,2011-12-11,2018-09-21,,14c74492-0852-45a6-87ad-8b6808b90792,http://www.ons.gov.uk/ons/dcp19975_243769.xml,2015-09-29,,2015-09-29,office-for-national-statistics,d5b50862-3f2a-4b7b-ad85-841b6def43be,404,NOT_FOUND,HTTP 404,,,,,true,2026-09-02T15:51:41+00:00
https://www.data.gov.uk/dataset/afe1871f-dede-41bf-a6ba-0a1d32217cdb/baby_names_england_and_wales,afe1871f-dede-41bf-a6ba-0a1d32217cdb,baby_names_england_and_wales,2011-12-11,2018-09-21,,6ccc8c65-4698-4f2e-a5d9-ed6430d35442,http://www.ons.gov.uk/ons/dcp19975_243753.xml,2015-09-29,,2015-09-29,office-for-national-statistics,d5b50862-3f2a-4b7b-ad85-841b6def43be,404,NOT_FOUND,HTTP 404,,,,,true,2026-09-02T15:51:41+00:00
https://www.data.gov.uk/dataset/afdb4e3f-ef5b-4edc-a8c4-279e3ec686a2/mortality_statistics-cause_england_and_wales_series_dh2-discontinued,afdb4e3f-ef5b-4edc-a8c4-279e3ec686a2,mortality_statistics-cause_england_and_wales_series_dh2-discontinued,2011-12-10,2014-05-03,,ed28674b-0b3d-4137-8d1d-67e72508b0f2,http://www.ons.gov.uk/ons/dcp19975_249986.xml,2013-03-11,,2013-03-11,office-for-national-statistics,d5b50862-3f2a-4b7b-ad85-841b6def43be,404,NOT_FOUND,HTTP 404,,,,,true,2026-09-02T15:51:42+00:00
https://www.data.gov.uk/dataset/afe1871f-dede-41bf-a6ba-0a1d32217cdb/baby_names_england_and_wales,afe1871f-dede-41bf-a6ba-0a1d32217cdb,baby_names_england_and_wales,2011-12-11,2018-09-21,,6fb089e3-e848-449f-af66-211ac7246ca8,http://www.ons.gov.uk/ons/dcp19975_243658.xml,2015-09-29,,2015-09-29,office-for-national-statistics,d5b50862-3f2a-4b7b-ad85-841b6def43be,404,NOT_FOUND,HTTP 404,,,,,true,2026-09-02T15:51:43+00:00
https://www.data.gov.uk/dataset/afe1871f-dede-41bf-a6ba-0a1d32217cdb/baby_names_england_and_wales,afe1871f-dede-41bf-a6ba-0a1d32217cdb,baby_names_england_and_wales,2011-12-11,2018-09-21,,435f50fa-de64-4727-a85b-537ae6d63a86,http://www.ons.gov.uk/ons/dcp19975_318127.xml,2015-09-29,,2015-09-29,office-for-national-statistics,d5b50862-3f2a-4b7b-ad85-841b6def43be,404,NOT_FOUND,HTTP 404,,,,,true,2026-09-02T15:51:43+00:00
https://www.data.gov.uk/dataset/da2a4e3b-e6e2-4dad-8b55-ea5818221eb7/major-railway-lnight,da2a4e3b-e6e2-4dad-8b55-ea5818221eb7,major-railway-lnight,2025-09-09,2026-05-20,da2a4e3b-e6e2-4dad-8b55-ea5818221eb7,a61d0932-04cb-4c1f-85e1-61d3c4c3689a,https://opendata-daerani.hub.arcgis.com/api/download/v1/items/3e642597bcbc409ba171e95c1421b78d/geojson?layers=1,2026-05-15,,2026-05-20,open-data-ni,8549022f-fa16-43e4-a56f-6a45ca875199,500,SERVER_ERROR,HTTP 500,,,,,true,2026-09-02T15:52:13+00:00
https://www.data.gov.uk/dataset/da2a4e3b-e6e2-4dad-8b55-ea5818221eb7/major-railway-lnight,da2a4e3b-e6e2-4dad-8b55-ea5818221eb7,major-railway-lnight,2025-09-09,2026-05-20,da2a4e3b-e6e2-4dad-8b55-ea5818221eb7,ba6270ae-93a7-4459-a3fb-0e5524548f94,https://opendata-daerani.hub.arcgis.com/api/download/v1/items/3e642597bcbc409ba171e95c1421b78d/csv?layers=1,2026-05-15,,2026-05-20,open-data-ni,8549022f-fa16-43e4-a56f-6a45ca875199,500,SERVER_ERROR,HTTP 500,,,,,true,2026-09-02T15:52:14+00:00
https://www.data.gov.uk/dataset/da2a4e3b-e6e2-4dad-8b55-ea5818221eb7/major-railway-lnight,da2a4e3b-e6e2-4dad-8b55-ea5818221eb7,major-railway-lnight,2025-09-09,2026-05-20,da2a4e3b-e6e2-4dad-8b55-ea5818221eb7,0373e4b7-3340-404f-835b-e782e4228ec7,https://opendata-daerani.hub.arcgis.com/api/download/v1/items/3e642597bcbc409ba171e95c1421b78d/kml?layers=1,2026-05-15,,2026-05-20,open-data-ni,8549022f-fa16-43e4-a56f-6a45ca875199,500,SERVER_ERROR,HTTP 500,,,,,true,2026-09-02T15:52:15+00:00
https://www.data.gov.uk/dataset/da2a4e3b-e6e2-4dad-8b55-ea5818221eb7/major-railway-lnight,da2a4e3b-e6e2-4dad-8b55-ea5818221eb7,major-railway-lnight,2025-09-09,2026-05-20,da2a4e3b-e6e2-4dad-8b55-ea5818221eb7,40e8efdf-82b8-4abd-b263-2eca52d8f726,https://opendata-daerani.hub.arcgis.com/api/download/v1/items/3e642597bcbc409ba171e95c1421b78d/shapefile?layers=1,2026-05-15,,2026-05-20,open-data-ni,8549022f-fa16-43e4-a56f-6a45ca875199,500,SERVER_ERROR,HTTP 500,,,,,true,2026-09-02T15:52:16+00:00
https://www.data.gov.uk/dataset/b26340c6-9db3-4a26-93cd-46256c0bc2f7/population_trends,b26340c6-9db3-4a26-93cd-46256c0bc2f7,population_trends,2011-12-10,2014-05-10,,d7785f4e-953d-4ff9-8871-7f8d13282d48,http://www.ons.gov.uk/ons/dcp19975_51437.xml,2013-03-11,,2013-03-11,office-for-national-statistics,d5b50862-3f2a-4b7b-ad85-841b6def43be,404,NOT_FOUND,HTTP 404,,,,,true,2026-09-02T15:52:10+00:00
https://www.data.gov.uk/dataset/b2ec0c32-597a-4d01-978d-c75b73751bfa/monthly_provisional_figures_on_deaths_registered_by_area_of_usual_residence_england_and_wales,b2ec0c32-597a-4d01-978d-c75b73751bfa,monthly_provisional_figures_on_deaths_registered_by_area_of_usual_residence_england_and_wales,2011-12-11,2016-08-24,,cf63c7b8-42b3-45c1-a0e3-bd4e651cfc3a,http://www.ons.gov.uk/ons/dcp19975_223337.xml,2013-10-01,,2013-10-01,office-for-national-statistics,d5b50862-3f2a-4b7b-ad85-841b6def43be,404,NOT_FOUND,HTTP 404,,,,,true,2026-09-02T15:52:11+00:00
https://www.data.gov.uk/dataset/b26340c6-9db3-4a26-93cd-46256c0bc2f7/population_trends,b26340c6-9db3-4a26-93cd-46256c0bc2f7,population_trends,2011-12-10,2014-05-10,,c270253f-abca-4667-8a5b-ced432363d60,http://www.ons.gov.uk/ons/dcp19975_51455.xml,2013-03-11,,2013-03-11,office-for-national-statistics,d5b50862-3f2a-4b7b-ad85-841b6def43be,404,NOT_FOUND,HTTP 404,,,,,true,2026-09-02T15:52:11+00:00
https://www.data.gov.uk/dataset/b26340c6-9db3-4a26-93cd-46256c0bc2f7/population_trends,b26340c6-9db3-4a26-93cd-46256c0bc2f7,population_trends,2011-12-10,2014-05-10,,abb631de-e992-44de-b389-a4268fe3d2ff,http://www.ons.gov.uk/ons/dcp19975_51497.xml,2013-03-11,,2013-03-11,office-for-national-statistics,d5b50862-3f2a-4b7b-ad85-841b6def43be,404,NOT_FOUND,HTTP 404,,,,,true,2026-09-02T15:52:12+00:00
https://www.data.gov.uk/dataset/b2ec0c32-597a-4d01-978d-c75b73751bfa/monthly_provisional_figures_on_deaths_registered_by_area_of_usual_residence_england_and_wales,b2ec0c32-597a-4d01-978d-c75b73751bfa,monthly_provisional_figures_on_deaths_registered_by_area_of_usual_residence_england_and_wales,2011-12-11,2016-08-24,,87524d9f-b757-45ee-8c1f-37204aa9cf0f,http://www.ons.gov.uk/ons/dcp19975_225057.xml,2013-03-12,,2013-03-12,office-for-national-statistics,d5b50862-3f2a-4b7b-ad85-841b6def43be,404,NOT_FOUND,HTTP 404,,,,,true,2026-09-02T15:52:13+00:00
https://www.data.gov.uk/dataset/b26340c6-9db3-4a26-93cd-46256c0bc2f7/population_trends,b26340c6-9db3-4a26-93cd-46256c0bc2f7,population_trends,2011-12-10,2014-05-10,,efb0cdd0-4d1d-4c56-8933-6d6e36301965,http://www.ons.gov.uk/ons/dcp19975_51506.xml,2013-03-11,,2013-03-11,office-for-national-statistics,d5b50862-3f2a-4b7b-ad85-841b6def43be,404,NOT_FOUND,HTTP 404,,,,,true,2026-09-02T15:52:14+00:00
https://www.data.gov.uk/dataset/b2ec0c32-597a-4d01-978d-c75b73751bfa/monthly_provisional_figures_on_deaths_registered_by_area_of_usual_residence_england_and_wales,b2ec0c32-597a-4d01-978d-c75b73751bfa,monthly_provisional_figures_on_deaths_registered_by_area_of_usual_residence_england_and_wales,2011-12-11,2016-08-24,,b38c01ae-6399-43c4-a907-f1ba054bb0b6,http://www.ons.gov.uk/ons/dcp19975_223335.xml,2013-03-12,,2013-03-12,office-for-national-statistics,d5b50862-3f2a-4b7b-ad85-841b6def43be,404,NOT_FOUND,HTTP 404,,,,,true,2026-09-02T15:52:14+00:00
https://www.data.gov.uk/dataset/b2ec0c32-597a-4d01-978d-c75b73751bfa/monthly_provisional_figures_on_deaths_registered_by_area_of_usual_residence_england_and_wales,b2ec0c32-597a-4d01-978d-c75b73751bfa,monthly_provisional_figures_on_deaths_registered_by_area_of_usual_residence_england_and_wales,2011-12-11,2016-08-24,,c2fb876f-7bbf-4849-b3fb-7b1373b79379,http://www.ons.gov.uk/ons/dcp19975_223329.xml,2013-03-12,,2013-03-12,office-for-national-statistics,d5b50862-3f2a-4b7b-ad85-841b6def43be,404,NOT_FOUND,HTTP 404,,,,,true,2026-09-02T15:52:14+00:00
https://www.data.gov.uk/dataset/b26340c6-9db3-4a26-93cd-46256c0bc2f7/population_trends,b26340c6-9db3-4a26-93cd-46256c0bc2f7,population_trends,2011-12-10,2014-05-10,,d49f91f1-cc7c-438b-b7b6-ee6f6657512c,http://www.ons.gov.uk/ons/dcp19975_51509.xml,2013-03-11,,2013-03-11,office-for-national-statistics,d5b50862-3f2a-4b7b-ad85-841b6def43be,404,NOT_FOUND,HTTP 404,,,,,true,2026-09-02T15:52:15+00:00
https://www.data.gov.uk/dataset/b2ec0c32-597a-4d01-978d-c75b73751bfa/monthly_provisional_figures_on_deaths_registered_by_area_of_usual_residence_england_and_wales,b2ec0c32-597a-4d01-978d-c75b73751bfa,monthly_provisional_figures_on_deaths_registered_by_area_of_usual_residence_england_and_wales,2011-12-11,2016-08-24,,8478ecd6-d986-4a87-b9ca-ed60d52e1cbd,http://www.ons.gov.uk/ons/dcp19975_242632.xml,2013-10-01,,2013-10-01,office-for-national-statistics,d5b50862-3f2a-4b7b-ad85-841b6def43be,404,NOT_FOUND,HTTP 404,,,,,true,2026-09-02T15:52:15+00:00
https://www.data.gov.uk/dataset/b26340c6-9db3-4a26-93cd-46256c0bc2f7/population_trends,b26340c6-9db3-4a26-93cd-46256c0bc2f7,population_trends,2011-12-10,2014-05-10,,892fcfdf-f117-4697-bb8e-18729b1303a5,http://www.ons.gov.uk/ons/dcp19975_51529.xml,2013-03-11,,2013-03-11,office-for-national-statistics,d5b50862-3f2a-4b7b-ad85-841b6def43be,404,NOT_FOUND,HTTP 404,,,,,true,2026-09-02T15:52:15+00:00
https://www.data.gov.uk/dataset/b26340c6-9db3-4a26-93cd-46256c0bc2f7/population_trends,b26340c6-9db3-4a26-93cd-46256c0bc2f7,population_trends,2011-12-10,2014-05-10,,9e364693-913c-4a4e-8c76-e2cb49578898,http://www.ons.gov.uk/ons/dcp19975_51443.xml,2013-03-11,,2013-03-11,office-for-national-statistics,d5b50862-3f2a-4b7b-ad85-841b6def43be,404,NOT_FOUND,HTTP 404,,,,,true,2026-09-02T15:52:15+00:00
https://www.data.gov.uk/dataset/ddcf9dd5-f8ad-4383-ab35-c131518c4b48/major-roads-lday1,ddcf9dd5-f8ad-4383-ab35-c131518c4b48,major-roads-lday1,2025-09-09,2026-05-20,ddcf9dd5-f8ad-4383-ab35-c131518c4b48,2e58b842-dc25-479a-8593-dd95fe36f751,https://opendata-daerani.hub.arcgis.com/api/download/v1/items/48506a993ec84c71a925ee5bcd5ce45d/kml?layers=3,2026-05-15,,2026-05-20,open-data-ni,8549022f-fa16-43e4-a56f-6a45ca875199,500,SERVER_ERROR,HTTP 500,,,,,true,2026-09-02T15:40:36+00:00
https://www.data.gov.uk/dataset/ddcf9dd5-f8ad-4383-ab35-c131518c4b48/major-roads-lday1,ddcf9dd5-f8ad-4383-ab35-c131518c4b48,major-roads-lday1,2025-09-09,2026-05-20,ddcf9dd5-f8ad-4383-ab35-c131518c4b48,54a5bb40-ccdb-46d7-bb8f-1f17e0ec69bf,https://opendata-daerani.hub.arcgis.com/api/download/v1/items/48506a993ec84c71a925ee5bcd5ce45d/geojson?layers=3,2026-05-15,,2026-05-20,open-data-ni,8549022f-fa16-43e4-a56f-6a45ca875199,500,SERVER_ERROR,HTTP 500,,,,,true,2026-09-02T15:40:35+00:00
https://www.data.gov.uk/dataset/ddcf9dd5-f8ad-4383-ab35-c131518c4b48/major-roads-lday1,ddcf9dd5-f8ad-4383-ab35-c131518c4b48,major-roads-lday1,2025-09-09,2026-05-20,ddcf9dd5-f8ad-4383-ab35-c131518c4b48,362b9ef9-8851-4e99-93e9-a5594bdf77d0,https://opendata-daerani.hub.arcgis.com/api/download/v1/items/48506a993ec84c71a925ee5bcd5ce45d/shapefile?layers=3,2026-05-15,,2026-05-20,open-data-ni,8549022f-fa16-43e4-a56f-6a45ca875199,500,SERVER_ERROR,HTTP 500,,,,,true,2026-09-02T15:40:33+00:00
https://www.data.gov.uk/dataset/ddcf9dd5-f8ad-4383-ab35-c131518c4b48/major-roads-lday1,ddcf9dd5-f8ad-4383-ab35-c131518c4b48,major-roads-lday1,2025-09-09,2026-05-20,ddcf9dd5-f8ad-4383-ab35-c131518c4b48,3f4fa648-6b21-4d89-a61d-a23fe77187a5,https://opendata-daerani.hub.arcgis.com/api/download/v1/items/48506a993ec84c71a925ee5bcd5ce45d/csv?layers=3,2026-05-15,,2026-05-20,open-data-ni,8549022f-fa16-43e4-a56f-6a45ca875199,500,SERVER_ERROR,HTTP 500,,,,,true,2026-09-02T15:40:39+00:00
https://www.data.gov.uk/dataset/c64e7938-141a-4942-8146-c557ee662819/services_producer_price_index,c64e7938-141a-4942-8146-c557ee662819,services_producer_price_index,2011-12-10,2019-01-16,,dc0790cd-5dd7-45b3-a728-48b5d84eb75a,http://www.ons.gov.uk/ons/dcp19975_54148.xml,2013-03-11,,2013-03-11,office-for-national-statistics,d5b50862-3f2a-4b7b-ad85-841b6def43be,404,NOT_FOUND,HTTP 404,,,,,true,2026-09-02T15:53:21+00:00
https://www.data.gov.uk/dataset/f067965d-769f-4e61-bb10-7936c6073ceb/consolidated-lden1,f067965d-769f-4e61-bb10-7936c6073ceb,consolidated-lden1,2025-09-09,2026-05-20,f067965d-769f-4e61-bb10-7936c6073ceb,a2784c07-7070-4a54-aa27-fa646953f327,https://opendata-daerani.hub.arcgis.com/api/download/v1/items/b6628b1d592c4c4a979a9bf70a1f3cd6/csv?layers=0,2026-05-15,,2026-05-20,open-data-ni,8549022f-fa16-43e4-a56f-6a45ca875199,500,SERVER_ERROR,HTTP 500,,,,,true,2026-09-02T15:49:37+00:00
https://www.data.gov.uk/dataset/f067965d-769f-4e61-bb10-7936c6073ceb/consolidated-lden1,f067965d-769f-4e61-bb10-7936c6073ceb,consolidated-lden1,2025-09-09,2026-05-20,f067965d-769f-4e61-bb10-7936c6073ceb,cae7eb15-617e-4f66-87d6-5c57ee79b5a1,https://opendata-daerani.hub.arcgis.com/api/download/v1/items/b6628b1d592c4c4a979a9bf70a1f3cd6/kml?layers=0,2026-05-15,,2026-05-20,open-data-ni,8549022f-fa16-43e4-a56f-6a45ca875199,500,SERVER_ERROR,HTTP 500,,,,,true,2026-09-02T15:49:40+00:00
https://www.data.gov.uk/dataset/f067965d-769f-4e61-bb10-7936c6073ceb/consolidated-lden1,f067965d-769f-4e61-bb10-7936c6073ceb,consolidated-lden1,2025-09-09,2026-05-20,f067965d-769f-4e61-bb10-7936c6073ceb,d5e7059b-4a93-47ec-80d4-63eea3917dff,https://opendata-daerani.hub.arcgis.com/api/download/v1/items/b6628b1d592c4c4a979a9bf70a1f3cd6/geojson?layers=0,2026-05-15,,2026-05-20,open-data-ni,8549022f-fa16-43e4-a56f-6a45ca875199,500,SERVER_ERROR,HTTP 500,,,,,true,2026-09-02T15:49:43+00:00
https://www.data.gov.uk/dataset/f067965d-769f-4e61-bb10-7936c6073ceb/consolidated-lden1,f067965d-769f-4e61-bb10-7936c6073ceb,consolidated-lden1,2025-09-09,2026-05-20,f067965d-769f-4e61-bb10-7936c6073ceb,7e1332b5-5552-4e62-9611-7920f17279a7,https://opendata-daerani.hub.arcgis.com/api/download/v1/items/b6628b1d592c4c4a979a9bf70a1f3cd6/shapefile?layers=0,2026-05-15,,2026-05-20,open-data-ni,8549022f-fa16-43e4-a56f-6a45ca875199,500,SERVER_ERROR,HTTP 500,,,,,true,2026-09-02T15:49:40+00:00
https://www.data.gov.uk/dataset/f3682cce-4b88-40e6-bc12-58d610e4a885/consolidated-lnight,f3682cce-4b88-40e6-bc12-58d610e4a885,consolidated-lnight,2025-09-09,2026-05-20,f3682cce-4b88-40e6-bc12-58d610e4a885,30fd7448-d1c7-4c5a-940b-9f98af596b30,https://opendata-daerani.hub.arcgis.com/api/download/v1/items/b6628b1d592c4c4a979a9bf70a1f3cd6/kml?layers=1,2026-05-15,,2026-05-20,open-data-ni,8549022f-fa16-43e4-a56f-6a45ca875199,500,SERVER_ERROR,HTTP 500,,,,,true,2026-09-02T15:54:12+00:00
https://www.data.gov.uk/dataset/f3682cce-4b88-40e6-bc12-58d610e4a885/consolidated-lnight,f3682cce-4b88-40e6-bc12-58d610e4a885,consolidated-lnight,2025-09-09,2026-05-20,f3682cce-4b88-40e6-bc12-58d610e4a885,1463bc0d-0acb-4070-bc90-898af0189223,https://opendata-daerani.hub.arcgis.com/api/download/v1/items/b6628b1d592c4c4a979a9bf70a1f3cd6/shapefile?layers=1,2026-05-15,,2026-05-20,open-data-ni,8549022f-fa16-43e4-a56f-6a45ca875199,500,SERVER_ERROR,HTTP 500,,,,,true,2026-09-02T15:54:13+00:00
https://www.data.gov.uk/dataset/f3682cce-4b88-40e6-bc12-58d610e4a885/consolidated-lnight,f3682cce-4b88-40e6-bc12-58d610e4a885,consolidated-lnight,2025-09-09,2026-05-20,f3682cce-4b88-40e6-bc12-58d610e4a885,4ccc277f-a974-4802-a942-795267aae9f0,https://opendata-daerani.hub.arcgis.com/api/download/v1/items/b6628b1d592c4c4a979a9bf70a1f3cd6/csv?layers=1,2026-05-15,,2026-05-20,open-data-ni,8549022f-fa16-43e4-a56f-6a45ca875199,500,SERVER_ERROR,HTTP 500,,,,,true,2026-09-02T15:54:13+00:00
https://www.data.gov.uk/dataset/f3682cce-4b88-40e6-bc12-58d610e4a885/consolidated-lnight,f3682cce-4b88-40e6-bc12-58d610e4a885,consolidated-lnight,2025-09-09,2026-05-20,f3682cce-4b88-40e6-bc12-58d610e4a885,7025aaf6-43ae-466e-808c-ddf04845b3e7,https://opendata-daerani.hub.arcgis.com/api/download/v1/items/b6628b1d592c4c4a979a9bf70a1f3cd6/geojson?layers=1,2026-05-15,,2026-05-20,open-data-ni,8549022f-fa16-43e4-a56f-6a45ca875199,500,SERVER_ERROR,HTTP 500,,,,,true,2026-09-02T15:54:13+00:00
https://www.data.gov.uk/dataset/d192d4e8-6608-4024-a791-8b657f9d1e5f/division_22,d192d4e8-6608-4024-a791-8b657f9d1e5f,division_22,2011-12-11,2014-04-25,,08c50b46-507f-4ae0-9bce-4cbd20fe9d14,http://www.ons.gov.uk/ons/dcp19975_201998.xml,2013-03-11,,2013-03-11,office-for-national-statistics,d5b50862-3f2a-4b7b-ad85-841b6def43be,404,NOT_FOUND,HTTP 404,,,,,true,2026-09-02T15:54:14+00:00
https://www.data.gov.uk/dataset/d174ce54-1cc2-4cb2-963b-91ae703d989a/crime_statistics,d174ce54-1cc2-4cb2-963b-91ae703d989a,crime_statistics,2012-04-19,2020-01-23,,bfb7e0d2-b443-42f1-aa60-90450a7de258,http://www.ons.gov.uk/ons/rel/crime-stats/crime-statistics/focus-on-violent-crime-and-sexual-offences--2013-14/index.html,2015-09-29,,2015-09-29,office-for-national-statistics,d5b50862-3f2a-4b7b-ad85-841b6def43be,404,NOT_FOUND,HTTP 404,,,,,true,2026-09-02T15:54:14+00:00
https://www.data.gov.uk/dataset/d174ce54-1cc2-4cb2-963b-91ae703d989a/crime_statistics,d174ce54-1cc2-4cb2-963b-91ae703d989a,crime_statistics,2012-04-19,2020-01-23,,5e4b2119-c6c9-497a-b1ca-cdc03924e9aa,http://www.ons.gov.uk/ons/dcp19975_252208.xml,2015-09-29,,2015-09-29,office-for-national-statistics,d5b50862-3f2a-4b7b-ad85-841b6def43be,404,NOT_FOUND,HTTP 404,,,,,true,2026-09-02T15:54:15+00:00
https://www.data.gov.uk/dataset/f5e9c9f9-3576-4ff1-81b4-c28add808378/agglomeration-roads-lnight1,f5e9c9f9-3576-4ff1-81b4-c28add808378,agglomeration-roads-lnight1,2025-09-09,2026-05-20,f5e9c9f9-3576-4ff1-81b4-c28add808378,0fc7cd7f-accd-458a-a214-e6afdd331799,https://opendata-daerani.hub.arcgis.com/api/download/v1/items/4451d15a1f3d40819c3db4790fc291c7/geojson?layers=1,2026-05-15,,2026-05-20,open-data-ni,8549022f-fa16-43e4-a56f-6a45ca875199,500,SERVER_ERROR,HTTP 500,,,,,true,2026-09-02T15:37:41+00:00
https://www.data.gov.uk/dataset/f5e9c9f9-3576-4ff1-81b4-c28add808378/agglomeration-roads-lnight1,f5e9c9f9-3576-4ff1-81b4-c28add808378,agglomeration-roads-lnight1,2025-09-09,2026-05-20,f5e9c9f9-3576-4ff1-81b4-c28add808378,e3b72a1b-5808-4d38-a3f1-98ab8be0feee,https://opendata-daerani.hub.arcgis.com/api/download/v1/items/4451d15a1f3d40819c3db4790fc291c7/csv?layers=1,2026-05-15,,2026-05-20,open-data-ni,8549022f-fa16-43e4-a56f-6a45ca875199,500,SERVER_ERROR,HTTP 500,,,,,true,2026-09-02T15:37:41+00:00
https://www.data.gov.uk/dataset/f5e9c9f9-3576-4ff1-81b4-c28add808378/agglomeration-roads-lnight1,f5e9c9f9-3576-4ff1-81b4-c28add808378,agglomeration-roads-lnight1,2025-09-09,2026-05-20,f5e9c9f9-3576-4ff1-81b4-c28add808378,fddef250-2a80-441d-8e8a-1bb7f78409e9,https://opendata-daerani.hub.arcgis.com/api/download/v1/items/4451d15a1f3d40819c3db4790fc291c7/shapefile?layers=1,2026-05-15,,2026-05-20,open-data-ni,8549022f-fa16-43e4-a56f-6a45ca875199,500,SERVER_ERROR,HTTP 500,,,,,true,2026-09-02T15:37:50+00:00
https://www.data.gov.uk/dataset/f5e9c9f9-3576-4ff1-81b4-c28add808378/agglomeration-roads-lnight1,f5e9c9f9-3576-4ff1-81b4-c28add808378,agglomeration-roads-lnight1,2025-09-09,2026-05-20,f5e9c9f9-3576-4ff1-81b4-c28add808378,875b0baf-560c-4fac-ac72-06762bf56ac3,https://opendata-daerani.hub.arcgis.com/api/download/v1/items/4451d15a1f3d40819c3db4790fc291c7/kml?layers=1,2026-05-15,,2026-05-20,open-data-ni,8549022f-fa16-43e4-a56f-6a45ca875199,500,SERVER_ERROR,HTTP 500,,,,,true,2026-09-02T15:37:42+00:00
https://www.data.gov.uk/dataset/d3fd3c42-2dab-4ca0-98ad-36a77561dd6c/house_price_index_,d3fd3c42-2dab-4ca0-98ad-36a77561dd6c,house_price_index_,2012-04-18,2018-09-19,,05fafe99-d657-4ed8-97ce-d996762a5e79,http://www.ons.gov.uk/ons/rel/hpi/house-price-index/december-2015/index.html,2016-02-16,,2016-02-16,office-for-national-statistics,d5b50862-3f2a-4b7b-ad85-841b6def43be,404,NOT_FOUND,HTTP 404,,,,,true,2026-09-02T15:54:50+00:00
https://www.data.gov.uk/dataset/d3fd3c42-2dab-4ca0-98ad-36a77561dd6c/house_price_index_,d3fd3c42-2dab-4ca0-98ad-36a77561dd6c,house_price_index_,2012-04-18,2018-09-19,,2a07857e-711a-4c01-91a3-cfa2b67f89f9,http://www.ons.gov.uk/ons/rel/hpi/house-price-index/may-2015/stb-may-2015.html,2015-10-08,,2015-10-08,office-for-national-statistics,d5b50862-3f2a-4b7b-ad85-841b6def43be,404,NOT_FOUND,HTTP 404,,,,,true,2026-09-02T15:54:51+00:00
https://www.data.gov.uk/dataset/d3fd3c42-2dab-4ca0-98ad-36a77561dd6c/house_price_index_,d3fd3c42-2dab-4ca0-98ad-36a77561dd6c,house_price_index_,2012-04-18,2018-09-19,,2b353d90-1358-4a26-b02b-2382595c68e4,http://www.ons.gov.uk/ons/dcp19975_255604.xml,2015-10-08,,2015-10-08,office-for-national-statistics,d5b50862-3f2a-4b7b-ad85-841b6def43be,404,NOT_FOUND,HTTP 404,,,,,true,2026-09-02T15:54:51+00:00
https://www.data.gov.uk/dataset/d3fd3c42-2dab-4ca0-98ad-36a77561dd6c/house_price_index_,d3fd3c42-2dab-4ca0-98ad-36a77561dd6c,house_price_index_,2012-04-18,2018-09-19,,e8ba880f-9a4b-4959-84d9-69d93f5c6104,http://www.ons.gov.uk/ons/dcp19975_280913.xml,2015-10-08,,2015-10-08,office-for-national-statistics,d5b50862-3f2a-4b7b-ad85-841b6def43be,404,NOT_FOUND,HTTP 404,,,,,true,2026-09-02T15:54:52+00:00
https://www.data.gov.uk/dataset/d3fd3c42-2dab-4ca0-98ad-36a77561dd6c/house_price_index_,d3fd3c42-2dab-4ca0-98ad-36a77561dd6c,house_price_index_,2012-04-18,2018-09-19,,5647cb6c-de43-4245-a555-4512ea350361,http://www.ons.gov.uk/ons/dcp19975_258158.xml,2015-10-08,,2015-10-08,office-for-national-statistics,d5b50862-3f2a-4b7b-ad85-841b6def43be,404,NOT_FOUND,HTTP 404,,,,,true,2026-09-02T15:54:52+00:00
https://www.data.gov.uk/dataset/d3fd3c42-2dab-4ca0-98ad-36a77561dd6c/house_price_index_,d3fd3c42-2dab-4ca0-98ad-36a77561dd6c,house_price_index_,2012-04-18,2018-09-19,,13b7c50c-9a40-4c18-bca8-6c2d57523146,http://www.ons.gov.uk/ons/dcp19975_255602.xml,2015-10-08,,2015-10-08,office-for-national-statistics,d5b50862-3f2a-4b7b-ad85-841b6def43be,404,NOT_FOUND,HTTP 404,,,,,true,2026-09-02T15:54:53+00:00
https://www.data.gov.uk/dataset/d3fd3c42-2dab-4ca0-98ad-36a77561dd6c/house_price_index_,d3fd3c42-2dab-4ca0-98ad-36a77561dd6c,house_price_index_,2012-04-18,2018-09-19,,00079163-2f60-4689-a28b-9549e65c6bf3,http://www.ons.gov.uk/ons/rel/hpi/house-price-index/august-2014/index.html,2015-10-08,,2015-10-08,office-for-national-statistics,d5b50862-3f2a-4b7b-ad85-841b6def43be,404,NOT_FOUND,HTTP 404,,,,,true,2026-09-02T15:54:53+00:00
https://www.data.gov.uk/dataset/d3fd3c42-2dab-4ca0-98ad-36a77561dd6c/house_price_index_,d3fd3c42-2dab-4ca0-98ad-36a77561dd6c,house_price_index_,2012-04-18,2018-09-19,,68c5a203-2fac-49e8-bd1f-410690606194,http://www.ons.gov.uk/ons/dcp19975_258160.xml,2015-10-08,,2015-10-08,office-for-national-statistics,d5b50862-3f2a-4b7b-ad85-841b6def43be,404,NOT_FOUND,HTTP 404,,,,,true,2026-09-02T15:54:54+00:00
https://www.data.gov.uk/dataset/d3fd3c42-2dab-4ca0-98ad-36a77561dd6c/house_price_index_,d3fd3c42-2dab-4ca0-98ad-36a77561dd6c,house_price_index_,2012-04-18,2018-09-19,,962f28fc-83cf-4410-811e-f5b7283fca29,http://www.ons.gov.uk/ons/dcp19975_280925.xml,2015-10-08,,2015-10-08,office-for-national-statistics,d5b50862-3f2a-4b7b-ad85-841b6def43be,404,NOT_FOUND,HTTP 404,,,,,true,2026-09-02T15:54:54+00:00
https://www.data.gov.uk/dataset/d3fd3c42-2dab-4ca0-98ad-36a77561dd6c/house_price_index_,d3fd3c42-2dab-4ca0-98ad-36a77561dd6c,house_price_index_,2012-04-18,2018-09-19,,acbfe626-ceb2-45ba-9d53-4dbe59897331,http://www.ons.gov.uk/ons/rel/hpi/house-price-index/january-2015/index.html,2015-10-08,,2015-10-08,office-for-national-statistics,d5b50862-3f2a-4b7b-ad85-841b6def43be,404,NOT_FOUND,HTTP 404,,,,,true,2026-09-02T15:54:54+00:00
https://www.data.gov.uk/dataset/fc81d826-e8e1-4ed4-98b4-c3b016f0db54/industry-laeq-16h1,fc81d826-e8e1-4ed4-98b4-c3b016f0db54,industry-laeq-16h1,2025-09-09,2026-05-20,fc81d826-e8e1-4ed4-98b4-c3b016f0db54,324d9ff8-5fcb-46e4-9d03-53170d9d8c27,https://opendata-daerani.hub.arcgis.com/api/download/v1/items/2675e58bc9d4468ead021ccb97f86cf7/shapefile?layers=2,2026-05-15,,2026-05-20,open-data-ni,8549022f-fa16-43e4-a56f-6a45ca875199,500,SERVER_ERROR,HTTP 500,,,,,true,2026-09-02T14:54:10+00:00
https://www.data.gov.uk/dataset/fc81d826-e8e1-4ed4-98b4-c3b016f0db54/industry-laeq-16h1,fc81d826-e8e1-4ed4-98b4-c3b016f0db54,industry-laeq-16h1,2025-09-09,2026-05-20,fc81d826-e8e1-4ed4-98b4-c3b016f0db54,afc80d59-b008-451d-9c9f-39dcf1609781,https://opendata-daerani.hub.arcgis.com/api/download/v1/items/2675e58bc9d4468ead021ccb97f86cf7/kml?layers=2,2026-05-15,,2026-05-20,open-data-ni,8549022f-fa16-43e4-a56f-6a45ca875199,500,SERVER_ERROR,HTTP 500,,,,,true,2026-09-02T14:54:08+00:00
https://www.data.gov.uk/dataset/fc81d826-e8e1-4ed4-98b4-c3b016f0db54/industry-laeq-16h1,fc81d826-e8e1-4ed4-98b4-c3b016f0db54,industry-laeq-16h1,2025-09-09,2026-05-20,fc81d826-e8e1-4ed4-98b4-c3b016f0db54,59c290d1-b846-4a73-9f19-0f96888369ba,https://opendata-daerani.hub.arcgis.com/api/download/v1/items/2675e58bc9d4468ead021ccb97f86cf7/geojson?layers=2,2026-05-15,,2026-05-20,open-data-ni,8549022f-fa16-43e4-a56f-6a45ca875199,500,SERVER_ERROR,HTTP 500,,,,,true,2026-09-02T14:54:07+00:00
https://www.data.gov.uk/dataset/fc81d826-e8e1-4ed4-98b4-c3b016f0db54/industry-laeq-16h1,fc81d826-e8e1-4ed4-98b4-c3b016f0db54,industry-laeq-16h1,2025-09-09,2026-05-20,fc81d826-e8e1-4ed4-98b4-c3b016f0db54,4b9ab124-9c03-4ad1-b2eb-4d8a75b853d4,https://opendata-daerani.hub.arcgis.com/api/download/v1/items/2675e58bc9d4468ead021ccb97f86cf7/csv?layers=2,2026-05-15,,2026-05-20,open-data-ni,8549022f-fa16-43e4-a56f-6a45ca875199,500,SERVER_ERROR,HTTP 500,,,,,true,2026-09-02T14:54:10+00:00
https://www.data.gov.uk/dataset/ff148ac1-c684-4a24-b52c-60d6be210219/industry-lnight,ff148ac1-c684-4a24-b52c-60d6be210219,industry-lnight,2025-09-09,2026-05-20,ff148ac1-c684-4a24-b52c-60d6be210219,332b5789-2d06-4f07-8a8d-73846d6dfc20,https://opendata-daerani.hub.arcgis.com/api/download/v1/items/2675e58bc9d4468ead021ccb97f86cf7/geojson?layers=1,2026-05-15,,2026-05-20,open-data-ni,8549022f-fa16-43e4-a56f-6a45ca875199,500,SERVER_ERROR,HTTP 500,,,,,true,2026-09-02T15:55:52+00:00
https://www.data.gov.uk/dataset/ff148ac1-c684-4a24-b52c-60d6be210219/industry-lnight,ff148ac1-c684-4a24-b52c-60d6be210219,industry-lnight,2025-09-09,2026-05-20,ff148ac1-c684-4a24-b52c-60d6be210219,f6cdba31-09df-42de-bdae-48a44a9c9833,https://opendata-daerani.hub.arcgis.com/api/download/v1/items/2675e58bc9d4468ead021ccb97f86cf7/kml?layers=1,2026-05-15,,2026-05-20,open-data-ni,8549022f-fa16-43e4-a56f-6a45ca875199,500,SERVER_ERROR,HTTP 500,,,,,true,2026-09-02T15:55:53+00:00
https://www.data.gov.uk/dataset/ff148ac1-c684-4a24-b52c-60d6be210219/industry-lnight,ff148ac1-c684-4a24-b52c-60d6be210219,industry-lnight,2025-09-09,2026-05-20,ff148ac1-c684-4a24-b52c-60d6be210219,39c92897-4097-4ff6-b83c-bc134a02c012,https://opendata-daerani.hub.arcgis.com/api/download/v1/items/2675e58bc9d4468ead021ccb97f86cf7/shapefile?layers=1,2026-05-15,,2026-05-20,open-data-ni,8549022f-fa16-43e4-a56f-6a45ca875199,500,SERVER_ERROR,HTTP 500,,,,,true,2026-09-02T15:55:54+00:00
https://www.data.gov.uk/dataset/ff148ac1-c684-4a24-b52c-60d6be210219/industry-lnight,ff148ac1-c684-4a24-b52c-60d6be210219,industry-lnight,2025-09-09,2026-05-20,ff148ac1-c684-4a24-b52c-60d6be210219,f80e4caa-5dd4-488d-abde-bf00299954d0,https://opendata-daerani.hub.arcgis.com/api/download/v1/items/2675e58bc9d4468ead021ccb97f86cf7/csv?layers=1,2026-05-15,,2026-05-20,open-data-ni,8549022f-fa16-43e4-a56f-6a45ca875199,500,SERVER_ERROR,HTTP 500,,,,,true,2026-09-02T15:55:54+00:00
https://www.data.gov.uk/dataset/e3d5eb5e-1d4a-493a-9185-e86442c93683/multi-factor_productivity_experimental,e3d5eb5e-1d4a-493a-9185-e86442c93683,multi-factor_productivity_experimental,2011-12-10,2016-05-06,,2d1b3a74-7858-4c1d-ba5d-d6689a490313,http://www.ons.gov.uk/ons/rel/icp/multi-factor-productivity--experimental-/2013/index.html,2015-01-23,,2015-01-23,office-for-national-statistics,d5b50862-3f2a-4b7b-ad85-841b6def43be,404,NOT_FOUND,HTTP 404,,,,,true,2026-09-02T15:55:49+00:00
https://www.data.gov.uk/dataset/e05c13c4-26cf-42f8-adeb-f1496b537f40/input-output_analyses,e05c13c4-26cf-42f8-adeb-f1496b537f40,input-output_analyses,2011-12-10,2014-05-03,,62d5a6e9-6b2c-47ea-aa8d-ffc643ffc808,http://www.ons.gov.uk/ons/dcp19975_52686.xml,,,,office-for-national-statistics,d5b50862-3f2a-4b7b-ad85-841b6def43be,404,NOT_FOUND,HTTP 404,,,,,true,2026-09-02T15:55:50+00:00
https://www.data.gov.uk/dataset/e3a97004-7053-40cc-9df8-23f6de44e227/characteristics_of_older_people,e3a97004-7053-40cc-9df8-23f6de44e227,characteristics_of_older_people,2013-12-13,2014-04-25,,1ddee894-9aa9-472f-9341-e9a0a521fbfe,http://www.ons.gov.uk/ons/dcp19975_325263.xml,2014-01-03,,2014-01-03,office-for-national-statistics,d5b50862-3f2a-4b7b-ad85-841b6def43be,404,NOT_FOUND,HTTP 404,,,,,true,2026-09-02T15:55:51+00:00
https://www.data.gov.uk/dataset/dcefdf21-7477-4252-a0b6-43f24d1f7f77/sub-national_tourism,dcefdf21-7477-4252-a0b6-43f24d1f7f77,sub-national_tourism,2011-12-11,2016-05-10,,6846f57b-38e7-41d3-9a1d-69a14bd81e91,http://www.ons.gov.uk/ons/rel/tourism/sub-national-tourism/a-spatial-classification-of-areas-in-england-and-wales-to-show-the-importance-of-tourism--at-county-and-unitary-authority-level--2011-2013/index.html,2015-12-02,,2015-12-02,office-for-national-statistics,d5b50862-3f2a-4b7b-ad85-841b6def43be,404,NOT_FOUND,HTTP 404,,,,,true,2026-09-02T15:55:52+00:00
https://www.data.gov.uk/dataset/e1fd0d78-8e58-4bbf-a920-69390356093a/tourism_satellite_account,e1fd0d78-8e58-4bbf-a920-69390356093a,tourism_satellite_account,2011-12-11,2016-05-12,,3f3e9f1c-7e3a-4dde-b833-9f4a94bc3578,http://www.ons.gov.uk/ons/rel/tourism/tourism-satellite-account/the-economic-importance-of-tourism--uk-tourism-satellite-account-2012/index.html,2015-07-07,,2015-07-07,office-for-national-statistics,d5b50862-3f2a-4b7b-ad85-841b6def43be,404,NOT_FOUND,HTTP 404,,,,,true,2026-09-02T15:55:54+00:00
https://www.data.gov.uk/dataset/e5c9961f-0f78-4268-8823-c168ac17703f/cancer_registrations_in_england,e5c9961f-0f78-4268-8823-c168ac17703f,cancer_registrations_in_england,2011-12-11,2018-06-04,,924dc1a4-8a43-49d6-87a2-498d13014a13,http://www.ons.gov.uk/ons/dcp19975_216692.xml,2013-03-11,,2013-03-11,office-for-national-statistics,d5b50862-3f2a-4b7b-ad85-841b6def43be,404,NOT_FOUND,HTTP 404,,,,,true,2026-09-02T15:55:54+00:00
https://www.data.gov.uk/dataset/e3d5eb5e-1d4a-493a-9185-e86442c93683/multi-factor_productivity_experimental,e3d5eb5e-1d4a-493a-9185-e86442c93683,multi-factor_productivity_experimental,2011-12-10,2016-05-06,,b885a7ec-f3a8-4d5b-923d-fe7d67fea140,http://www.ons.gov.uk/ons/dcp19975_348090.xml,2014-01-23,,2014-01-23,office-for-national-statistics,d5b50862-3f2a-4b7b-ad85-841b6def43be,404,NOT_FOUND,HTTP 404,,,,,true,2026-09-02T15:55:55+00:00
https://www.data.gov.uk/dataset/e05c13c4-26cf-42f8-adeb-f1496b537f40/input-output_analyses,e05c13c4-26cf-42f8-adeb-f1496b537f40,input-output_analyses,2011-12-10,2014-05-03,,ebcd0d7f-266e-4c84-8843-cca681ecd44b,http://www.ons.gov.uk/ons/dcp19975_52692.xml,,,,office-for-national-statistics,d5b50862-3f2a-4b7b-ad85-841b6def43be,404,NOT_FOUND,HTTP 404,,,,,true,2026-09-02T15:55:55+00:00
https://www.data.gov.uk/dataset/dd6e8c95-be7d-49dc-87db-14ea1fb5ce00/psychiatric_morbidity_among_prisoners,dd6e8c95-be7d-49dc-87db-14ea1fb5ce00,psychiatric_morbidity_among_prisoners,2011-12-10,2014-04-26,,f2776ca3-c3de-42f4-abe5-71d6b02fb775,http://www.ons.gov.uk/ons/dcp19975_50859.xml,2013-03-11,,2013-03-11,office-for-national-statistics,d5b50862-3f2a-4b7b-ad85-841b6def43be,404,NOT_FOUND,HTTP 404,,,,,true,2026-09-02T15:55:56+00:00
https://www.data.gov.uk/dataset/dd69313e-7788-4d8e-bd74-b99dfd7efaca/child_mortality_statistics-childhood_infant_and_perinatal,dd69313e-7788-4d8e-bd74-b99dfd7efaca,child_mortality_statistics-childhood_infant_and_perinatal,2011-12-11,2018-03-14,,f8d311b7-6939-4c5b-b105-3f952372782f,http://www.ons.gov.uk/ons/dcp19975_263847.xml,2013-03-08,,2013-03-08,office-for-national-statistics,d5b50862-3f2a-4b7b-ad85-841b6def43be,404,NOT_FOUND,HTTP 404,,,,,true,2026-09-02T15:55:57+00:00
https://www.data.gov.uk/dataset/e1fd0d78-8e58-4bbf-a920-69390356093a/tourism_satellite_account,e1fd0d78-8e58-4bbf-a920-69390356093a,tourism_satellite_account,2011-12-11,2016-05-12,,4e5ffac2-8fa6-4230-ad7e-29799c444cef,http://www.ons.gov.uk/ons/dcp19975_318477.xml,2013-08-16,,2013-08-16,office-for-national-statistics,d5b50862-3f2a-4b7b-ad85-841b6def43be,404,NOT_FOUND,HTTP 404,,,,,true,2026-09-02T15:55:58+00:00
https://www.data.gov.uk/dataset/e1fd0d78-8e58-4bbf-a920-69390356093a/tourism_satellite_account,e1fd0d78-8e58-4bbf-a920-69390356093a,tourism_satellite_account,2011-12-11,2016-05-12,,a0fde884-dac0-41b0-b380-42b75dd73b38,http://www.ons.gov.uk/ons/rel/tourism/tourism-satellite-account/estimates-of-the-economic-importance-of-tourism--2008-2013/index.html,2014-12-03,,2014-12-03,office-for-national-statistics,d5b50862-3f2a-4b7b-ad85-841b6def43be,404,NOT_FOUND,HTTP 404,,,,,true,2026-09-02T15:55:59+00:00
https://www.data.gov.uk/dataset/dcefdf21-7477-4252-a0b6-43f24d1f7f77/sub-national_tourism,dcefdf21-7477-4252-a0b6-43f24d1f7f77,sub-national_tourism,2011-12-11,2016-05-10,,fb68753f-8cd1-46bd-a72d-7808a2335015,http://www.ons.gov.uk/ons/dcp19975_233133.xml,,,,office-for-national-statistics,d5b50862-3f2a-4b7b-ad85-841b6def43be,404,NOT_FOUND,HTTP 404,,,,,true,2026-09-02T15:56:00+00:00
https://www.data.gov.uk/dataset/e1fd0d78-8e58-4bbf-a920-69390356093a/tourism_satellite_account,e1fd0d78-8e58-4bbf-a920-69390356093a,tourism_satellite_account,2011-12-11,2016-05-12,,dd378b3c-42af-466a-92ed-4ed05ba7e24b,http://www.ons.gov.uk/ons/dcp19975_228961.xml,,,,office-for-national-statistics,d5b50862-3f2a-4b7b-ad85-841b6def43be,404,NOT_FOUND,HTTP 404,,,,,true,2026-09-02T15:56:00+00:00
https://www.data.gov.uk/dataset/e5c9961f-0f78-4268-8823-c168ac17703f/cancer_registrations_in_england,e5c9961f-0f78-4268-8823-c168ac17703f,cancer_registrations_in_england,2011-12-11,2018-06-04,,47e768ed-ee86-4bc4-ac32-921ea5ef01bf,http://www.ons.gov.uk/ons/dcp19975_216676.xml,2013-03-11,,2013-03-11,office-for-national-statistics,d5b50862-3f2a-4b7b-ad85-841b6def43be,404,NOT_FOUND,HTTP 404,,,,,true,2026-09-02T15:56:01+00:00
https://www.data.gov.uk/dataset/dd69313e-7788-4d8e-bd74-b99dfd7efaca/child_mortality_statistics-childhood_infant_and_perinatal,dd69313e-7788-4d8e-bd74-b99dfd7efaca,child_mortality_statistics-childhood_infant_and_perinatal,2011-12-11,2018-03-14,,50c2356a-dcea-458a-b560-6e801dcee7aa,http://www.ons.gov.uk/ons/dcp19975_213299.xml,2013-03-11,,2013-03-11,office-for-national-statistics,d5b50862-3f2a-4b7b-ad85-841b6def43be,404,NOT_FOUND,HTTP 404,,,,,true,2026-09-02T15:56:01+00:00
https://www.data.gov.uk/dataset/e3d5eb5e-1d4a-493a-9185-e86442c93683/multi-factor_productivity_experimental,e3d5eb5e-1d4a-493a-9185-e86442c93683,multi-factor_productivity_experimental,2011-12-10,2016-05-06,,7b4cf8d7-e54d-4f4b-a16b-0f15c8a87afd,http://www.ons.gov.uk/ons/dcp19975_241139.xml,2013-09-01,,2013-09-01,office-for-national-statistics,d5b50862-3f2a-4b7b-ad85-841b6def43be,404,NOT_FOUND,HTTP 404,,,,,true,2026-09-02T15:56:02+00:00
https://www.data.gov.uk/dataset/dcefdf21-7477-4252-a0b6-43f24d1f7f77/sub-national_tourism,dcefdf21-7477-4252-a0b6-43f24d1f7f77,sub-national_tourism,2011-12-11,2016-05-10,,241578aa-026b-45d9-b926-1243fb82a12c,http://www.ons.gov.uk/ons/rel/tourism/sub-national-tourism/a-tourism-atlas-for-england-and-wales--2015/index.html,2015-04-17,,2015-04-17,office-for-national-statistics,d5b50862-3f2a-4b7b-ad85-841b6def43be,404,NOT_FOUND,HTTP 404,,,,,true,2026-09-02T15:56:02+00:00
https://www.data.gov.uk/dataset/dd69313e-7788-4d8e-bd74-b99dfd7efaca/child_mortality_statistics-childhood_infant_and_perinatal,dd69313e-7788-4d8e-bd74-b99dfd7efaca,child_mortality_statistics-childhood_infant_and_perinatal,2011-12-11,2018-03-14,,a614feeb-4aa3-4ff7-99f3-6f8d5b5332ac,http://www.ons.gov.uk/ons/dcp19975_213279.xml,2013-03-11,,2013-03-11,office-for-national-statistics,d5b50862-3f2a-4b7b-ad85-841b6def43be,404,NOT_FOUND,HTTP 404,,,,,true,2026-09-02T15:56:02+00:00
https://www.data.gov.uk/dataset/e5c9961f-0f78-4268-8823-c168ac17703f/cancer_registrations_in_england,e5c9961f-0f78-4268-8823-c168ac17703f,cancer_registrations_in_england,2011-12-11,2018-06-04,,8b96eba1-c7e2-4168-824d-463fc33b0e60,http://www.ons.gov.uk/ons/dcp19975_216700.xml,2013-03-11,,2013-03-11,office-for-national-statistics,d5b50862-3f2a-4b7b-ad85-841b6def43be,404,NOT_FOUND,HTTP 404,,,,,true,2026-09-02T15:56:02+00:00
https://www.data.gov.uk/dataset/dd69313e-7788-4d8e-bd74-b99dfd7efaca/child_mortality_statistics-childhood_infant_and_perinatal,dd69313e-7788-4d8e-bd74-b99dfd7efaca,child_mortality_statistics-childhood_infant_and_perinatal,2011-12-11,2018-03-14,,5c34d5fb-3a2c-4b6e-987d-9085111327c9,http://www.ons.gov.uk/ons/dcp19975_294645.xml,2014-01-30,,2014-01-30,office-for-national-statistics,d5b50862-3f2a-4b7b-ad85-841b6def43be,404,NOT_FOUND,HTTP 404,,,,,true,2026-09-02T15:56:03+00:00
https://www.data.gov.uk/dataset/e5c9961f-0f78-4268-8823-c168ac17703f/cancer_registrations_in_england,e5c9961f-0f78-4268-8823-c168ac17703f,cancer_registrations_in_england,2011-12-11,2018-06-04,,0696a940-4df3-4afa-9d65-8939a328381a,http://www.ons.gov.uk/ons/dcp19975_216658.xml,2013-03-11,,2013-03-11,office-for-national-statistics,d5b50862-3f2a-4b7b-ad85-841b6def43be,404,NOT_FOUND,HTTP 404,,,,,true,2026-09-02T15:56:05+00:00
https://www.data.gov.uk/dataset/e7082855-56a3-4c5e-9a53-7028d9818f31/regional_economic_analysis,e7082855-56a3-4c5e-9a53-7028d9818f31,regional_economic_analysis,2011-12-11,2016-03-08,,be5cf79f-879c-46ba-bcd0-d71f5b3622d6,http://www.ons.gov.uk/ons/rel/regional-trends/regional-economic-analysis/gva-for-local-enterprise-partnerships--1997-2014/index.html,2016-02-18,,2016-02-18,office-for-national-statistics,d5b50862-3f2a-4b7b-ad85-841b6def43be,404,NOT_FOUND,HTTP 404,,,,,true,2026-09-02T15:56:38+00:00
https://www.data.gov.uk/dataset/e9eec163-ee48-436a-aed6-8039efb6f62a/occupational_pension_schemes_survey,e9eec163-ee48-436a-aed6-8039efb6f62a,occupational_pension_schemes_survey,2011-12-11,2019-06-20,,3e4ac895-70a6-49ba-b923-bcec93c13fbe,http://www.ons.gov.uk/ons/dcp19975_234062.xml,2013-03-12,,2013-03-12,office-for-national-statistics,d5b50862-3f2a-4b7b-ad85-841b6def43be,404,NOT_FOUND,HTTP 404,,,,,true,2026-09-02T15:56:39+00:00
https://www.data.gov.uk/dataset/ea0ae85f-fa70-4499-a958-d6b10cbdd3bb/mortality_in_the_united_kingdom,ea0ae85f-fa70-4499-a958-d6b10cbdd3bb,mortality_in_the_united_kingdom,2012-01-20,2015-03-27,,b569dce8-cd21-4e38-b554-1a2108358b4d,http://www.ons.gov.uk/ons/dcp19975_249121.xml,2013-09-01,,2013-09-01,office-for-national-statistics,d5b50862-3f2a-4b7b-ad85-841b6def43be,404,NOT_FOUND,HTTP 404,,,,,true,2026-09-02T15:56:40+00:00
https://www.data.gov.uk/dataset/e9c69a22-dbbd-43eb-93f2-347ddbc508e7/families_and_households,e9c69a22-dbbd-43eb-93f2-347ddbc508e7,families_and_households,2012-01-19,2016-11-04,,c5c860ff-6320-4d5b-8e65-77fb17ba904e,http://www.ons.gov.uk/ons/dcp19975_222655.xml,2013-03-11,,2013-03-11,office-for-national-statistics,d5b50862-3f2a-4b7b-ad85-841b6def43be,404,NOT_FOUND,HTTP 404,,,,,true,2026-09-02T15:56:40+00:00
https://www.data.gov.uk/dataset/e7082855-56a3-4c5e-9a53-7028d9818f31/regional_economic_analysis,e7082855-56a3-4c5e-9a53-7028d9818f31,regional_economic_analysis,2011-12-11,2016-03-08,,beb07c09-a5bd-4dbc-970d-faab5f570dac,http://www.ons.gov.uk/ons/dcp19975_257016.xml,2013-10-01,,2013-10-01,office-for-national-statistics,d5b50862-3f2a-4b7b-ad85-841b6def43be,404,NOT_FOUND,HTTP 404,,,,,true,2026-09-02T15:56:41+00:00
https://www.data.gov.uk/dataset/e8d6a995-53c1-462c-a8ff-1f602b6c6237/construction_statistics,e8d6a995-53c1-462c-a8ff-1f602b6c6237,construction_statistics,2011-12-10,2018-08-22,,47c472e1-0507-4a6d-a855-118e1c2ffec9,http://www.ons.gov.uk/ons/dcp19975_324204.xml,2013-10-01,,2013-10-01,office-for-national-statistics,d5b50862-3f2a-4b7b-ad85-841b6def43be,404,NOT_FOUND,HTTP 404,,,,,true,2026-09-02T15:56:41+00:00
https://www.data.gov.uk/dataset/e7691862-0a3f-46c5-8b6f-18a329acf598/foreign_ownership_of_businesses_in_the_uk,e7691862-0a3f-46c5-8b6f-18a329acf598,foreign_ownership_of_businesses_in_the_uk,2013-03-12,2014-04-26,,c4cddce5-cc67-43f7-9850-d7fedda0d22e,http://www.ons.gov.uk/ons/dcp19975_253658.xml,2013-03-12,,2013-03-12,office-for-national-statistics,d5b50862-3f2a-4b7b-ad85-841b6def43be,404,NOT_FOUND,HTTP 404,,,,,true,2026-09-02T15:56:42+00:00
https://www.data.gov.uk/dataset/e8d6a995-53c1-462c-a8ff-1f602b6c6237/construction_statistics,e8d6a995-53c1-462c-a8ff-1f602b6c6237,construction_statistics,2011-12-10,2018-08-22,,014cd419-b31c-4ddd-9b91-a4598ab80261,http://www.ons.gov.uk/ons/dcp19975_171448.xml,2013-03-11,,2013-03-11,office-for-national-statistics,d5b50862-3f2a-4b7b-ad85-841b6def43be,404,NOT_FOUND,HTTP 404,,,,,true,2026-09-02T15:56:42+00:00
https://www.data.gov.uk/dataset/e8d6a995-53c1-462c-a8ff-1f602b6c6237/construction_statistics,e8d6a995-53c1-462c-a8ff-1f602b6c6237,construction_statistics,2011-12-10,2018-08-22,,2854788a-539d-4ea8-8db9-941b0dbc82fa,http://www.ons.gov.uk/ons/dcp19975_232070.xml,2013-03-12,,2013-03-12,office-for-national-statistics,d5b50862-3f2a-4b7b-ad85-841b6def43be,404,NOT_FOUND,HTTP 404,,,,,true,2026-09-02T15:56:43+00:00
https://www.data.gov.uk/dataset/e7082855-56a3-4c5e-9a53-7028d9818f31/regional_economic_analysis,e7082855-56a3-4c5e-9a53-7028d9818f31,regional_economic_analysis,2011-12-11,2016-03-08,,92744432-0b9f-4e21-9a45-9d202b101c28,http://www.ons.gov.uk/ons/dcp19975_292518.xml,2013-10-01,,2013-10-01,office-for-national-statistics,d5b50862-3f2a-4b7b-ad85-841b6def43be,404,NOT_FOUND,HTTP 404,,,,,true,2026-09-02T15:56:44+00:00
https://www.data.gov.uk/dataset/e7082855-56a3-4c5e-9a53-7028d9818f31/regional_economic_analysis,e7082855-56a3-4c5e-9a53-7028d9818f31,regional_economic_analysis,2011-12-11,2016-03-08,,c15aa6aa-8a27-49ef-a93f-b81aeeadb94f,http://www.ons.gov.uk/ons/dcp19975_283105.xml,2013-10-01,,2013-10-01,office-for-national-statistics,d5b50862-3f2a-4b7b-ad85-841b6def43be,404,NOT_FOUND,HTTP 404,,,,,true,2026-09-02T15:56:44+00:00
https://www.data.gov.uk/dataset/e9eec163-ee48-436a-aed6-8039efb6f62a/occupational_pension_schemes_survey,e9eec163-ee48-436a-aed6-8039efb6f62a,occupational_pension_schemes_survey,2011-12-11,2019-06-20,,d8e9dc12-d992-4b70-b512-5dce82acece7,http://www.ons.gov.uk/ons/dcp19975_285107.xml,2013-10-01,,2013-10-01,office-for-national-statistics,d5b50862-3f2a-4b7b-ad85-841b6def43be,404,NOT_FOUND,HTTP 404,,,,,true,2026-09-02T15:56:45+00:00
https://www.data.gov.uk/dataset/e9c69a22-dbbd-43eb-93f2-347ddbc508e7/families_and_households,e9c69a22-dbbd-43eb-93f2-347ddbc508e7,families_and_households,2012-01-19,2016-11-04,,1f24ea89-9223-4e78-9008-c1f35908e051,http://www.ons.gov.uk/ons/dcp19975_258830.xml,2013-09-01,,2013-09-01,office-for-national-statistics,d5b50862-3f2a-4b7b-ad85-841b6def43be,404,NOT_FOUND,HTTP 404,,,,,true,2026-09-02T15:56:45+00:00
https://www.data.gov.uk/dataset/e9eec163-ee48-436a-aed6-8039efb6f62a/occupational_pension_schemes_survey,e9eec163-ee48-436a-aed6-8039efb6f62a,occupational_pension_schemes_survey,2011-12-11,2019-06-20,,454734d2-9f45-485d-b94b-6555df5291c7,http://www.ons.gov.uk/ons/rel/pensions/occupational-pension-schemes-survey-short-stories/contracting-out-of-private-sector-defined-benefit-pension-schemes--2013/index.html,2015-03-27,,2015-03-27,office-for-national-statistics,d5b50862-3f2a-4b7b-ad85-841b6def43be,404,NOT_FOUND,HTTP 404,,,,,true,2026-09-02T15:56:46+00:00
https://www.data.gov.uk/dataset/eac34c4e-6d77-4810-bd82-900d0c595190/marriage_divorce_and_adoption_statistics_england_and_wales_series_fm2,eac34c4e-6d77-4810-bd82-900d0c595190,marriage_divorce_and_adoption_statistics_england_and_wales_series_fm2,2011-12-10,2014-04-26,,17404243-e052-4b8b-96d6-a12d3fd4ef7f,http://www.ons.gov.uk/ons/dcp19975_200357.xml,2013-03-11,,2013-03-11,office-for-national-statistics,d5b50862-3f2a-4b7b-ad85-841b6def43be,404,NOT_FOUND,HTTP 404,,,,,true,2026-09-02T15:56:47+00:00
https://www.data.gov.uk/dataset/e7082855-56a3-4c5e-9a53-7028d9818f31/regional_economic_analysis,e7082855-56a3-4c5e-9a53-7028d9818f31,regional_economic_analysis,2011-12-11,2016-03-08,,bb3708d4-bfba-40d0-832b-70242e2c29bb,http://www.ons.gov.uk/ons/rel/regional-trends/regional-economic-analysis/gva-for-local-enterprise-partnerships--1997-2013/index.html,2015-02-19,,2015-02-19,office-for-national-statistics,d5b50862-3f2a-4b7b-ad85-841b6def43be,404,NOT_FOUND,HTTP 404,,,,,true,2026-09-02T15:56:48+00:00
https://www.data.gov.uk/dataset/eac34c4e-6d77-4810-bd82-900d0c595190/marriage_divorce_and_adoption_statistics_england_and_wales_series_fm2,eac34c4e-6d77-4810-bd82-900d0c595190,marriage_divorce_and_adoption_statistics_england_and_wales_series_fm2,2011-12-10,2014-04-26,,3f4bdb75-2049-4999-bfdd-691ea94d3a51,http://www.ons.gov.uk/ons/dcp19975_200381.xml,2013-03-11,,2013-03-11,office-for-national-statistics,d5b50862-3f2a-4b7b-ad85-841b6def43be,404,NOT_FOUND,HTTP 404,,,,,true,2026-09-02T15:56:49+00:00
https://www.data.gov.uk/dataset/ea10bc7b-3887-4bd2-93f3-97c7ea209e4e/labour_market_statisitcs,ea10bc7b-3887-4bd2-93f3-97c7ea209e4e,labour_market_statisitcs,2011-12-11,2019-02-19,,980c5666-66fe-4aa8-adb6-683ef2abd8a8,http://www.ons.gov.uk/ons/dcp19975_28536.xml,2013-03-11,,2013-03-11,office-for-national-statistics,d5b50862-3f2a-4b7b-ad85-841b6def43be,404,NOT_FOUND,HTTP 404,,,,,true,2026-09-02T15:56:49+00:00
https://www.data.gov.uk/dataset/e8dade37-75d9-47df-b624-aa128afa84f6/labour_force_survey_non-response,e8dade37-75d9-47df-b624-aa128afa84f6,labour_force_survey_non-response,2011-12-11,2014-04-26,,a4eae0c6-9286-4d47-b259-b991d37e6236,http://www.ons.gov.uk/ons/dcp19975_240869.xml,2013-03-11,,2013-03-11,office-for-national-statistics,d5b50862-3f2a-4b7b-ad85-841b6def43be,404,NOT_FOUND,HTTP 404,,,,,true,2026-09-02T15:56:49+00:00
https://www.data.gov.uk/dataset/e7082855-56a3-4c5e-9a53-7028d9818f31/regional_economic_analysis,e7082855-56a3-4c5e-9a53-7028d9818f31,regional_economic_analysis,2011-12-11,2016-03-08,,a78d637f-5088-40e7-8f75-feeaa4a6ea47,http://www.ons.gov.uk/ons/rel/regional-trends/regional-economic-analysis/sub-regional-productivity--february-2015/index.html,2015-02-19,,2015-02-19,office-for-national-statistics,d5b50862-3f2a-4b7b-ad85-841b6def43be,404,NOT_FOUND,HTTP 404,,,,,true,2026-09-02T15:56:50+00:00
https://www.data.gov.uk/dataset/ea8c57d6-ae19-4a58-b8fd-fe291659bfff/social_focus_in_brief-children,ea8c57d6-ae19-4a58-b8fd-fe291659bfff,social_focus_in_brief-children,2013-03-11,2014-04-26,,1504c302-1b62-4bd8-af75-0ea27073ce72,http://www.ons.gov.uk/ons/dcp19975_51147.xml,2013-03-11,,2013-03-11,office-for-national-statistics,d5b50862-3f2a-4b7b-ad85-841b6def43be,404,NOT_FOUND,HTTP 404,,,,,true,2026-09-02T15:56:50+00:00
https://www.data.gov.uk/dataset/eab3c787-f92f-4882-b0bc-10d795c78860/young_teenagers_and_smoking,eab3c787-f92f-4882-b0bc-10d795c78860,young_teenagers_and_smoking,2011-12-10,2016-01-26,,a4f92c44-356f-41ba-ae35-5aee5c60e5b9,http://www.ons.gov.uk/ons/dcp19975_50833.xml,2013-03-11,,2013-03-11,office-for-national-statistics,d5b50862-3f2a-4b7b-ad85-841b6def43be,404,NOT_FOUND,HTTP 404,,,,,true,2026-09-02T15:56:50+00:00
https://www.data.gov.uk/dataset/e8c73896-e52d-4291-a53a-dcbb4f2b1e00/division_27,e8c73896-e52d-4291-a53a-dcbb4f2b1e00,division_27,2011-12-11,2014-04-25,,81172606-6a22-42db-881e-b10cb5553687,http://www.ons.gov.uk/ons/dcp19975_201994.xml,2013-03-11,,2013-03-11,office-for-national-statistics,d5b50862-3f2a-4b7b-ad85-841b6def43be,404,NOT_FOUND,HTTP 404,,,,,true,2026-09-02T15:56:51+00:00
https://www.data.gov.uk/dataset/ea0ae85f-fa70-4499-a958-d6b10cbdd3bb/mortality_in_the_united_kingdom,ea0ae85f-fa70-4499-a958-d6b10cbdd3bb,mortality_in_the_united_kingdom,2012-01-20,2015-03-27,,d619ffb0-f7f2-4756-aa5a-57cecb3fc785,http://www.ons.gov.uk/ons/rel/vsob1/deaths-registered-area-usual-residence/2013/index.html,2015-03-27,,2015-03-27,office-for-national-statistics,d5b50862-3f2a-4b7b-ad85-841b6def43be,404,NOT_FOUND,HTTP 404,,,,,true,2026-09-02T15:56:51+00:00
https://www.data.gov.uk/dataset/e96307f8-f17c-48fe-b572-6120463148a6/public_sector_productivity_estimates-healthcare,e96307f8-f17c-48fe-b572-6120463148a6,public_sector_productivity_estimates-healthcare,2013-03-08,2015-01-28,,3f4ce808-bc5a-4185-be8b-7149481cd88d,http://www.ons.gov.uk/ons/dcp19975_264864.xml,2013-03-12,,2013-03-12,office-for-national-statistics,d5b50862-3f2a-4b7b-ad85-841b6def43be,404,NOT_FOUND,HTTP 404,,,,,true,2026-09-02T15:56:51+00:00
https://www.data.gov.uk/dataset/e9eec163-ee48-436a-aed6-8039efb6f62a/occupational_pension_schemes_survey,e9eec163-ee48-436a-aed6-8039efb6f62a,occupational_pension_schemes_survey,2011-12-11,2019-06-20,,b8666074-0970-4e36-a45f-b09a1a84c680,http://www.ons.gov.uk/ons/dcp19975_328478.xml,2014-09-25,,2014-09-25,office-for-national-statistics,d5b50862-3f2a-4b7b-ad85-841b6def43be,404,NOT_FOUND,HTTP 404,,,,,true,2026-09-02T15:56:51+00:00
https://www.data.gov.uk/dataset/eac34c4e-6d77-4810-bd82-900d0c595190/marriage_divorce_and_adoption_statistics_england_and_wales_series_fm2,eac34c4e-6d77-4810-bd82-900d0c595190,marriage_divorce_and_adoption_statistics_england_and_wales_series_fm2,2011-12-10,2014-04-26,,a272e94c-72cd-4e93-96e1-1fa74f60aa78,http://www.ons.gov.uk/ons/dcp19975_200174.xml,2013-03-11,,2013-03-11,office-for-national-statistics,d5b50862-3f2a-4b7b-ad85-841b6def43be,404,NOT_FOUND,HTTP 404,,,,,true,2026-09-02T15:56:52+00:00
https://www.data.gov.uk/dataset/eac34c4e-6d77-4810-bd82-900d0c595190/marriage_divorce_and_adoption_statistics_england_and_wales_series_fm2,eac34c4e-6d77-4810-bd82-900d0c595190,marriage_divorce_and_adoption_statistics_england_and_wales_series_fm2,2011-12-10,2014-04-26,,08104e4d-f0d2-4646-9927-a505a6d3d5a8,http://www.ons.gov.uk/ons/dcp19975_203373.xml,2013-03-11,,2013-03-11,office-for-national-statistics,d5b50862-3f2a-4b7b-ad85-841b6def43be,404,NOT_FOUND,HTTP 404,,,,,true,2026-09-02T15:56:52+00:00
https://www.data.gov.uk/dataset/ee59f8e5-5103-43d4-8c32-dce0a5978a09/public_sector_finances_,ee59f8e5-5103-43d4-8c32-dce0a5978a09,public_sector_finances_,2011-12-11,2020-03-23,,957ad395-5e27-4c9c-8284-82351bd5e0e6,http://www.ons.gov.uk/ons/dcp19975_253609.xml,2013-03-11,,2013-03-11,office-for-national-statistics,d5b50862-3f2a-4b7b-ad85-841b6def43be,404,NOT_FOUND,HTTP 404,,,,,true,2026-09-02T15:57:47+00:00
https://www.data.gov.uk/dataset/ee59f8e5-5103-43d4-8c32-dce0a5978a09/public_sector_finances_,ee59f8e5-5103-43d4-8c32-dce0a5978a09,public_sector_finances_,2011-12-11,2020-03-23,,8da1293f-95cc-4141-a023-e75f37458015,http://www.ons.gov.uk/ons/rel/psa/public-sector-finances/november-2015/index.html,2015-12-22,,2015-12-22,office-for-national-statistics,d5b50862-3f2a-4b7b-ad85-841b6def43be,404,NOT_FOUND,HTTP 404,,,,,true,2026-09-02T15:57:48+00:00
https://www.data.gov.uk/dataset/ee59f8e5-5103-43d4-8c32-dce0a5978a09/public_sector_finances_,ee59f8e5-5103-43d4-8c32-dce0a5978a09,public_sector_finances_,2011-12-11,2020-03-23,,7cbeb498-32c9-4d6a-8d1b-3f2c2f02fb03,http://www.ons.gov.uk/ons/rel/psa/public-sector-finances/march-2015/index.html,2015-05-01,,2015-05-01,office-for-national-statistics,d5b50862-3f2a-4b7b-ad85-841b6def43be,404,NOT_FOUND,HTTP 404,,,,,true,2026-09-02T15:57:49+00:00
https://www.data.gov.uk/dataset/ee59f8e5-5103-43d4-8c32-dce0a5978a09/public_sector_finances_,ee59f8e5-5103-43d4-8c32-dce0a5978a09,public_sector_finances_,2011-12-11,2020-03-23,,8173ad89-2e0f-4f1d-ab82-f3a60950ecde,http://www.ons.gov.uk/ons/dcp19975_264616.xml,2013-10-01,,2013-10-01,office-for-national-statistics,d5b50862-3f2a-4b7b-ad85-841b6def43be,404,NOT_FOUND,HTTP 404,,,,,true,2026-09-02T15:57:49+00:00
https://www.data.gov.uk/dataset/ee59f8e5-5103-43d4-8c32-dce0a5978a09/public_sector_finances_,ee59f8e5-5103-43d4-8c32-dce0a5978a09,public_sector_finances_,2011-12-11,2020-03-23,,a31189d5-94ee-4611-bbae-0bdbcc20e3d0,http://www.ons.gov.uk/ons/dcp19975_237817.xml,2013-06-01,,2013-06-01,office-for-national-statistics,d5b50862-3f2a-4b7b-ad85-841b6def43be,404,NOT_FOUND,HTTP 404,,,,,true,2026-09-02T15:57:50+00:00
https://www.data.gov.uk/dataset/ee59f8e5-5103-43d4-8c32-dce0a5978a09/public_sector_finances_,ee59f8e5-5103-43d4-8c32-dce0a5978a09,public_sector_finances_,2011-12-11,2020-03-23,,9d4518a0-0fd7-4b40-9cb4-bd262fa047ee,http://www.ons.gov.uk/ons/dcp19975_281034.xml,2013-10-01,,2013-10-01,office-for-national-statistics,d5b50862-3f2a-4b7b-ad85-841b6def43be,404,NOT_FOUND,HTTP 404,,,,,true,2026-09-02T15:57:51+00:00
https://www.data.gov.uk/dataset/ee59f8e5-5103-43d4-8c32-dce0a5978a09/public_sector_finances_,ee59f8e5-5103-43d4-8c32-dce0a5978a09,public_sector_finances_,2011-12-11,2020-03-23,,d171b0e0-07c0-4ed6-bd8e-39c45d870517,http://www.ons.gov.uk/ons/dcp19975_259948.xml,2013-10-01,,2013-10-01,office-for-national-statistics,d5b50862-3f2a-4b7b-ad85-841b6def43be,404,NOT_FOUND,HTTP 404,,,,,true,2026-09-02T15:57:52+00:00
https://www.data.gov.uk/dataset/ee59f8e5-5103-43d4-8c32-dce0a5978a09/public_sector_finances_,ee59f8e5-5103-43d4-8c32-dce0a5978a09,public_sector_finances_,2011-12-11,2020-03-23,,91f0af2d-016d-4694-aeb2-f999d0ccfc39,http://www.ons.gov.uk/ons/rel/psa/public-sector-finances---supplementary-table/november-2015/index.html,2015-12-22,,2015-12-22,office-for-national-statistics,d5b50862-3f2a-4b7b-ad85-841b6def43be,404,NOT_FOUND,HTTP 404,,,,,true,2026-09-02T15:57:52+00:00
https://www.data.gov.uk/dataset/ee59f8e5-5103-43d4-8c32-dce0a5978a09/public_sector_finances_,ee59f8e5-5103-43d4-8c32-dce0a5978a09,public_sector_finances_,2011-12-11,2020-03-23,,bda9adad-3fa6-4789-b9ca-f4bf07a449c9,http://www.ons.gov.uk/ons/rel/psa/public-sector-finances/october-2015/index.html,2015-11-20,,2015-11-20,office-for-national-statistics,d5b50862-3f2a-4b7b-ad85-841b6def43be,404,NOT_FOUND,HTTP 404,,,,,true,2026-09-02T15:57:52+00:00
https://www.data.gov.uk/dataset/ee59f8e5-5103-43d4-8c32-dce0a5978a09/public_sector_finances_,ee59f8e5-5103-43d4-8c32-dce0a5978a09,public_sector_finances_,2011-12-11,2020-03-23,,c1c0c647-952d-44bc-88d6-490688b9b6b6,http://www.ons.gov.uk/ons/dcp19975_253392.xml,2013-03-11,,2013-03-11,office-for-national-statistics,d5b50862-3f2a-4b7b-ad85-841b6def43be,404,NOT_FOUND,HTTP 404,,,,,true,2026-09-02T15:57:53+00:00
https://www.data.gov.uk/dataset/ee59f8e5-5103-43d4-8c32-dce0a5978a09/public_sector_finances_,ee59f8e5-5103-43d4-8c32-dce0a5978a09,public_sector_finances_,2011-12-11,2020-03-23,,b61cf846-a0d9-4b32-be4f-49f94d7f3d1f,http://www.ons.gov.uk/ons/dcp19975_253520.xml,2013-03-11,,2013-03-11,office-for-national-statistics,d5b50862-3f2a-4b7b-ad85-841b6def43be,404,NOT_FOUND,HTTP 404,,,,,true,2026-09-02T15:57:53+00:00
https://www.data.gov.uk/dataset/f269e0dc-929a-4f41-bba4-7cfe07f790b0/monthly_figures_on_deaths_registered_by_area_of_usual_residence_england_and_wales,f269e0dc-929a-4f41-bba4-7cfe07f790b0,monthly_figures_on_deaths_registered_by_area_of_usual_residence_england_and_wales,2011-12-11,2015-06-24,,94a1af05-297e-4427-9b9f-c9cf4f3a6b60,http://www.ons.gov.uk/ons/dcp19975_285350.xml,2013-09-24,,2013-09-24,office-for-national-statistics,d5b50862-3f2a-4b7b-ad85-841b6def43be,404,NOT_FOUND,HTTP 404,,,,,true,2026-09-02T15:58:32+00:00
https://www.data.gov.uk/dataset/f269e0dc-929a-4f41-bba4-7cfe07f790b0/monthly_figures_on_deaths_registered_by_area_of_usual_residence_england_and_wales,f269e0dc-929a-4f41-bba4-7cfe07f790b0,monthly_figures_on_deaths_registered_by_area_of_usual_residence_england_and_wales,2011-12-11,2015-06-24,,ab5e19eb-c4d2-45ec-b449-281e3c9440c7,http://www.ons.gov.uk/ons/dcp19975_249256.xml,2013-03-11,,2013-03-11,office-for-national-statistics,d5b50862-3f2a-4b7b-ad85-841b6def43be,404,NOT_FOUND,HTTP 404,,,,,true,2026-09-02T15:58:32+00:00
https://www.data.gov.uk/dataset/f269e0dc-929a-4f41-bba4-7cfe07f790b0/monthly_figures_on_deaths_registered_by_area_of_usual_residence_england_and_wales,f269e0dc-929a-4f41-bba4-7cfe07f790b0,monthly_figures_on_deaths_registered_by_area_of_usual_residence_england_and_wales,2011-12-11,2015-06-24,,9b700945-da82-470c-913c-e1cca43400a6,http://www.ons.gov.uk/ons/dcp19975_231302.xml,2013-10-01,,2013-10-01,office-for-national-statistics,d5b50862-3f2a-4b7b-ad85-841b6def43be,404,NOT_FOUND,HTTP 404,,,,,true,2026-09-02T15:58:33+00:00
https://www.data.gov.uk/dataset/f36d682e-44e1-455e-8f5b-663393bad665/public_and_private_sector_earnings,f36d682e-44e1-455e-8f5b-663393bad665,public_and_private_sector_earnings,2011-12-11,2018-11-02,,af960095-b26f-4996-b99f-eec6e61769bf,http://www.ons.gov.uk/ons/dcp19975_227745.xml,2013-03-12,,2013-03-12,office-for-national-statistics,d5b50862-3f2a-4b7b-ad85-841b6def43be,404,NOT_FOUND,HTTP 404,,,,,true,2026-09-02T15:58:34+00:00
https://www.data.gov.uk/dataset/f36d682e-44e1-455e-8f5b-663393bad665/public_and_private_sector_earnings,f36d682e-44e1-455e-8f5b-663393bad665,public_and_private_sector_earnings,2011-12-11,2018-11-02,,4c72350b-a44f-4ac2-8e28-d67f7aa8d0b8,http://www.ons.gov.uk/ons/dcp19975_353779.xml,2014-02-28,,2014-02-28,office-for-national-statistics,d5b50862-3f2a-4b7b-ad85-841b6def43be,404,NOT_FOUND,HTTP 404,,,,,true,2026-09-02T15:58:35+00:00
https://www.data.gov.uk/dataset/f269e0dc-929a-4f41-bba4-7cfe07f790b0/monthly_figures_on_deaths_registered_by_area_of_usual_residence_england_and_wales,f269e0dc-929a-4f41-bba4-7cfe07f790b0,monthly_figures_on_deaths_registered_by_area_of_usual_residence_england_and_wales,2011-12-11,2015-06-24,,d1e4c4b7-23f6-40bf-a126-5f505ff34155,http://www.ons.gov.uk/ons/rel/vsob2/monthly-figures-on-deaths-registered-by-area-of-usual-residence--england-and-wales/may-2015--provisional-/index.html,2015-06-24,,2015-06-24,office-for-national-statistics,d5b50862-3f2a-4b7b-ad85-841b6def43be,404,NOT_FOUND,HTTP 404,,,,,true,2026-09-02T15:58:35+00:00
https://www.data.gov.uk/dataset/f269e0dc-929a-4f41-bba4-7cfe07f790b0/monthly_figures_on_deaths_registered_by_area_of_usual_residence_england_and_wales,f269e0dc-929a-4f41-bba4-7cfe07f790b0,monthly_figures_on_deaths_registered_by_area_of_usual_residence_england_and_wales,2011-12-11,2015-06-24,,91d47d3e-25f8-4657-a817-009cab7a19f7,http://www.ons.gov.uk/ons/dcp19975_299905.xml,2014-07-22,,2014-07-22,office-for-national-statistics,d5b50862-3f2a-4b7b-ad85-841b6def43be,404,NOT_FOUND,HTTP 404,,,,,true,2026-09-02T15:58:36+00:00
https://www.data.gov.uk/dataset/f269e0dc-929a-4f41-bba4-7cfe07f790b0/monthly_figures_on_deaths_registered_by_area_of_usual_residence_england_and_wales,f269e0dc-929a-4f41-bba4-7cfe07f790b0,monthly_figures_on_deaths_registered_by_area_of_usual_residence_england_and_wales,2011-12-11,2015-06-24,,293d54e0-b4c8-4ac9-9aba-306819a1e02e,http://www.ons.gov.uk/ons/rel/vsob2/monthly-figures-on-deaths-registered-by-area-of-usual-residence--england-and-wales/march-2015--provisional-/index.html,2015-05-01,,2015-05-01,office-for-national-statistics,d5b50862-3f2a-4b7b-ad85-841b6def43be,404,NOT_FOUND,HTTP 404,,,,,true,2026-09-02T15:58:36+00:00
https://www.data.gov.uk/dataset/f269e0dc-929a-4f41-bba4-7cfe07f790b0/monthly_figures_on_deaths_registered_by_area_of_usual_residence_england_and_wales,f269e0dc-929a-4f41-bba4-7cfe07f790b0,monthly_figures_on_deaths_registered_by_area_of_usual_residence_england_and_wales,2011-12-11,2015-06-24,,7ce7754d-105e-4c5a-87e8-eba8da501a8f,http://www.ons.gov.uk/ons/dcp19975_283749.xml,2013-03-08,,2013-03-08,office-for-national-statistics,d5b50862-3f2a-4b7b-ad85-841b6def43be,404,NOT_FOUND,HTTP 404,,,,,true,2026-09-02T15:58:36+00:00
https://www.data.gov.uk/dataset/f269e0dc-929a-4f41-bba4-7cfe07f790b0/monthly_figures_on_deaths_registered_by_area_of_usual_residence_england_and_wales,f269e0dc-929a-4f41-bba4-7cfe07f790b0,monthly_figures_on_deaths_registered_by_area_of_usual_residence_england_and_wales,2011-12-11,2015-06-24,,48ea06a6-ed38-4b00-85a2-52bc33875d69,http://www.ons.gov.uk/ons/dcp19975_283633.xml,2013-03-08,,2013-03-08,office-for-national-statistics,d5b50862-3f2a-4b7b-ad85-841b6def43be,404,NOT_FOUND,HTTP 404,,,,,true,2026-09-02T15:58:37+00:00
https://www.data.gov.uk/dataset/f269e0dc-929a-4f41-bba4-7cfe07f790b0/monthly_figures_on_deaths_registered_by_area_of_usual_residence_england_and_wales,f269e0dc-929a-4f41-bba4-7cfe07f790b0,monthly_figures_on_deaths_registered_by_area_of_usual_residence_england_and_wales,2011-12-11,2015-06-24,,25ee43b9-aa69-4e9d-ad69-b538ad996a1a,http://www.ons.gov.uk/ons/dcp19975_285342.xml,2013-05-30,,2013-05-30,office-for-national-statistics,d5b50862-3f2a-4b7b-ad85-841b6def43be,404,NOT_FOUND,HTTP 404,,,,,true,2026-09-02T15:58:37+00:00
https://www.data.gov.uk/dataset/f269e0dc-929a-4f41-bba4-7cfe07f790b0/monthly_figures_on_deaths_registered_by_area_of_usual_residence_england_and_wales,f269e0dc-929a-4f41-bba4-7cfe07f790b0,monthly_figures_on_deaths_registered_by_area_of_usual_residence_england_and_wales,2011-12-11,2015-06-24,,92f3ac76-68d1-4e8e-a39d-c47dccb71cb5,http://www.ons.gov.uk/ons/dcp19975_285348.xml,2013-10-01,,2013-10-01,office-for-national-statistics,d5b50862-3f2a-4b7b-ad85-841b6def43be,404,NOT_FOUND,HTTP 404,,,,,true,2026-09-02T15:58:38+00:00
https://www.data.gov.uk/dataset/f2fd6746-3298-46d8-a393-3805cb07d431/general_lifestyle_survey,f2fd6746-3298-46d8-a393-3805cb07d431,general_lifestyle_survey,2011-12-11,2014-04-26,,0b86f175-b5c4-4046-9c0b-ffab5614d973,http://www.ons.gov.uk/ons/dcp19975_226904.xml,2013-09-01,,2013-09-01,office-for-national-statistics,d5b50862-3f2a-4b7b-ad85-841b6def43be,404,NOT_FOUND,HTTP 404,,,,,true,2026-09-02T15:58:39+00:00
https://www.data.gov.uk/dataset/f269e0dc-929a-4f41-bba4-7cfe07f790b0/monthly_figures_on_deaths_registered_by_area_of_usual_residence_england_and_wales,f269e0dc-929a-4f41-bba4-7cfe07f790b0,monthly_figures_on_deaths_registered_by_area_of_usual_residence_england_and_wales,2011-12-11,2015-06-24,,57bf7179-6cae-4cb7-9c46-615fdf5933e3,http://www.ons.gov.uk/ons/dcp19975_249262.xml,2013-03-11,,2013-03-11,office-for-national-statistics,d5b50862-3f2a-4b7b-ad85-841b6def43be,404,NOT_FOUND,HTTP 404,,,,,true,2026-09-02T15:58:40+00:00
https://www.data.gov.uk/dataset/f269e0dc-929a-4f41-bba4-7cfe07f790b0/monthly_figures_on_deaths_registered_by_area_of_usual_residence_england_and_wales,f269e0dc-929a-4f41-bba4-7cfe07f790b0,monthly_figures_on_deaths_registered_by_area_of_usual_residence_england_and_wales,2011-12-11,2015-06-24,,d6852b0b-2cbc-4d43-b57c-d3fbe435c42f,http://www.ons.gov.uk/ons/dcp19975_249254.xml,2013-03-11,,2013-03-11,office-for-national-statistics,d5b50862-3f2a-4b7b-ad85-841b6def43be,404,NOT_FOUND,HTTP 404,,,,,true,2026-09-02T15:58:41+00:00
https://www.data.gov.uk/dataset/f269e0dc-929a-4f41-bba4-7cfe07f790b0/monthly_figures_on_deaths_registered_by_area_of_usual_residence_england_and_wales,f269e0dc-929a-4f41-bba4-7cfe07f790b0,monthly_figures_on_deaths_registered_by_area_of_usual_residence_england_and_wales,2011-12-11,2015-06-24,,f3ebb62d-ed03-4eae-bda2-8a71e8db9ff2,http://www.ons.gov.uk/ons/rel/vsob2/monthly-figures-on-deaths-registered-by-area-of-usual-residence--england-and-wales/november-2014--provisional-/index.html,2014-12-23,,2014-12-23,office-for-national-statistics,d5b50862-3f2a-4b7b-ad85-841b6def43be,404,NOT_FOUND,HTTP 404,,,,,true,2026-09-02T15:58:41+00:00
https://www.data.gov.uk/dataset/f2e57e5c-b328-488b-b7f3-6bf78d25eb9a/death_registrations_summary_tables_england_and_wales,f2e57e5c-b328-488b-b7f3-6bf78d25eb9a,death_registrations_summary_tables_england_and_wales,2011-12-11,2017-07-21,,54ee51a3-f1e4-477f-b6a4-58502a77d884,http://www.ons.gov.uk/ons/dcp19975_227640.xml,2013-03-12,,2013-03-12,office-for-national-statistics,d5b50862-3f2a-4b7b-ad85-841b6def43be,404,NOT_FOUND,HTTP 404,,,,,true,2026-09-02T15:58:41+00:00
https://www.data.gov.uk/dataset/f269e0dc-929a-4f41-bba4-7cfe07f790b0/monthly_figures_on_deaths_registered_by_area_of_usual_residence_england_and_wales,f269e0dc-929a-4f41-bba4-7cfe07f790b0,monthly_figures_on_deaths_registered_by_area_of_usual_residence_england_and_wales,2011-12-11,2015-06-24,,e28e4745-c1f0-4c65-bdd6-eefdee9f4296,http://www.ons.gov.uk/ons/dcp19975_299857.xml,2014-03-10,,2014-03-10,office-for-national-statistics,d5b50862-3f2a-4b7b-ad85-841b6def43be,404,NOT_FOUND,HTTP 404,,,,,true,2026-09-02T15:58:42+00:00
https://www.data.gov.uk/dataset/f269e0dc-929a-4f41-bba4-7cfe07f790b0/monthly_figures_on_deaths_registered_by_area_of_usual_residence_england_and_wales,f269e0dc-929a-4f41-bba4-7cfe07f790b0,monthly_figures_on_deaths_registered_by_area_of_usual_residence_england_and_wales,2011-12-11,2015-06-24,,8a56378d-e496-4b6e-92ea-7fb75e96c516,http://www.ons.gov.uk/ons/dcp19975_285358.xml,2014-01-03,,2014-01-03,office-for-national-statistics,d5b50862-3f2a-4b7b-ad85-841b6def43be,404,NOT_FOUND,HTTP 404,,,,,true,2026-09-02T15:58:43+00:00
https://www.data.gov.uk/dataset/f269e0dc-929a-4f41-bba4-7cfe07f790b0/monthly_figures_on_deaths_registered_by_area_of_usual_residence_england_and_wales,f269e0dc-929a-4f41-bba4-7cfe07f790b0,monthly_figures_on_deaths_registered_by_area_of_usual_residence_england_and_wales,2011-12-11,2015-06-24,,9481e364-7551-43d7-ae24-9a1608a17d2b,http://www.ons.gov.uk/ons/dcp19975_249258.xml,2013-03-11,,2013-03-11,office-for-national-statistics,d5b50862-3f2a-4b7b-ad85-841b6def43be,404,NOT_FOUND,HTTP 404,,,,,true,2026-09-02T15:58:43+00:00
https://www.data.gov.uk/dataset/f269e0dc-929a-4f41-bba4-7cfe07f790b0/monthly_figures_on_deaths_registered_by_area_of_usual_residence_england_and_wales,f269e0dc-929a-4f41-bba4-7cfe07f790b0,monthly_figures_on_deaths_registered_by_area_of_usual_residence_england_and_wales,2011-12-11,2015-06-24,,a4483439-0c11-495b-984d-f6c78061897b,http://www.ons.gov.uk/ons/dcp19975_285360.xml,2014-02-10,,2014-02-10,office-for-national-statistics,d5b50862-3f2a-4b7b-ad85-841b6def43be,404,NOT_FOUND,HTTP 404,,,,,true,2026-09-02T15:58:43+00:00
https://www.data.gov.uk/dataset/f269e0dc-929a-4f41-bba4-7cfe07f790b0/monthly_figures_on_deaths_registered_by_area_of_usual_residence_england_and_wales,f269e0dc-929a-4f41-bba4-7cfe07f790b0,monthly_figures_on_deaths_registered_by_area_of_usual_residence_england_and_wales,2011-12-11,2015-06-24,,1d35f9bd-d9e7-4779-9a78-09b6f91f4741,http://www.ons.gov.uk/ons/dcp19975_299871.xml,2014-06-24,,2014-06-24,office-for-national-statistics,d5b50862-3f2a-4b7b-ad85-841b6def43be,404,NOT_FOUND,HTTP 404,,,,,true,2026-09-02T15:58:43+00:00
https://www.data.gov.uk/dataset/f269e0dc-929a-4f41-bba4-7cfe07f790b0/monthly_figures_on_deaths_registered_by_area_of_usual_residence_england_and_wales,f269e0dc-929a-4f41-bba4-7cfe07f790b0,monthly_figures_on_deaths_registered_by_area_of_usual_residence_england_and_wales,2011-12-11,2015-06-24,,88dd8622-692e-407d-b061-633634209f1e,http://www.ons.gov.uk/ons/dcp19975_285352.xml,2013-10-22,,2013-10-22,office-for-national-statistics,d5b50862-3f2a-4b7b-ad85-841b6def43be,404,NOT_FOUND,HTTP 404,,,,,true,2026-09-02T15:58:44+00:00
https://www.data.gov.uk/dataset/f269e0dc-929a-4f41-bba4-7cfe07f790b0/monthly_figures_on_deaths_registered_by_area_of_usual_residence_england_and_wales,f269e0dc-929a-4f41-bba4-7cfe07f790b0,monthly_figures_on_deaths_registered_by_area_of_usual_residence_england_and_wales,2011-12-11,2015-06-24,,35e8033c-e05b-4ed5-8522-60783866fe5b,http://www.ons.gov.uk/ons/rel/vsob2/monthly-figures-on-deaths-registered-by-area-of-usual-residence--england-and-wales/december-2014--provisional-/index.html,2015-01-28,,2015-01-28,office-for-national-statistics,d5b50862-3f2a-4b7b-ad85-841b6def43be,404,NOT_FOUND,HTTP 404,,,,,true,2026-09-02T15:58:44+00:00
https://www.data.gov.uk/dataset/f269e0dc-929a-4f41-bba4-7cfe07f790b0/monthly_figures_on_deaths_registered_by_area_of_usual_residence_england_and_wales,f269e0dc-929a-4f41-bba4-7cfe07f790b0,monthly_figures_on_deaths_registered_by_area_of_usual_residence_england_and_wales,2011-12-11,2015-06-24,,ff66c5b3-4260-47c0-aeab-4aaebe8a5dd7,http://www.ons.gov.uk/ons/dcp19975_283708.xml,2013-03-08,,2013-03-08,office-for-national-statistics,d5b50862-3f2a-4b7b-ad85-841b6def43be,404,NOT_FOUND,HTTP 404,,,,,true,2026-09-02T15:58:44+00:00
https://www.data.gov.uk/dataset/f269e0dc-929a-4f41-bba4-7cfe07f790b0/monthly_figures_on_deaths_registered_by_area_of_usual_residence_england_and_wales,f269e0dc-929a-4f41-bba4-7cfe07f790b0,monthly_figures_on_deaths_registered_by_area_of_usual_residence_england_and_wales,2011-12-11,2015-06-24,,539a7672-1770-4fdb-8075-0c11aa4c36c8,http://www.ons.gov.uk/ons/dcp19975_285338.xml,2013-03-26,,2013-03-26,office-for-national-statistics,d5b50862-3f2a-4b7b-ad85-841b6def43be,404,NOT_FOUND,HTTP 404,,,,,true,2026-09-02T15:58:44+00:00
https://www.data.gov.uk/dataset/f2e57e5c-b328-488b-b7f3-6bf78d25eb9a/death_registrations_summary_tables_england_and_wales,f2e57e5c-b328-488b-b7f3-6bf78d25eb9a,death_registrations_summary_tables_england_and_wales,2011-12-11,2017-07-21,,40e52f60-3e3f-47d4-8a09-a491b7228262,http://www.ons.gov.uk/ons/dcp19975_262989.xml,2013-10-01,,2013-10-01,office-for-national-statistics,d5b50862-3f2a-4b7b-ad85-841b6def43be,404,NOT_FOUND,HTTP 404,,,,,true,2026-09-02T15:58:45+00:00
